t,x,y,z,stroke_id,force_n,requested_down,color,color_name
3.7799999999998053,0.1600265438912577,-0.00829899505438522,0.21826712187109587,1,0.0038801847340862207,True,0,gold
3.799999999999803,0.16004263517728312,-0.008173503278144806,0.21802347172451803,1,0.0071655897162802105,True,0,gold
3.819999999999801,0.16006000329968642,-0.008019129062209817,0.21788280458680484,1,0.008549914637193021,True,0,gold
3.8399999999997987,0.1600775698203286,-0.007850638981808279,0.2178380248498048,1,0.008985142525339123,True,0,gold
3.8599999999997965,0.16008505084169883,-0.007673381661715514,0.2178715712520801,1,0.008699210333201719,True,0,gold
3.8799999999997943,0.16008232730415156,-0.007490945217685811,0.21796225860638463,1,0.007797682655948568,True,0,gold
3.899999999999792,0.16007299031031225,-0.007307210196173563,0.2180796179833556,1,0.0065063565773709675,True,0,gold
3.91999999999979,0.1600603290769902,-0.007124337888427421,0.21819436667995526,1,0.005440361968719062,True,0,gold
3.9399999999997877,0.1600560243030566,-0.0069392614250667435,0.21829899237854186,1,0.005519784496821368,True,0,gold
3.9599999999997855,0.16005565244161263,-0.006755351998806373,0.21833700599866207,1,0.005803216279887963,True,0,gold
3.9799999999997833,0.16005410283608823,-0.006589155366347616,0.21835023894282082,1,0.005363143063699305,True,0,gold
3.999999999999781,0.1600501403299272,-0.006428795697832118,0.21836555388714007,1,0.0047542962847304535,True,0,gold
4.019999999999779,0.16004870725088527,-0.006260483930214426,0.2183763709230538,1,0.004955939525939092,True,0,gold
4.039999999999777,0.1600478695913337,-0.006098023302338255,0.2183527674821969,1,0.00502457585907548,True,0,gold
4.059999999999775,0.16004569693184495,-0.005931908402066862,0.2183093083435259,1,0.004691206661706397,True,0,gold
4.079999999999773,0.16004653905039543,-0.0057633051146986905,0.21827274078318473,1,0.005183370756918507,True,0,gold
4.0999999999997705,0.16004783433625713,-0.005597744308163418,0.21823534638651182,1,0.005124501999559084,True,0,gold
4.119999999999768,0.16004842552847592,-0.005425120627597144,0.21820944346210353,1,0.005213460344439946,True,0,gold
4.139999999999766,0.16004861150483868,-0.005259964032980144,0.21819693949084626,1,0.005128414341390923,True,0,gold
4.159999999999764,0.16004854724708834,-0.005094362473202485,0.21819124725377526,1,0.005350278844729303,True,0,gold
4.179999999999762,0.16004921434163333,-0.004925659464807088,0.21818501633049234,1,0.0051813448183467906,True,0,gold
4.1999999999997595,0.1600496326752305,-0.004753430419106363,0.2181761151233861,1,0.005213624442157943,True,0,gold
4.219999999999757,0.16005083769865694,-0.004590344579650772,0.21816827403259317,1,0.005379118637909705,True,0,gold
4.239999999999755,0.16005214679243976,-0.004422370363886452,0.21815788166451452,1,0.005578889519252225,True,0,gold
4.259999999999753,0.16005228302554217,-0.0042555470886240674,0.2181442236884072,1,0.005392324099288297,True,0,gold
4.279999999999751,0.1600540582172507,-0.0040908002574571575,0.21813880662262053,1,0.005642534512195604,True,0,gold
4.2999999999997485,0.16005676716282397,-0.003926810568057386,0.218133050163394,1,0.0059606955071803336,True,0,gold
4.319999999999746,0.16005670565592572,-0.0037598425552903343,0.21812777701842032,1,0.0058878847279949485,True,0,gold
4.339999999999744,0.1600580746059752,-0.003594984856208468,0.21813686995264045,1,0.0059181857110500525,True,0,gold
4.359999999999742,0.1600598125725942,-0.0034289225044472054,0.21814971430747718,1,0.006149072779017097,True,0,gold
4.37999999999974,0.16005940496730353,-0.003258838440045076,0.21816047816576656,1,0.006059368431213688,True,0,gold
4.3999999999997375,0.16005945832605512,-0.0030946499740212093,0.21817498190385148,1,0.005947746327079282,True,0,gold
4.419999999999735,0.1600598671896683,-0.00292687843455248,0.2181876894183433,1,0.006073270860394936,True,0,gold
4.439999999999733,0.16005974324137492,-0.0027554260171410083,0.21819411212946868,1,0.006056278779155242,True,0,gold
4.459999999999731,0.1600597530666692,-0.0025937994989792264,0.21819926992439484,1,0.006102259027600034,True,0,gold
4.479999999999729,0.1600593125563084,-0.0024245298711846387,0.2182036608112338,1,0.005991914615944102,True,0,gold
4.499999999999726,0.16005970953730764,-0.0022549501422510793,0.21820589034224408,1,0.006045782046417107,True,0,gold
4.519999999999724,0.1600608067643277,-0.0020896167263486664,0.21820587641550498,1,0.006219821098255886,True,0,gold
4.539999999999722,0.16005957558372838,-0.0019222462565510901,0.21820388723544368,1,0.006377427750088161,True,0,gold
4.55999999999972,0.1600604207357781,-0.0017556132561518311,0.21820709018733522,1,0.006086717770435555,True,0,gold
4.579999999999718,0.16006157967630744,-0.001589125181214879,0.21820473825227543,1,0.00627429734154509,True,0,gold
4.599999999999715,0.16006032255795855,-0.0014235688172420202,0.21820154853575333,1,0.005953079127770648,True,0,gold
4.619999999999713,0.16006072633236812,-0.0012568194217170237,0.21820185109087398,1,0.006418718880788149,True,0,gold
4.639999999999711,0.16006211102804127,-0.0010886156583746326,0.2181962922223531,1,0.0063338050724610255,True,0,gold
4.659999999999709,0.16006094218605926,-0.00092323211695735,0.21819061372798393,1,0.006338667117903472,True,0,gold
4.679999999999707,0.16006117188021807,-0.0007535647793966618,0.21818982869148704,1,0.006140325296563783,True,0,gold
4.699999999999704,0.16006225900919424,-0.0005859797780106089,0.2181858634231203,1,0.006340185562961284,True,0,gold
4.719999999999702,0.16006133767251574,-0.00042202430688640145,0.21817987953344348,1,0.006064025715653143,True,0,gold
4.7399999999997,0.16006133191093946,-0.0002522785944889618,0.21818018942636125,1,0.006172474775595348,True,0,gold
4.759999999999698,0.16006153196130113,-7.912455321134659e-05,0.2181773372123076,1,0.006313424626785409,True,0,gold
4.779999999999696,0.16006154863130206,8.025030716960025e-05,0.21817272937168586,1,0.006100049160482772,True,0,gold
4.799999999999693,0.16006139914035167,0.000250896856458439,0.21817296331547825,1,0.006209862331630476,True,0,gold
4.819999999999691,0.16006168048181202,0.0004227121786240348,0.21817214125090972,1,0.0062524240721911215,True,0,gold
4.839999999999689,0.16006185747075094,0.000582035919812406,0.21817208233715485,1,0.006157932392526231,True,0,gold
4.859999999999687,0.1600612250152042,0.0007555367585672133,0.2181753071372723,1,0.0063398282349945425,True,0,gold
4.879999999999685,0.16006211544828752,0.0009207378853640286,0.21818058966715823,1,0.006319753319658491,True,0,gold
4.899999999999682,0.1600620356356354,0.0010844505398904625,0.21818305588302705,1,0.006223688897313153,True,0,gold
4.91999999999968,0.16006176334965394,0.0012551324447541811,0.21818703221823468,1,0.006217504072275266,True,0,gold
4.939999999999678,0.16006220075659017,0.0014051321189962088,0.21819099735380618,1,0.0062208031887928455,True,0,gold
4.959999999999676,0.1600580745019199,0.0015253721831058249,0.2181591543569443,1,0.0050568793838306455,False,0,gold
4.979999999999674,0.1600359988354243,0.0016088362404081433,0.21801871233788592,1,0.001865156696735354,False,0,gold
4.999999999999671,0.1600296397189464,0.001621352807325479,0.21798227046112162,1,0.00037091602782086903,False,0,gold
6.079999999999552,0.16005200186562824,0.005032476089678049,0.21938425091360123,2,0.005645133372883312,True,0,gold
6.09999999999955,0.16006726831601206,0.004973726095877915,0.21931335638014007,2,0.008725288183572714,True,0,gold
6.119999999999548,0.16008518428998758,0.004872723252782934,0.21926645367791445,2,0.010062629112531961,True,0,gold
6.139999999999546,0.16009841348459447,0.004734648710559294,0.21926241796851362,2,0.010373227732623098,True,0,gold
6.159999999999544,0.16010113880839547,0.004568429254781747,0.21930856873991764,2,0.009849641382085201,True,0,gold
6.179999999999541,0.16009507397196865,0.004385139515818738,0.219393808962347,2,0.008708769781638016,True,0,gold
6.199999999999539,0.16008391352519283,0.004194293611452017,0.21949453402334462,2,0.0073339986025794295,True,0,gold
6.219999999999537,0.16007019483046014,0.004002537340069737,0.21959005632510262,2,0.005885417677669531,True,0,gold
6.239999999999535,0.1600622810901729,0.003799359954805342,0.21968679812907432,2,0.006157958637442515,True,0,gold
6.259999999999533,0.16005917528063301,0.0036183321825203982,0.21973115511262392,2,0.00585815182347045,True,0,gold
6.27999999999953,0.16005547724128322,0.0034503508202861875,0.21975034757283413,2,0.005399693255996639,True,0,gold
6.299999999999528,0.16005347971665757,0.0032862464580055337,0.2197624927081596,2,0.005217462759312609,True,0,gold
6.319999999999526,0.16005236790469574,0.0031239592949169333,0.21976800494749413,2,0.005261032413304568,True,0,gold
6.339999999999524,0.1600502244082989,0.0029606563447221908,0.2197559266132379,2,0.005209055454318075,True,0,gold
6.359999999999522,0.16004963485924345,0.0027995714354951957,0.2197265805964473,2,0.0054066050088777615,True,0,gold
6.379999999999519,0.16005132153046348,0.002637052609404185,0.21968482959446214,2,0.005790969721191282,True,0,gold
6.399999999999517,0.16005465126533328,0.002473184449221522,0.21963438834355134,2,0.005950123583791018,True,0,gold
6.419999999999515,0.16005648669409034,0.0023107413235333493,0.21958412985943981,2,0.0060918300662103535,True,0,gold
6.439999999999513,0.16005993242508526,0.002149313920410033,0.2195443804617413,2,0.006320870896527207,True,0,gold
6.459999999999511,0.1600626864702005,0.0019829009768842095,0.21950626639205936,2,0.006664332279013138,True,0,gold
6.479999999999508,0.16006560351265714,0.0018283262691442205,0.2194700126932355,2,0.0067212825200972165,True,0,gold
6.499999999999506,0.16006783766250277,0.0016630504089605086,0.2194405056523072,2,0.007024051864112208,True,0,gold
6.519999999999504,0.16007085771327956,0.0014994408539843256,0.21941975755546506,2,0.007292482747363192,True,0,gold
6.539999999999502,0.16007272555078145,0.0013375250107122533,0.21941378616717166,2,0.007355581645602916,True,0,gold
6.5599999999995,0.16007408571221002,0.0011814083023752814,0.21942984121525588,2,0.007420563929581174,True,0,gold
6.579999999999497,0.16007370142999577,0.0010098516960036857,0.21946082009693216,2,0.0074548997216603114,True,0,gold
6.599999999999495,0.16007490371248617,0.0008474564927814326,0.21949751745702847,2,0.007469232650111988,True,0,gold
6.619999999999493,0.16007488513700358,0.0006845201484792908,0.2195265865550635,2,0.00737951561854693,True,0,gold
6.639999999999491,0.16007526806115202,0.0005165743860276625,0.21954956764306194,2,0.007422978435847008,True,0,gold
6.6599999999994886,0.16007416350269965,0.00035304757548528084,0.21956267452768582,2,0.0075416833164583435,True,0,gold
6.679999999999486,0.16007444932881532,0.0001848089295892539,0.2195720638384776,2,0.007298298249116825,True,0,gold
6.699999999999484,0.1600756396805253,2.0121371004154684e-05,0.21957615630317326,2,0.0075154443410220505,True,0,gold
6.719999999999482,0.16007479117356316,-0.00014404318581148445,0.21957232816696953,2,0.007262663886947006,True,0,gold
6.73999999999948,0.16007478212396695,-0.0003095152686751794,0.2195734567715422,2,0.007364193829842789,True,0,gold
6.7599999999994775,0.16007476874416357,-0.00047760696476374247,0.21957096965157138,2,0.007506611108580882,True,0,gold
6.779999999999475,0.16007552915147677,-0.0006376710542196229,0.21956420612202635,2,0.007424866955554043,True,0,gold
6.799999999999473,0.16007411187611026,-0.0008026923719440538,0.21955824959990333,2,0.007273875001936185,True,0,gold
6.819999999999471,0.16007477682590146,-0.0009655958565854048,0.21955621471827264,2,0.007645937122565645,True,0,gold
6.839999999999469,0.16007662982311605,-0.001130800227274373,0.21954926029968855,2,0.007654413834247505,True,0,gold
6.8599999999994665,0.16007639121777253,-0.001293380672515234,0.2195377151098017,2,0.007464136304150696,True,0,gold
6.879999999999464,0.160076235463825,-0.0014635496678810714,0.21953641502642138,2,0.00755180815301256,True,0,gold
6.899999999999462,0.1600762577751419,-0.0016251220377945788,0.21953767593890186,2,0.0075466043009977,True,0,gold
6.91999999999946,0.1600762951861514,-0.0017931662870800385,0.21954191220358008,2,0.007524217148731288,True,0,gold
6.939999999999458,0.16007589765763622,-0.00195364728900978,0.21954544665629203,2,0.007478425029248815,True,0,gold
6.9599999999994555,0.1600753498676919,-0.0021234631516062552,0.21955135506608256,2,0.007421824487108695,True,0,gold
6.979999999999453,0.16007544876693955,-0.002287548937314385,0.21955659201674202,2,0.007445559981093006,True,0,gold
6.999999999999451,0.1600750938467179,-0.0024515844468042565,0.21955896392611046,2,0.007376519721139163,True,0,gold
7.019999999999449,0.16007512587127798,-0.0026170303420139157,0.21956101184358184,2,0.007416348871642396,True,0,gold
7.039999999999447,0.1600750196078322,-0.0027789405716341564,0.21956060981193398,2,0.007362681919574216,True,0,gold
7.0599999999994445,0.16007503096203496,-0.002946375777233949,0.21956033775892583,2,0.007417108577407239,True,0,gold
7.079999999999442,0.16007522334986013,-0.0031066546921917383,0.21955849304056566,2,0.007383139501019753,True,0,gold
7.09999999999944,0.16007528664175386,-0.003275852459665504,0.21955718272017571,2,0.0074494740894562065,True,0,gold
7.119999999999438,0.1600755244756667,-0.003435813809685227,0.21955516028504501,2,0.007408283278942435,True,0,gold
7.139999999999436,0.1600755724047102,-0.003605101277551782,0.21955485649553372,2,0.0074721841584596636,True,0,gold
7.1599999999994335,0.16007553203884647,-0.003766489622066095,0.21955399283433033,2,0.007407540846896311,True,0,gold
7.179999999999431,0.16007570188817544,-0.00393487346123982,0.21955551305789908,2,0.007482888371952087,True,0,gold
7.199999999999429,0.16007569495512125,-0.004096022162894919,0.2195552802843509,2,0.007426589001724566,True,0,gold
7.219999999999427,0.16007590420512474,-0.004264291344885808,0.21955675889832338,2,0.007506436150402546,True,0,gold
7.239999999999425,0.16007535734227582,-0.004428421351349525,0.21955580078487225,2,0.007407542270237432,True,0,gold
7.2599999999994225,0.16007584199040248,-0.0045935746343746435,0.219558722811344,2,0.007499021533613247,True,0,gold
7.27999999999942,0.16007541006589354,-0.004757702153681305,0.2195579780087928,2,0.007429980185522767,True,0,gold
7.299999999999418,0.16007588982693965,-0.004921920993939891,0.21955985721602883,2,0.007516100408921529,True,0,gold
7.319999999999416,0.16007483973793643,-0.0050907174289632415,0.2195579588223358,2,0.007516731451345999,True,0,gold
7.339999999999414,0.16007602786507466,-0.005251238865691195,0.21956041867675266,2,0.007559815391461993,True,0,gold
7.3599999999994115,0.160076211209609,-0.005416290300577302,0.21955841728675088,2,0.007571555080847702,True,0,gold
7.379999999999409,0.16007684479480283,-0.005576428054694679,0.21955673304038847,2,0.007638226809482741,True,0,gold
7.399999999999407,0.1600761991558499,-0.005748797049060695,0.2195548472678115,2,0.007479772334223031,True,0,gold
7.419999999999405,0.1600757122632589,-0.005909208572893342,0.21955713837051477,2,0.007355564127294364,True,0,gold
7.439999999999403,0.16007545695128694,-0.00607830890341489,0.21956317915459622,2,0.00741486172344091,True,0,gold
7.4599999999994,0.16007513472412452,-0.006239055885865128,0.2195655353785884,2,0.007356240856106432,True,0,gold
7.479999999999398,0.16007505089415477,-0.006406680624765718,0.21956806202072182,2,0.007425954466719428,True,0,gold
7.499999999999396,0.16007421536937005,-0.0065736374485593505,0.2195662752485072,2,0.007342583991582913,True,0,gold
7.519999999999394,0.16007462850021073,-0.006733028462213193,0.21956714256843687,2,0.0074008376504580906,True,0,gold
7.539999999999392,0.1600738126127051,-0.0069051994022162385,0.21956580679783894,2,0.007262835455499163,True,0,gold
7.559999999999389,0.16007456867015007,-0.007060032488551462,0.21956589775530644,2,0.007299205024856483,True,0,gold
7.579999999999387,0.16007447469764202,-0.007232840433904406,0.21956496326894706,2,0.007388771047191268,True,0,gold
7.599999999999385,0.1600755721220558,-0.0073893244031864366,0.21956281674367445,2,0.007447538159586155,True,0,gold
7.619999999999383,0.16007500046440776,-0.007555272016362554,0.21955989782965013,2,0.0074403898212982295,True,0,gold
7.639999999999381,0.160074424730405,-0.007727809051290941,0.2195605600666581,2,0.00741341785167523,True,0,gold
7.659999999999378,0.16007484471048133,-0.007884895159236984,0.21956185695299932,2,0.007304179808190135,True,0,gold
7.679999999999376,0.16007412917398278,-0.008058404585741674,0.21956492219607596,2,0.007336754685984844,True,0,gold
7.699999999999374,0.16007464327742754,-0.008218584580162287,0.21956729092076632,2,0.007355373140863776,True,0,gold
7.719999999999372,0.1600742215465089,-0.008383160422298957,0.21956740729685884,2,0.0073726600628120946,True,0,gold
7.73999999999937,0.16007340233856776,-0.008556566244586436,0.2195674277159021,2,0.0072339366806662316,True,0,gold
7.759999999999367,0.16007431178205198,-0.00871128237399294,0.21956886829901384,2,0.007287524908802043,True,0,gold
7.779999999999365,0.16007397056843653,-0.008881896407966178,0.219569025871179,2,0.007354728852914282,True,0,gold
7.799999999999363,0.16007492466140158,-0.00904173081587273,0.21956803701188413,2,0.00743077817919988,True,0,gold
7.819999999999361,0.16007465950154004,-0.009202132063198818,0.21956348699531492,2,0.007301728767211755,True,0,gold
7.839999999999359,0.16007366838976905,-0.009375126990702276,0.21956440321373896,2,0.007294020955376432,True,0,gold
7.859999999999356,0.16007463930543547,-0.00953550515616205,0.2195675811222948,2,0.007386514220256423,True,0,gold
7.879999999999354,0.16007398999000105,-0.009698483826488087,0.2195653539444522,2,0.007235663447627157,True,0,gold
7.899999999999352,0.16007320687406013,-0.009873752453242698,0.21956811646878296,2,0.007478601575444324,True,0,gold
7.91999999999935,0.16007463810926292,-0.010030913283475402,0.21956907400039483,2,0.007388943071510954,True,0,gold
7.939999999999348,0.16007394998595714,-0.010193931380957545,0.21956600312338048,2,0.007230100746336557,True,0,gold
7.959999999999345,0.1600731582824076,-0.010368916112990758,0.21956930755375803,2,0.007470392740204582,True,0,gold
7.979999999999343,0.16007536689725466,-0.010509733920989492,0.21957044962283773,2,0.007353474836018313,True,0,gold
7.999999999999341,0.16007119968173927,-0.010626235663460909,0.2195333835521677,2,0.006253579386218661,False,0,gold
8.019999999999348,0.16005000234251343,-0.010719029683682633,0.2193918040995207,2,0.0032061986536915037,False,0,gold
8.039999999999354,0.16003437613864638,-0.010749057233636878,0.21929899411735262,2,0.0006453072532937507,False,0,gold
9.119999999999715,0.1600476509734484,-0.013085695516451435,0.22083940223492773,3,0.0061243121961447695,True,0,gold
9.139999999999722,0.16006762548558892,-0.013004836936014275,0.22076526027627,3,0.009220300278717486,True,0,gold
9.159999999999728,0.16009016073603793,-0.012908614429255096,0.22071519147313487,3,0.010678378844515921,True,0,gold
9.179999999999735,0.16010660750636124,-0.012793994355367011,0.22070225393224577,3,0.011165693929031746,True,0,gold
9.199999999999742,0.1601123030235665,-0.012658612253767297,0.2207234812125177,3,0.01087632366440988,True,0,gold
9.219999999999748,0.16010893526094028,-0.012505205290694271,0.22077204202802528,3,0.0099564173757898,True,0,gold
9.239999999999755,0.16009951070972656,-0.012337398012070584,0.22084659790342376,3,0.008727056754094022,True,0,gold
9.259999999999762,0.16008582662980397,-0.012159200339621994,0.22094579178010867,3,0.007243113452666513,True,0,gold
9.279999999999768,0.16006990418316297,-0.011974971549519304,0.2210605421244668,3,0.0057519676379380194,True,0,gold
9.299999999999775,0.16005428072377378,-0.011782641550083777,0.22117632624237624,3,0.005088486518920046,True,0,gold
9.319999999999782,0.16004718175506605,-0.011583912415713382,0.22127514534555803,3,0.00468343418389763,True,0,gold
9.339999999999788,0.16004258646471614,-0.011409908321832663,0.22129118848903737,3,0.004575334627757332,True,0,gold
9.359999999999795,0.16004121779260833,-0.01123821337418403,0.2212596798425893,3,0.004421057950506228,True,0,gold
9.379999999999802,0.16004147325612822,-0.01106911105081793,0.22119236691186178,3,0.004771581196701533,True,0,gold
9.399999999999809,0.16004321868604615,-0.01091108803937565,0.22111252469310042,3,0.004926229594702776,True,0,gold
9.419999999999815,0.16004522678741198,-0.010743952351839897,0.22104541729080673,3,0.005165145798401232,True,0,gold
9.439999999999822,0.1600473004214666,-0.01057646879953155,0.2210015650507657,3,0.005189869576205816,True,0,gold
9.459999999999829,0.16005034224310116,-0.01042575572708167,0.22098154719785387,3,0.005345443055803741,True,0,gold
9.479999999999835,0.16005138004847477,-0.010265991502807858,0.22097296861224486,3,0.005502941397641306,True,0,gold
9.499999999999842,0.16005222057996615,-0.010092640419962787,0.22096974316579676,3,0.005511748475551127,True,0,gold
9.519999999999849,0.16005209185142888,-0.009926398234646298,0.22096962450780896,3,0.005522976527043555,True,0,gold
9.539999999999855,0.16005415938236586,-0.009767368094119532,0.22097168376327284,3,0.005721286126713251,True,0,gold
9.559999999999862,0.16005491996420174,-0.009599373697071234,0.22096892520555092,3,0.005735200151293293,True,0,gold
9.579999999999869,0.16005578846612778,-0.009436511854386216,0.22097007941937014,3,0.005939310738978317,True,0,gold
9.599999999999875,0.16005823125712812,-0.00927123270333293,0.22096879234773523,3,0.006084253762968467,True,0,gold
9.619999999999882,0.16005886710915987,-0.009107480326955682,0.22096721943962247,3,0.006007226643070611,True,0,gold
9.639999999999889,0.16005821486328153,-0.008943681011859075,0.22097172479051436,3,0.006151278299362074,True,0,gold
9.659999999999895,0.16006012932542119,-0.008777530985998483,0.2209765273490506,3,0.006201352534095599,True,0,gold
9.679999999999902,0.16006141091961862,-0.008609797041966445,0.22097556594064513,3,0.006425223907757866,True,0,gold
9.699999999999909,0.16006249460214922,-0.008438494046468526,0.22097454858645832,3,0.006418437412830588,True,0,gold
9.719999999999915,0.16006429898178165,-0.008283781343278021,0.22097655746630485,3,0.006475382191045895,True,0,gold
9.739999999999922,0.16006441801504992,-0.00812628688274745,0.22097919402084237,3,0.006372165001169537,True,0,gold
9.759999999999929,0.16006427838478315,-0.007952931893365715,0.2209850192164433,3,0.0064807763894480916,True,0,gold
9.779999999999935,0.16006406597659145,-0.007788703880869264,0.22099065065103332,3,0.006430201794619141,True,0,gold
9.799999999999942,0.16006532671467671,-0.007623486746802673,0.22099629066102114,3,0.006642182689696005,True,0,gold
9.819999999999949,0.16006529812163595,-0.007455847247600797,0.22099753209395562,3,0.006548062214618686,True,0,gold
9.839999999999955,0.1600642947003328,-0.007290685319146085,0.22100216653800775,3,0.006750483798667982,True,0,gold
9.859999999999962,0.16006604156334409,-0.007126138294688891,0.2210108741246318,3,0.006675280073146673,True,0,gold
9.879999999999969,0.1600659593017904,-0.006962235723014102,0.22101062021589957,3,0.006569139402677087,True,0,gold
9.899999999999975,0.16006576413710966,-0.006788957233767948,0.22101440091753907,3,0.006622845977130517,True,0,gold
9.919999999999982,0.16006713971098546,-0.006631870175753382,0.22101647274363448,3,0.0067075726320575705,True,0,gold
9.939999999999989,0.16006656123520246,-0.006470384551689946,0.2210158388625786,3,0.006539556883291734,True,0,gold
9.959999999999996,0.16006543959141412,-0.00629791484167684,0.22101955404614476,3,0.006522324981087314,True,0,gold
9.980000000000002,0.16006533537489026,-0.006134641489186219,0.22102136847934487,3,0.0064998847044954984,True,0,gold
10.000000000000009,0.16006478909677835,-0.005971768476559033,0.22101740774152262,3,0.006533720415617401,True,0,gold
10.020000000000016,0.16006415510781372,-0.005796011230563271,0.22101180835732742,3,0.006431195419605643,True,0,gold
10.040000000000022,0.1600642806599615,-0.005636432122746416,0.22100698340538052,3,0.006394571385599243,True,0,gold
10.060000000000029,0.16006453984095065,-0.005467778842420854,0.2210036520726353,3,0.0065302275235992815,True,0,gold
10.080000000000036,0.16006391990661364,-0.005298926558515194,0.22099817821757864,3,0.006385204578725526,True,0,gold
10.100000000000042,0.16006394937773955,-0.005141504171237904,0.2209977599473135,3,0.006329919077856388,True,0,gold
10.120000000000049,0.1600644136346379,-0.004971331804052837,0.2209966405105745,3,0.0065068966521571155,True,0,gold
10.140000000000056,0.16006367104881136,-0.00480430052349254,0.22099308743675897,3,0.006336745403775879,True,0,gold
10.160000000000062,0.16006375592064895,-0.004638564458386291,0.22099702567336443,3,0.006469895038140049,True,0,gold
10.180000000000069,0.1600640442521496,-0.004473444820968408,0.22099651248663635,3,0.006432806310413025,True,0,gold
10.200000000000076,0.16006298353557527,-0.004308365685788215,0.2209946978883398,3,0.006218279393592233,True,0,gold
10.220000000000082,0.160062408706856,-0.004138629342496121,0.2209976466740697,3,0.006342911270473955,True,0,gold
10.240000000000089,0.16006285333832757,-0.003976666757992131,0.2209954139653018,3,0.006316278267303114,True,0,gold
10.260000000000096,0.16006204497602378,-0.003810228137678592,0.22099320484203216,3,0.006317115531505199,True,0,gold
10.280000000000102,0.16006224884627407,-0.0036380529926549597,0.220992409786793,3,0.00635745061360729,True,0,gold
10.300000000000109,0.1600629740164382,-0.003480430973302994,0.22098862231883887,3,0.006304922019003076,True,0,gold
10.320000000000116,0.16006242462567566,-0.0033117058092265,0.22098698203238587,3,0.006337191249243472,True,0,gold
10.340000000000122,0.160061679245107,-0.0031387193183688537,0.22098570728247538,3,0.006383237944156133,True,0,gold
10.360000000000129,0.1600627716931174,-0.002984815546537999,0.22098372159374757,3,0.006268292134808667,True,0,gold
10.380000000000136,0.16006281846596776,-0.0028125097785102688,0.2209813106927296,3,0.006396106007612675,True,0,gold
10.400000000000142,0.1600625921703237,-0.002645783043571199,0.22097936315970598,3,0.0063621000305133955,True,0,gold
10.42000000000015,0.16006335101600366,-0.0024913050580217724,0.22097846346507527,3,0.00629620707009021,True,0,gold
10.440000000000156,0.16006295009410815,-0.0023190908564966824,0.22097907480858403,3,0.006381725774618666,True,0,gold
10.460000000000163,0.16006204323962225,-0.002148513555634542,0.22097962658710277,3,0.00620841901024696,True,0,gold
10.48000000000017,0.16006278581698952,-0.001994158483717869,0.22098268605332275,3,0.0062442943817128975,True,0,gold
10.500000000000176,0.16006293729330479,-0.0018202992140695534,0.22098413844690926,3,0.006400494368992013,True,0,gold
10.520000000000183,0.16006224663285898,-0.0016519322778327486,0.2209845497790962,3,0.006227551358692192,True,0,gold
10.54000000000019,0.1600630382917572,-0.0014981282414780672,0.22098897565233133,3,0.006593812946788141,True,0,gold
10.560000000000196,0.16006332955213476,-0.0013232500503444309,0.22099061725776478,3,0.006441257172882053,True,0,gold
10.580000000000203,0.16006273027025902,-0.0011552101210574163,0.22098995269959953,3,0.006272319154180059,True,0,gold
10.60000000000021,0.1600638051767527,-0.0009994242634159876,0.22099466358526337,3,0.006507054798819948,True,0,gold
10.620000000000216,0.16006407606285977,-0.0008262430251086575,0.2209951839168701,3,0.006508949145645029,True,0,gold
10.640000000000223,0.16006351043981581,-0.0006588405506826254,0.22099352493849875,3,0.006335077472229091,True,0,gold
10.66000000000023,0.16006435928751994,-0.0005023771743029092,0.22099776273554367,3,0.006543937589481983,True,0,gold
10.680000000000236,0.16006459607841278,-0.0003297418843735081,0.22099784796887043,3,0.006547403328776027,True,0,gold
10.700000000000243,0.16006397078047524,-0.00016239331404722073,0.22099539512577285,3,0.006373279594199032,True,0,gold
10.72000000000025,0.16006459018957556,-4.86474797106168e-06,0.22099906556791987,3,0.006558625393733458,True,0,gold
10.740000000000256,0.16006485053808733,0.0001672361741482762,0.22099881116913744,3,0.006566522039424514,True,0,gold
10.760000000000263,0.1600642071009677,0.00033449268666568095,0.2209956596115198,3,0.006394866131685777,True,0,gold
10.78000000000027,0.1600641729467323,0.0004923015078084838,0.22099866837702625,3,0.0066736926598661,True,0,gold
10.800000000000276,0.16006468030457432,0.0006643786087528774,0.22100068754606897,3,0.006551275688147552,True,0,gold
10.820000000000283,0.1600640943861694,0.000831694023986531,0.22099759085458526,3,0.0064016115792218395,True,0,gold
10.84000000000029,0.16006395402548634,0.0009909122942961866,0.22099979173040213,3,0.006671167256405209,True,0,gold
10.860000000000296,0.16006474951538657,0.0011618692985988117,0.2210016792671508,3,0.0065692260439530505,True,0,gold
10.880000000000303,0.16006431714172303,0.0013287270556913448,0.2209976335486783,3,0.006433913988152565,True,0,gold
10.90000000000031,0.1600633676735982,0.0014926890899863738,0.22099829869415952,3,0.006320332637828787,True,0,gold
10.920000000000316,0.16006477816276501,0.001658463130856334,0.22100276395570637,3,0.006580295800109517,True,0,gold
10.940000000000323,0.1600646607655554,0.001824270740861916,0.22099757363205447,3,0.006498849808536283,True,0,gold
10.96000000000033,0.16006371156227903,0.0019898453532636654,0.22099525054798227,3,0.006758456980359154,True,0,gold
10.980000000000336,0.16006559676358972,0.0021552724709475875,0.2210018533132098,3,0.006671726564384748,True,0,gold
11.000000000000343,0.1600656941139001,0.002320156735418751,0.22099825392350345,3,0.006591638675929648,True,0,gold
11.02000000000035,0.16006472802157456,0.0024854954004664234,0.22099662386484206,3,0.0063790219370796816,True,0,gold
11.040000000000356,0.16006443672916013,0.002651616112897623,0.2210049169729935,3,0.00650489243144457,True,0,gold
11.060000000000363,0.16006450092328003,0.0028174763838823597,0.2210085976890965,3,0.006487464095933849,True,0,gold
11.08000000000037,0.16006358367303566,0.00298335687212822,0.22100576684547535,3,0.006313609085806183,True,0,gold
11.100000000000376,0.16006177643113317,0.003149764538660662,0.2210064261726799,3,0.006518301031680989,True,0,gold
11.120000000000383,0.1600630608997845,0.003316163908762142,0.2210143262870271,3,0.006417801587899642,True,0,gold
11.14000000000039,0.16006293822302697,0.003481834658176669,0.2210096256524692,3,0.006353625869707926,True,0,gold
11.160000000000396,0.16006212209287665,0.003647622703104313,0.2210051218605519,3,0.006390903583379714,True,0,gold
11.180000000000403,0.1600644397395936,0.0038119742118934157,0.2210049758693529,3,0.006619070516448977,True,0,gold
11.20000000000041,0.16006504104119057,0.003977440381668918,0.22099504502151485,3,0.006604058661754698,True,0,gold
11.220000000000416,0.16006475723018954,0.0041430045977388025,0.22098843630418596,3,0.006454242907919429,True,0,gold
11.240000000000423,0.16006375956791608,0.0043072657114350274,0.22099048305268235,3,0.006670500402300117,True,0,gold
11.26000000000043,0.16006522461437606,0.0044748529767434245,0.22099675776127164,3,0.006630064578680695,True,0,gold
11.280000000000436,0.1600651638366822,0.004641046650450057,0.22099409298205888,3,0.006554070276356958,True,0,gold
11.300000000000443,0.16006428552674906,0.00480713345987274,0.2209938046814658,3,0.006360465345713581,True,0,gold
11.32000000000045,0.16006334743010553,0.004971816619885389,0.22100068531047304,3,0.006439342055757107,True,0,gold
11.340000000000456,0.16006420497682544,0.005139229585952924,0.22100642204835885,3,0.006518594401094812,True,0,gold
11.360000000000463,0.16006394257665324,0.005305258182459341,0.22100243208399253,3,0.006429349581059768,True,0,gold
11.38000000000047,0.16006297089075094,0.0054711923706696145,0.221000501496852,3,0.006240844234842706,True,0,gold
11.400000000000476,0.1600630956055526,0.005633016782906325,0.22100629472039568,3,0.006429039353520767,True,0,gold
11.420000000000483,0.16006366800908267,0.005802207754507498,0.22100628446789075,3,0.006503061407599537,True,0,gold
11.44000000000049,0.16006362289269424,0.005968799088601021,0.22099949744378466,3,0.006422119286457824,True,0,gold
11.460000000000496,0.16006287561691562,0.006134879818012838,0.2209966008111846,3,0.006252061970885545,True,0,gold
11.480000000000503,0.16006383833537535,0.006275659319520895,0.22100057216920216,3,0.00624968575990991,True,0,gold
11.50000000000051,0.16006117008683593,0.006397646470953579,0.22096969082688134,3,0.005549183028897798,False,0,gold
11.520000000000516,0.16004195265704815,0.006484505408767401,0.22082495989248183,3,0.002750994159973132,False,0,gold
11.540000000000523,0.1600272084487659,0.006510178816014241,0.22073122599395711,3,0.00027645424236328003,False,0,gold
12.620000000000884,0.16005015610472004,0.0073019561620434135,0.2221891150091223,4,0.006165748219796576,True,0,gold
12.64000000000089,0.1600700150439492,0.0072499814627400615,0.22211617857604823,4,0.009344260843338099,True,0,gold
12.660000000000897,0.1600918590905064,0.007153947432209289,0.22206230173986632,4,0.010902740003862014,True,0,gold
12.680000000000904,0.16010767907818918,0.007019524010123185,0.2220469969610992,4,0.011460921558277383,True,0,gold
12.70000000000091,0.16011288990295597,0.006856228435466136,0.2220754764315214,4,0.011172669067415342,True,0,gold
12.720000000000917,0.16010917173024605,0.006675216314010604,0.22213889677220744,4,0.010197943739750887,True,0,gold
12.740000000000924,0.16010002593006514,0.0064859064208851215,0.2222206985050528,4,0.00893741751126607,True,0,gold
12.76000000000093,0.16008770769964187,0.006294661698776708,0.22230610862915792,4,0.007542650301030951,True,0,gold
12.780000000000937,0.16007386559959474,0.006105077400922944,0.22238923596363058,4,0.006191997383607152,True,0,gold
12.800000000000944,0.16006180766721256,0.0059045755818704065,0.22247285943424505,4,0.005951878316216336,True,0,gold
12.82000000000095,0.16005777598036042,0.005722445491283102,0.22253340329364418,4,0.005661334723298945,True,0,gold
12.840000000000957,0.1600540933615856,0.005552496819792483,0.22255739679683828,4,0.00528587307386492,True,0,gold
12.860000000000964,0.16005163125023114,0.005389780477728203,0.22257506912302472,4,0.005228093137920367,True,0,gold
12.88000000000097,0.16005061388157127,0.005227000440691887,0.2225782286802137,4,0.005144036668080803,True,0,gold
12.900000000000977,0.16004872962786426,0.005065380467295507,0.22256192475742884,4,0.004944806100419776,True,0,gold
12.920000000000984,0.16005022373889055,0.00490373989248731,0.2225344471891283,4,0.005361015282942552,True,0,gold
12.94000000000099,0.16005075156468332,0.004742225358101598,0.2224913617802421,4,0.005397168600527703,True,0,gold
12.960000000000997,0.1600521084358299,0.004569700963983876,0.22245406787656674,4,0.0056362335250326094,True,0,gold
12.980000000001004,0.16005503097554455,0.004412457548274685,0.22242334954830772,4,0.0058697961985318845,True,0,gold
13.00000000000101,0.16005705789637362,0.004255128298382938,0.22239433430700128,4,0.005961150185635236,True,0,gold
13.020000000001017,0.16005804491333242,0.004091532062964696,0.22236870092781438,4,0.006130419291450179,True,0,gold
13.040000000001024,0.16005955921080617,0.003917719043646371,0.2223436118110351,4,0.006238761544373429,True,0,gold
13.06000000000103,0.16006291508964343,0.00376477236393416,0.22231764068197868,4,0.006531127291242703,True,0,gold
13.080000000001037,0.16006537501523627,0.0035982695375836368,0.22228978930536222,4,0.006876322527286827,True,0,gold
13.100000000001044,0.16006773458576118,0.0034292198168152897,0.22226231933371512,4,0.007023321551038665,True,0,gold
13.12000000000105,0.1600702573645313,0.0032694642917309603,0.22224538265650845,4,0.0071867525034364265,True,0,gold
13.140000000001058,0.16007299130351832,0.0031167967312054124,0.2222441584293745,4,0.007321115783651202,True,0,gold
13.160000000001064,0.16007467930119473,0.002946954481206449,0.22225798098868305,4,0.007597954900482804,True,0,gold
13.18000000000107,0.1600757727997879,0.002778363232110186,0.22227715667926404,4,0.00759306668383737,True,0,gold
13.200000000001078,0.16007581599427329,0.0026129450629928477,0.2223011903853631,4,0.007438542502995889,True,0,gold
13.220000000001084,0.1600748290672665,0.002449860709360853,0.2223295397625889,4,0.007316274740410527,True,0,gold
13.240000000001091,0.16007545436447945,0.002287498724954477,0.22235686791548534,4,0.007485525663920968,True,0,gold
13.260000000001098,0.16007507844813995,0.0021189753111651656,0.222368918309729,4,0.007416162788758768,True,0,gold
13.280000000001104,0.16007415341052794,0.0019528053281232525,0.22237419929253613,4,0.007219551464299821,True,0,gold
13.300000000001111,0.16007408463836761,0.0017855490192364646,0.22238196724331677,4,0.007396707361880871,True,0,gold
13.320000000001118,0.16007492010025448,0.0016218612277421561,0.22238203829150358,4,0.007448493368202244,True,0,gold
13.340000000001124,0.16007468633270516,0.001457671604884252,0.2223786619692972,4,0.007340572037904895,True,0,gold
13.360000000001131,0.16007357543069173,0.0012928077270644794,0.2223786389837037,4,0.007463555425044504,True,0,gold
13.380000000001138,0.16007428709906196,0.001121211368609843,0.22238039412575414,4,0.007434119887202451,True,0,gold
13.400000000001144,0.1600753756009511,0.00096264949373012,0.22237446745064635,4,0.007471483156888969,True,0,gold
13.420000000001151,0.16007514009973522,0.0007996690502610991,0.2223679552441493,4,0.007371671368032407,True,0,gold
13.440000000001158,0.1600750152577901,0.000625770065159488,0.2223653425754288,4,0.007472480520479913,True,0,gold
13.460000000001164,0.1600747103460905,0.0004559750319641829,0.22236077265751153,4,0.007371021915856499,True,0,gold
13.480000000001171,0.16007606309729913,0.00030301076012649537,0.22235743148169787,4,0.007468516046090381,True,0,gold
13.500000000001178,0.16007574314103146,0.00014350127391231295,0.22235130067481615,4,0.007395805274935448,True,0,gold
13.520000000001184,0.16007562548969165,-3.0518260565107036e-05,0.2223481522261275,4,0.00753714846092347,True,0,gold
13.540000000001191,0.16007541440300985,-0.0002000264797477569,0.2223432139093683,4,0.007450084366433051,True,0,gold
13.560000000001198,0.16007628525474993,-0.00035728371504213565,0.2223435784799317,4,0.007502817774952138,True,0,gold
13.580000000001204,0.1600763574405607,-0.0005156200295208579,0.2223446384888937,4,0.007466189874471939,True,0,gold
13.600000000001211,0.1600764024870334,-0.0006898158819434667,0.22234883002440706,4,0.0076295175456652774,True,0,gold
13.620000000001218,0.1600763378506657,-0.0008597377502071755,0.2223501400023664,4,0.007549939413537318,True,0,gold
13.640000000001224,0.1600757229558821,-0.0010258507481990058,0.22235353500545849,4,0.00737946637876902,True,0,gold
13.660000000001231,0.1600764046323569,-0.001179004118234854,0.2223615843873308,4,0.007441693471661676,True,0,gold
13.680000000001238,0.16007649926728468,-0.0013488590089723348,0.22236642478604962,4,0.007631643656832027,True,0,gold
13.700000000001245,0.16007649377757033,-0.0015184775555489743,0.22236395355300234,4,0.007588975734956587,True,0,gold
13.720000000001251,0.1600760802733033,-0.001684731102334118,0.22236153051148286,4,0.0074403477212322405,True,0,gold
13.740000000001258,0.16007553797390456,-0.0018462663249157766,0.22236443870331735,4,0.007388871318820717,True,0,gold
13.760000000001265,0.16007611225572033,-0.002007268921457432,0.22236954208195708,4,0.007580621634771179,True,0,gold
13.780000000001271,0.16007628471057606,-0.0021785595154960808,0.22236710972152848,4,0.0076123798215160495,True,0,gold
13.800000000001278,0.1600762480557075,-0.002345226224042179,0.22236178681941252,4,0.007512577592661959,True,0,gold
13.820000000001285,0.1600754671190765,-0.002510680000578988,0.22236086701280422,4,0.007340512990879028,True,0,gold
13.840000000001291,0.1600754436916419,-0.0026675325860425147,0.22236662836752294,4,0.0073538405609083575,True,0,gold
13.860000000001298,0.16007611483461553,-0.0028370340508978354,0.2223706415065775,4,0.007617476289698834,True,0,gold
13.880000000001305,0.16007640697284567,-0.0030047228979161755,0.22236510017310543,4,0.007603916265313416,True,0,gold
13.900000000001311,0.16007626233909306,-0.0031705855074836034,0.222360409682333,4,0.007485442620397636,True,0,gold
13.920000000001318,0.16007527638409857,-0.003336049999882132,0.22236127023717042,4,0.007309085717563496,True,0,gold
13.940000000001325,0.16007535316345267,-0.003495201096029289,0.2223690355280642,4,0.0075073396456769095,True,0,gold
13.960000000001331,0.1600762629072913,-0.0036649246824928513,0.2223713597833175,4,0.007643618487993074,True,0,gold
13.980000000001338,0.16007669242556816,-0.003831093119424513,0.2223647161662635,4,0.00762221614488554,True,0,gold
14.000000000001345,0.16007653837821753,-0.003996384243190571,0.22236021183841104,4,0.007503880602814915,True,0,gold
14.020000000001351,0.16007552554323512,-0.004161641345887844,0.22236155407761285,4,0.007331004901523722,True,0,gold
14.040000000001358,0.16007477291642935,-0.004325345411669679,0.22236928102087214,4,0.0074661673504522325,True,0,gold
14.060000000001365,0.16007620004743078,-0.004491498750503184,0.22237431333935678,4,0.007634487139139749,True,0,gold
14.080000000001371,0.16007677544613566,-0.004656379681956516,0.22236781637797787,4,0.0076427719077442335,True,0,gold
14.100000000001378,0.1600767807233272,-0.0048212487022767135,0.22236207296005847,4,0.007546278644215567,True,0,gold
14.120000000001385,0.16007594451236415,-0.004986513584986276,0.2223618651669209,4,0.007387958167505733,True,0,gold
14.140000000001391,0.1600744090642451,-0.005152291086786797,0.2223672272227337,4,0.007200560954341627,True,0,gold
14.160000000001398,0.16007461511092347,-0.005318088202442836,0.2223801425443316,4,0.007449787506111627,True,0,gold
14.180000000001405,0.16007546356597496,-0.005482854601527162,0.22238181962334239,4,0.007556336514696527,True,0,gold
14.200000000001411,0.16007586594252843,-0.005647626367682733,0.22237419289107968,4,0.0075312626787591395,True,0,gold
14.220000000001418,0.16007562940227124,-0.005812772740330584,0.2223681302523537,4,0.007423746801452136,True,0,gold
14.240000000001425,0.16007466080731164,-0.005978385189528981,0.22236737073737026,4,0.007271569512139656,True,0,gold
14.260000000001432,0.16007316862666565,-0.006144422896875029,0.22237158134680185,4,0.0071043620760727995,True,0,gold
14.280000000001438,0.16007358124102916,-0.006310295193484786,0.22238281341406196,4,0.007384005040097179,True,0,gold
14.300000000001445,0.16007475443170732,-0.0064749460891222735,0.22238241112038426,4,0.007528943568321208,True,0,gold
14.320000000001452,0.16007555221956843,-0.006639521573125103,0.22237260006069137,4,0.007544829078706321,True,0,gold
14.340000000001458,0.16007574781748063,-0.006804417183481246,0.22236452719023814,4,0.0074766493941915155,True,0,gold
14.360000000001465,0.16007520318283372,-0.006969750436155379,0.22236219707952137,4,0.007358782227292278,True,0,gold
14.380000000001472,0.1600740833126576,-0.007135516784565168,0.2223654441207644,4,0.007217913048784633,True,0,gold
14.400000000001478,0.16007265743919202,-0.007301598947983664,0.22237221876574081,4,0.00707646968176508,True,0,gold
14.420000000001485,0.16007330959213575,-0.007467351894591081,0.22238426163090363,4,0.00738961822087008,True,0,gold
14.440000000001492,0.1600748357967568,-0.007631737302539587,0.2223831582327828,4,0.007573132862684222,True,0,gold
14.460000000001498,0.160076022765512,-0.007796051912586616,0.2223717510808517,4,0.007626398999286381,True,0,gold
14.480000000001505,0.1600766017750711,-0.007960721566995664,0.2223619139355371,4,0.007590005655305686,True,0,gold
14.500000000001512,0.16007639352763345,-0.008125867906215058,0.22235812845705083,4,0.0074953319728895285,True,0,gold
14.520000000001518,0.1600755240419056,-0.008291497265231897,0.22236054493020047,4,0.007366925830036326,True,0,gold
14.540000000001525,0.1600742344633361,-0.008457506140313667,0.22236726642982502,4,0.007225951604335801,True,0,gold
14.560000000001532,0.16007277540780096,-0.008623712544645093,0.2223757689492055,4,0.007091378839502737,True,0,gold
14.580000000001538,0.16007136969288488,-0.00878991340892693,0.22238373769885475,4,0.006979640787758557,True,0,gold
14.600000000001545,0.16007239634030843,-0.008944104409270381,0.2223907854454282,4,0.007185338884457163,True,0,gold
14.620000000001552,0.1600727942994114,-0.009106025770444124,0.2223865889514067,4,0.0072847516319386124,True,0,gold
14.640000000001558,0.16007316003505095,-0.009272845600199602,0.2223778812619786,4,0.007338128595039283,True,0,gold
14.660000000001565,0.16007354745598962,-0.009441605024233328,0.22237016622092173,4,0.0073646169193798666,True,0,gold
14.680000000001572,0.16007385156895365,-0.009610770788493723,0.22236543933309197,4,0.007376453074182088,True,0,gold
14.700000000001578,0.16007406671930757,-0.009779415704843588,0.22236375146760057,4,0.007380544633532818,True,0,gold
14.720000000001585,0.16007421996842236,-0.009947088117653784,0.2223643145700895,4,0.007381328010518834,True,0,gold
14.740000000001592,0.16007433553805703,-0.0101137106285086,0.22236613766519095,4,0.007381847871646071,True,0,gold
14.760000000001599,0.16007443120599846,-0.010279445099251137,0.22236835111436976,4,0.007384120603012097,True,0,gold
14.780000000001605,0.16007452093871577,-0.010444557983493205,0.22237033948690854,4,0.007389281179488662,True,0,gold
14.800000000001612,0.1600746161443462,-0.010609318322835608,0.22237176236788977,4,0.00739773569493879,True,0,gold
14.820000000001619,0.16007472517725269,-0.010773940022539615,0.22237251322810056,4,0.007409292365279136,True,0,gold
14.840000000001625,0.16007485210638384,-0.010938563295587584,0.22237265460450711,4,0.007423273780237834,True,0,gold
14.860000000001632,0.1600749958456377,-0.011103261734037868,0.2223723486796249,4,0.007438638746221983,True,0,gold
14.880000000001639,0.16007515002083794,-0.01126806106187328,0.22237179772618285,4,0.007454071648426967,True,0,gold
14.900000000001645,0.16007530385995689,-0.011432959239414635,0.22237119949194287,4,0.007468140086632181,True,0,gold
14.920000000001652,0.16007544375897714,-0.011597942760467739,0.2223707162536522,4,0.0074794270116373875,True,0,gold
14.940000000001659,0.16007555513638094,-0.01176299708899604,0.2223704628080658,4,0.007486659503513835,True,0,gold
14.960000000001665,0.16007562439851156,-0.01192811016895756,0.22237050207335932,4,0.0074888301009549555,True,0,gold
14.980000000001672,0.16007564065323393,-0.0120932730118317,0.22237084944535085,4,0.007485310118095523,True,0,gold
15.000000000001679,0.16007559680961428,-0.012258479534733753,0.22237148174108506,4,0.007475892414300818,True,0,gold
15.020000000001685,0.16007549041582045,-0.012423724243912873,0.22237234893172766,4,0.0074608202063115026,True,0,gold
15.040000000001692,0.16007532384544548,-0.012589000538069928,0.2223733818833163,4,0.007440758735509112,True,0,gold
15.060000000001699,0.16007510401897285,-0.012754300812995552,0.22237450184836652,4,0.00741674281736165,True,0,gold
15.080000000001705,0.16007484170362574,-0.012919616007896309,0.222375627985807,4,0.0073900623820257584,True,0,gold
15.100000000001712,0.16007455051014519,-0.01308493597818391,0.2223766856974447,4,0.007362159279486533,True,0,gold
15.120000000001719,0.16007424565246398,-0.013250250668543536,0.22237761286018354,4,0.0073345019095615825,True,0,gold
15.140000000001725,0.1600739426713242,-0.013415550864051702,0.22237836200899713,4,0.007308459090808382,True,0,gold
15.160000000001732,0.1600736561424416,-0.013580829735758592,0.22237890338612917,4,0.007285207821427813,True,0,gold
15.180000000001739,0.16007339855179703,-0.013746082681851303,0.22237922565694304,4,0.007265620957163783,True,0,gold
15.200000000001745,0.160073179447463,-0.013911307958975097,0.2223793358107151,4,0.007250249368719793,True,0,gold
15.220000000001752,0.1600730046952713,-0.014076506486858043,0.22237925784802318,4,0.0072392452991089555,True,0,gold
15.240000000001759,0.16007370437214272,-0.014225598067404062,0.22237841415748383,4,0.007210869277532391,True,0,gold
15.260000000001765,0.16007027636340745,-0.014344031530576968,0.2223421700127627,4,0.006280899260206349,False,0,gold
15.280000000001772,0.16005054641328484,-0.01443552473080208,0.22219951070241767,4,0.003402901331542686,False,0,gold
15.300000000001779,0.16003034879133707,-0.014471653466846921,0.22207495382063652,4,0.0003429859398390575,False,0,gold
16.3800000000018,0.16006368106837865,-0.015093889857382511,0.22357305574756547,5,0.007779585352970043,True,0,gold
16.40000000000179,0.16008378854650585,-0.01502108069754871,0.2234768783102482,5,0.011092321780094892,True,0,gold
16.420000000001778,0.16010907343357667,-0.01493347641940841,0.22342314607444286,5,0.0125889942150356,True,0,gold
16.440000000001767,0.16012260667466882,-0.014800209932625869,0.22340850526616726,5,0.012547782438449166,True,0,gold
16.460000000001756,0.16012339997888653,-0.014649432912110507,0.22344998073553654,5,0.011635556924778157,True,0,gold
16.480000000001745,0.16011615483084063,-0.01450124721397914,0.2235424409028157,5,0.01036417316705294,True,0,gold
16.500000000001734,0.16010293662171698,-0.014345619001283366,0.2236663348174887,5,0.008807687328693305,True,0,gold
16.520000000001723,0.1600865592204595,-0.01417907638830239,0.22380265016470177,5,0.007150804668972053,True,0,gold
16.54000000000171,0.160069143635378,-0.01400259683258543,0.22393749767068316,5,0.005585145594380826,True,0,gold
16.5600000000017,0.1600522093847674,-0.013819222459942224,0.2240611453633703,5,0.004209118073215929,True,0,gold
16.58000000000169,0.16004033382297866,-0.013623975189206949,0.22415567798413033,5,0.0038164458113891025,True,0,gold
16.60000000000168,0.16003478675221317,-0.013444605220212789,0.22416526468241213,5,0.003640743672302515,True,0,gold
16.620000000001667,0.1600322502235466,-0.013260819229034423,0.2241008205437963,5,0.0038977447215756402,True,0,gold
16.640000000001656,0.16003294572033452,-0.013089941068429976,0.22400448092336228,5,0.004241463906781811,True,0,gold
16.660000000001645,0.16003693591199608,-0.012922260887086043,0.2239098016628518,5,0.0048273473219113015,True,0,gold
16.680000000001634,0.16004250687357902,-0.012752349511972098,0.22383328476985417,5,0.00525906667299893,True,0,gold
16.700000000001623,0.1600482003372184,-0.012591716453497898,0.2237829558338777,5,0.005556184819007644,True,0,gold
16.720000000001612,0.16005281199236496,-0.01243456344653993,0.22375711668755358,5,0.005764903957183288,True,0,gold
16.7400000000016,0.1600559243366974,-0.012277942370958013,0.2237442576205013,5,0.005900229932427003,True,0,gold
16.76000000000159,0.16005780345567064,-0.01212024178812565,0.22373836069339326,5,0.005974339214668026,True,0,gold
16.78000000000158,0.16005878893317765,-0.011960677599131839,0.22373736696436294,5,0.006003706906667346,True,0,gold
16.800000000001567,0.1600591723498862,-0.011799072870207386,0.22374011283140183,5,0.006006215690950763,True,0,gold
16.820000000001556,0.16005920917566735,-0.011635673048880071,0.22374559165212735,5,0.0059986717092803,True,0,gold
16.840000000001545,0.16005911982358037,-0.011470953346111326,0.22375282818986025,5,0.005995451601932403,True,0,gold
16.860000000001534,0.16006032476686904,-0.011295817830548529,0.2237608750723534,5,0.006323765602473699,True,0,gold
16.880000000001523,0.16006208353981072,-0.01112758133089943,0.22376362979986245,5,0.006456418415790623,True,0,gold
16.900000000001512,0.1600638589697892,-0.010964857342878803,0.2237663844478135,5,0.006534318226699122,True,0,gold
16.9200000000015,0.1600651346296057,-0.010804289811898484,0.22377068011624146,5,0.006581050358388521,True,0,gold
16.94000000000149,0.16006589820106232,-0.010644199041350711,0.22377641399527767,5,0.006608218409113345,True,0,gold
16.96000000000148,0.16006629954678675,-0.010483514281341307,0.22378314906760705,5,0.006624759610983416,True,0,gold
16.980000000001468,0.1600664910073178,-0.010321671370275188,0.22379036362912874,5,0.006638034884264581,True,0,gold
17.000000000001457,0.16006659912748372,-0.010158552278731301,0.22379754306711072,5,0.00665367978144977,True,0,gold
17.020000000001446,0.1600684708495208,-0.01000462536100978,0.22380521244582624,5,0.0069077555273637245,True,0,gold
17.040000000001434,0.1600699145989276,-0.009843635540705713,0.22380651935796647,5,0.007074938156736162,True,0,gold
17.060000000001423,0.16007092141003462,-0.009677732794928763,0.2238077503520685,5,0.007147769692875183,True,0,gold
17.080000000001412,0.1600714290859447,-0.009509914267362524,0.22381297949168139,5,0.007132107546703445,True,0,gold
17.1000000000014,0.16007123826378886,-0.009341329706442076,0.2238229659810633,5,0.007046345059139009,True,0,gold
17.12000000000139,0.16007037142360153,-0.009172691703049605,0.22383239314618386,5,0.006906777794455832,True,0,gold
17.14000000000138,0.16006899761637233,-0.009004386123868297,0.22383715532857304,5,0.006739025619524725,True,0,gold
17.160000000001368,0.1600673127947333,-0.008836515795765793,0.22383723958943025,5,0.006567132509075261,True,0,gold
17.180000000001357,0.16006622930634465,-0.00866212686677678,0.22383680691282776,5,0.006661222289205876,True,0,gold
17.200000000001346,0.16006607933775374,-0.00848918209693399,0.22382903595369427,5,0.006669193489166424,True,0,gold
17.220000000001335,0.16006624339632514,-0.00832420682289737,0.2238154670501639,5,0.00662797895019961,True,0,gold
17.240000000001324,0.16006617111007518,-0.008162294704914102,0.22380414114932537,5,0.006566541407852621,True,0,gold
17.260000000001313,0.16006575750882007,-0.008001324914995708,0.22379775907544547,5,0.006500444041622496,True,0,gold
17.2800000000013,0.16006512894965783,-0.007840019517612146,0.22379606090395146,5,0.006439641114754911,True,0,gold
17.30000000000129,0.16006444200112901,-0.0076776923080757505,0.2237973462096338,5,0.006391065154170045,True,0,gold
17.32000000000128,0.1600638347498539,-0.007514162914987607,0.22379935546140264,5,0.0063597952665788,True,0,gold
17.340000000001268,0.16006393372339336,-0.007344095198766765,0.2238022124235409,5,0.0065760184730608425,True,0,gold
17.360000000001257,0.16006517960449068,-0.007171672032125352,0.2238005105096737,5,0.006720925457299205,True,0,gold
17.380000000001246,0.1600667040705222,-0.007007435365407018,0.22379516516156808,5,0.006790088669886676,True,0,gold
17.400000000001235,0.16006782935369415,-0.006846179905326328,0.2237906606353411,5,0.006811167053571632,True,0,gold
17.420000000001224,0.16006832968076098,-0.00668578646472056,0.22378788441499395,5,0.0067966691619783595,True,0,gold
17.440000000001213,0.16006829177941967,-0.006524978428977444,0.2237868630250864,5,0.00675634108072242,True,0,gold
17.4600000000012,0.16006786586039595,-0.006363018222895587,0.22378733603732254,5,0.006699740911218365,True,0,gold
17.48000000000119,0.16006720114603873,-0.006199653311072194,0.22378892264782008,5,0.006635864140372934,True,0,gold
17.50000000000118,0.16006643163244455,-0.006035003415739132,0.2237911982026051,5,0.0065726178193165384,True,0,gold
17.52000000000117,0.16006566847865575,-0.005869402079250335,0.22379375329481296,5,0.006516470958320134,True,0,gold
17.540000000001157,0.1600649957301857,-0.005703248230312674,0.22379623098988125,5,0.006472182055850785,True,0,gold
17.560000000001146,0.16006446967567925,-0.005536901419422963,0.22379835254640087,5,0.00644267633838608,True,0,gold
17.580000000001135,0.16006412067774112,-0.005370628256194717,0.22379992978845775,5,0.006429022384403535,True,0,gold
17.600000000001124,0.16006395651126676,-0.005204590208529604,0.22380086586080133,5,0.006430618212532545,True,0,gold
17.620000000001113,0.16006396632559888,-0.005038856928856757,0.22380114825593161,5,0.006445457577676913,True,0,gold
17.640000000001102,0.16006412491530236,-0.004873430616697894,0.22380083554515612,5,0.006470514536442087,True,0,gold
17.66000000000109,0.16006439723584123,-0.004708271355999004,0.22380003966119555,5,0.006502180790789478,True,0,gold
17.68000000000108,0.1600647427544895,-0.004543318108518469,0.22379890924355492,5,0.006536657324703883,True,0,gold
17.70000000000107,0.1600651194854592,-0.004378503751104828,0.22379761001129883,5,0.006570308901168322,True,0,gold
17.720000000001058,0.1600654876080026,-0.0042137645128365675,0.22379630815254986,5,0.006599967808928099,True,0,gold
17.740000000001046,0.16006581242999204,-0.004049045161327346,0.2237951553688908,5,0.006623141364602277,True,0,gold
17.760000000001035,0.16006606644265908,-0.003884301374015111,0.22379427784768016,5,0.00663810928964727,True,0,gold
17.780000000001024,0.16006623060251848,-0.0037195003870355114,0.22379376861970815,5,0.00664398137324486,True,0,gold
17.800000000001013,0.1600662946797888,-0.003554620715753409,0.223793683454858,5,0.006640632049629655,True,0,gold
17.820000000001002,0.1600662569315724,-0.0033896513451207922,0.22379404033096398,5,0.006628632261987975,True,0,gold
17.84000000000099,0.1600661231114,-0.0032245904559747,0.22379482158960495,5,0.00660909374938328,True,0,gold
17.86000000000098,0.16006590501752452,-0.0030594439736311477,0.22379597986901048,5,0.0065835162204559,True,0,gold
17.88000000000097,0.1600656188043338,-0.002894223833084139,0.22379744339618957,5,0.006553619592254273,True,0,gold
17.900000000000958,0.16006528318274327,-0.0027289460897607382,0.22379912530964452,5,0.00652118720190635,True,0,gold
17.920000000000947,0.16006491771930154,-0.0025636290916700257,0.22380092963606307,5,0.006487927912391884,True,0,gold
17.940000000000936,0.1600645412976096,-0.0023982917447220044,0.22380276057044013,5,0.0064553624309019635,True,0,gold
17.960000000000925,0.16006417086955432,-0.0022329519507318547,0.2238045286364904,5,0.006424743315983778,True,0,gold
17.980000000000913,0.16006382055425494,-0.002067625385261581,0.22380615526769657,5,0.006397010158251136,True,0,gold
18.000000000000902,0.1600635010723922,-0.0019023246595943884,0.2238075779238824,5,0.006372770642287206,True,0,gold
18.02000000000089,0.16006321954527064,-0.00173705891145191,0.22380875085638857,5,0.006352314496250378,True,0,gold
18.04000000000088,0.16006297958335652,-0.0015718336301777716,0.22380964587154764,5,0.0063356476782426875,True,0,gold
18.06000000000087,0.16006278162187748,-0.0014066508377155906,0.22381025282240832,5,0.006322540467166497,True,0,gold
18.080000000000858,0.1600626234512509,-0.0012415096105544675,0.2238105764956296,5,0.006312586525883597,True,0,gold
18.100000000000847,0.16006250084802248,-0.0010764066316231126,0.22381063489094918,5,0.006305266246733568,True,0,gold
18.120000000000836,0.16006240825846266,-0.0009113368086444728,0.2238104560158612,5,0.006300008223678903,True,0,gold
18.140000000000825,0.16006234803738106,-0.0007462956070894637,0.2238098843885392,5,0.006297532127860501,True,0,gold
18.160000000000814,0.16006236139368202,-0.0005812846698100647,0.22380803044458408,5,0.006305799022105361,True,0,gold
18.180000000000803,0.16006247141679877,-0.00041631750541697973,0.2238048573742561,5,0.006325602946143118,True,0,gold
18.20000000000079,0.1600626941257676,-0.0002514106516030143,0.22380152414819798,5,0.006355312380162575,True,0,gold
18.22000000000078,0.16006302232215971,-8.657658415989154e-05,0.22379903522485645,5,0.006392939845727376,True,0,gold
18.24000000000077,0.16006343554703667,7.817791103142698e-05,0.22379772726103342,5,0.006435573591332212,True,0,gold
18.26000000000076,0.16006390564506318,0.00024285622884830587,0.22379728767092985,5,0.0064803837073871455,True,0,gold
18.280000000000747,0.1600644011748556,0.0004074731970701582,0.22379731477460965,5,0.006524528803500483,True,0,gold
18.300000000000736,0.16006489033282267,0.0005720531226757987,0.22379752536583844,5,0.0065653650135921214,True,0,gold
18.320000000000725,0.1600653436466398,0.0007366254398485866,0.22379778458717042,5,0.006600647667834428,True,0,gold
18.340000000000714,0.16006573593372625,0.0009012199988354976,0.22379806915375627,5,0.006628634594201101,True,0,gold
18.360000000000703,0.16006604804534913,0.001065863094787957,0.22379841713861995,5,0.006648236364884698,True,0,gold
18.380000000000692,0.16006626772512372,0.0012305745198872187,0.2237988818750788,5,0.006659000319537449,True,0,gold
18.40000000000068,0.16006639002698503,0.0013953662828659898,0.2237995035422783,5,0.006661137786569837,True,0,gold
18.42000000000067,0.1600664172923629,0.0015602425392087836,0.22380028920257714,5,0.006655480197261633,True,0,gold
18.44000000000066,0.16006635838001249,0.001725200224640726,0.22380121035896497,5,0.00664334389262972,True,0,gold
18.460000000000647,0.16006622783516034,0.0018902301525058228,0.22380220848471774,5,0.006626463810944021,True,0,gold
18.480000000000636,0.16006604437251187,0.0020553185929483636,0.22380320621601169,5,0.006606790067932861,True,0,gold
18.500000000000625,0.1600658293191816,0.0022204486893221587,0.2238041209877143,5,0.0065863549138077135,True,0,gold
18.520000000000614,0.16006560481753412,0.002385601890189478,0.22380487377809932,5,0.0065670927782820005,True,0,gold
18.540000000000603,0.16006539209440562,0.0025507599347729996,0.22380540238735688,5,0.006550708521376645,True,0,gold
18.560000000000592,0.16006520976037458,0.002715905981650078,0.22380566664111792,5,0.00653852501794695,True,0,gold
18.58000000000058,0.16006507259401248,0.0028810257777418776,0.22380565155713644,5,0.0065314324166297014,True,0,gold
18.60000000000057,0.16006499045621814,0.0030461085762949693,0.22380536917543295,5,0.006529808181668776,True,0,gold
18.62000000000056,0.16006496781204588,0.003211147736582922,0.22380485656024554,5,0.006533539262819748,True,0,gold
18.640000000000548,0.160065003655672,0.003376140782121591,0.22380416765613148,5,0.006542045502057811,True,0,gold
18.660000000000537,0.16006509190590867,0.0035410896331714054,0.22380336792028266,5,0.006554365903797127,True,0,gold
18.680000000000526,0.1600652221636976,0.0037059999720004118,0.22380253081693172,5,0.006569242467936424,True,0,gold
18.700000000000514,0.1600653808595888,0.0038708806050342386,0.22380172922791547,5,0.006585265829251625,True,0,gold
18.720000000000503,0.16006555261991573,0.004035742400527369,0.2238010289118788,5,0.006600989390316301,True,0,gold
18.740000000000492,0.16006572161332805,0.004200597166510119,0.22380048392575486,5,0.006615050457379854,True,0,gold
18.76000000000048,0.16006587297316194,0.004365456639284477,0.22380013232654683,5,0.006626296819317151,True,0,gold
18.78000000000047,0.16006599391875787,0.00453033158306175,0.2237999937675288,5,0.006633843543862045,True,0,gold
18.80000000000046,0.16006607482890062,0.004695230951154973,0.22380006917215384,5,0.006637173842656111,True,0,gold
18.820000000000448,0.16006610982711503,0.004860161081660649,0.2238003418542792,5,0.006636128386998269,True,0,gold
18.840000000000437,0.16006609709851205,0.005025125124677704,0.22380077839948626,5,0.006630917806216715,True,0,gold
18.860000000000426,0.1600660388293167,0.005190123142486678,0.22380133456467707,5,0.0066220874895725305,True,0,gold
18.880000000000415,0.16006594082945597,0.005355152198674168,0.22380195831067573,5,0.006610450279071385,True,0,gold
18.900000000000404,0.16006581178402218,0.005520207172504907,0.22380259341242126,5,0.006597000632789731,True,0,gold
18.920000000000393,0.16006566255253463,0.005685280819694062,0.2238031856850113,5,0.006582842956773768,True,0,gold
18.94000000000038,0.16006550500632913,0.005850364721107022,0.2238036870974301,5,0.006569064995089055,True,0,gold
18.96000000000037,0.1600653510823163,0.006015450343332562,0.22380405993581642,5,0.006556676068352139,True,0,gold
18.98000000000036,0.16006521170158708,0.006180529463287305,0.22380428010541042,5,0.006546492862639887,True,0,gold
19.000000000000348,0.16006509591993223,0.006345595039384484,0.2238043366604526,5,0.0065391081275902015,True,0,gold
19.020000000000337,0.16006501038213622,0.006510641870920066,0.22380423199912267,5,0.006534856969840294,True,0,gold
19.040000000000326,0.16006495877788207,0.0066756667635142755,0.22380398249206918,5,0.006533780564539755,True,0,gold
19.060000000000315,0.16006494173770064,0.006840668322741398,0.22380361571098809,5,0.00653564512528763,True,0,gold
19.080000000000304,0.1600649568959323,0.007005647193342597,0.22380316849028262,5,0.006539982772943734,True,0,gold
19.100000000000293,0.16006499931001772,0.007170606239114467,0.2238026802371419,5,0.006546150783201578,True,0,gold
19.12000000000028,0.16006506197090373,0.007335549809533925,0.22380219181006208,5,0.006553371354295237,True,0,gold
19.14000000000027,0.16006513651115767,0.007500483543407549,0.22380174350006615,5,0.006560828094081109,True,0,gold
19.16000000000026,0.16006521396326961,0.007665413238895229,0.2238013682436806,5,0.0065677081737689075,True,0,gold
19.18000000000025,0.16006603843567474,0.007814429177570553,0.22380041764855516,5,0.006539909652731222,True,0,gold
19.200000000000237,0.16006277692002663,0.00793048972844961,0.2237662459894046,5,0.0055952382428325325,False,0,gold
19.220000000000226,0.16004343977981217,0.008014955932366289,0.22363340871149093,5,0.002714688786045083,False,0,gold
19.240000000000215,0.1600286315658988,0.008040518610051063,0.22354669681683206,5,0.00021722938550740396,False,0,gold
20.319999999999617,0.1600605996436912,0.008802848151648652,0.22489695411889818,6,0.008286355525208273,True,0,gold
20.339999999999606,0.1600896348833173,0.008737710568079302,0.22471011136288332,6,0.0129346203336116,True,0,gold
20.359999999999594,0.16012152189331685,0.00864540416902965,0.22460614288063102,6,0.014342835050391918,True,0,gold
20.379999999999583,0.1601314352639026,0.008516595022551943,0.22455116156943306,6,0.013218872162271739,True,0,gold
20.399999999999572,0.16012996867742454,0.008365013408188805,0.22464259108971577,6,0.012198655163578003,True,0,gold
20.41999999999956,0.16011830265201804,0.008192712044509224,0.2248087510334247,6,0.010795558597653883,True,0,gold
20.43999999999955,0.16010318062362394,0.008009495019718094,0.22499406936478167,6,0.009187961445009503,True,0,gold
20.45999999999954,0.1600875593477238,0.007822634944776538,0.22516196679687273,6,0.007536744040282459,True,0,gold
20.479999999999528,0.16007252297646046,0.007636752628505404,0.22529342110836886,6,0.006077610062833426,True,0,gold
20.499999999999517,0.16006136129250215,0.007440340546079323,0.22540206537950636,6,0.005643044914294879,True,0,gold
20.519999999999506,0.16005554723401805,0.007267174022412601,0.22546332369555006,6,0.005332651813279175,True,0,gold
20.539999999999495,0.16005293889234035,0.007096960500250908,0.2254786683848925,6,0.005373382019731749,True,0,gold
20.559999999999484,0.1600514806320253,0.006925214468865942,0.22544457390371678,6,0.005371830778312009,True,0,gold
20.579999999999472,0.16005075883209657,0.006759888661837476,0.22538085101267116,6,0.005361319842840986,True,0,gold
20.59999999999946,0.16005184931129415,0.006603978910627446,0.22531764734027124,6,0.00554666203252232,True,0,gold
20.61999999999945,0.16005523523473186,0.006439369654745942,0.22526261814035015,6,0.006077742404627191,True,0,gold
20.63999999999944,0.16005852190945857,0.006277045612296408,0.22521182414711183,6,0.006329392165375413,True,0,gold
20.659999999999428,0.16006154816465695,0.006116692489279365,0.22517718716672316,6,0.006457595468365573,True,0,gold
20.679999999999417,0.16006352466441187,0.0059563454278130975,0.22515820180172005,6,0.006500037877536861,True,0,gold
20.699999999999406,0.1600643488871745,0.005795074596224526,0.22514795671891016,6,0.00647870282340671,True,0,gold
20.719999999999395,0.16006429480610668,0.005632508259845338,0.22514265635474628,6,0.006414328783039742,True,0,gold
20.739999999999384,0.1600636773109286,0.0054686342295319785,0.22514060628821625,6,0.006328859577541401,True,0,gold
20.759999999999373,0.16006278176951094,0.005303672771660106,0.22514066747259806,6,0.006242950208816497,True,0,gold
20.77999999999936,0.16006185695290537,0.005137970628412477,0.22514187699118918,6,0.006174019882575601,True,0,gold
20.79999999999935,0.1600611763858077,0.004971922528094672,0.22514205618067545,6,0.006147279264829393,True,0,gold
20.81999999999934,0.16006228046527393,0.004795985614787228,0.22513969528619582,6,0.006500308128269387,True,0,gold
20.83999999999933,0.16006430974430969,0.0046286157076561585,0.22512718242661273,6,0.006699693490970934,True,0,gold
20.859999999999317,0.16006673526070733,0.004466274288104794,0.2251155632106692,6,0.006874555758242316,True,0,gold
20.879999999999306,0.16006898337612152,0.004306115246027281,0.2251108197210316,6,0.007030440574618243,True,0,gold
20.899999999999295,0.16007087760700445,0.004146527951742691,0.22511293029628085,6,0.007165242488357898,True,0,gold
20.919999999999284,0.1600724028663308,0.003986393744206877,0.22511944264569755,6,0.007275800275185976,True,0,gold
20.939999999999273,0.16007358376806818,0.003825088102299518,0.22512783883370105,6,0.007360175480636987,True,0,gold
20.959999999999262,0.1600744509670618,0.003662432010401875,0.22513628635288865,6,0.0074184828500609,True,0,gold
20.97999999999925,0.1600750385660908,0.0034985593213964308,0.22514372161023288,6,0.007453729725243747,True,0,gold
20.99999999999924,0.16007539369620705,0.0033337672983225755,0.22514954616220836,6,0.0074701458889263415,True,0,gold
21.01999999999923,0.1600755713719067,0.003168390696441727,0.22515350305695425,6,0.007473712917208617,True,0,gold
21.039999999999218,0.16007562665370484,0.0030027205988150973,0.22515590877520822,6,0.007469948072714403,True,0,gold
21.059999999999206,0.16007560634391826,0.002836969585126295,0.22515751067158693,6,0.0074628594522954325,True,0,gold
21.079999999999195,0.16007555087902806,0.002671269160045658,0.22515878779029133,6,0.007455647644799585,True,0,gold
21.099999999999184,0.16007549257985518,0.002505684232040619,0.22515982050070593,6,0.007450717066732385,True,0,gold
21.119999999999173,0.16007545477916532,0.002340234232913858,0.22516056909315704,6,0.007449530646948378,True,0,gold
21.139999999999162,0.16007545202045234,0.0021749127834102227,0.22516098706628324,6,0.007452653381845781,True,0,gold
21.15999999999915,0.16007549041026312,0.002009701403429691,0.22516105425919314,6,0.007459856708691437,True,0,gold
21.17999999999914,0.16007556849015975,0.0018445780220371726,0.2251607834655536,6,0.007470316237893588,True,0,gold
21.19999999999913,0.16007567855278615,0.0016795209051964012,0.22516021687702875,6,0.007482786022835824,True,0,gold
21.219999999999118,0.1600758082970995,0.0015145098781984526,0.225159419738578,6,0.0074957862998511265,True,0,gold
21.239999999999107,0.16007594278857845,0.0013495266925152875,0.2251584734358057,6,0.0075078020063099014,True,0,gold
21.259999999999096,0.16007606625986198,0.0011845549629072925,0.22515746544023882,6,0.007517406201618748,True,0,gold
21.279999999999085,0.1600761683574407,0.0010195815101257336,0.22515638499888746,6,0.007524092813862351,True,0,gold
21.299999999999073,0.16007624641344403,0.0008545979148621769,0.22515532747327988,6,0.007528344218901027,True,0,gold
21.319999999999062,0.16007629833704903,0.0006895998276892876,0.22515461427436734,6,0.007530280526526812,True,0,gold
21.33999999999905,0.16007632171459663,0.0005245847481033536,0.2251544726014118,6,0.007529662500309094,True,0,gold
21.35999999999904,0.1600763142160127,0.0003595503385364969,0.22515496264736057,6,0.007526355633109308,True,0,gold
21.37999999999903,0.16007627505112465,0.000194494256772961,0.22515596996853865,6,0.007520258922099046,True,0,gold
21.399999999999018,0.16007620572672832,2.94157300111551e-05,0.22515727987408737,6,0.007511701453120354,True,0,gold
21.419999999999007,0.16007611053986961,-0.00013568296614150055,0.22515866796900114,6,0.007501313103699162,True,0,gold
21.439999999998996,0.1600759961264521,-0.00030079640033875974,0.22515996424657467,6,0.0074898761184112785,True,0,gold
21.459999999998985,0.16007587082057417,-0.00046591698384459084,0.22516106416646614,6,0.007478264621659828,True,0,gold
21.479999999998974,0.16007574367172345,-0.0006310362720255215,0.225161921300336,6,0.007467315528143444,True,0,gold
21.499999999998963,0.16007562348854704,-0.0007961461592683764,0.2251625301393225,6,0.007457762799654193,True,0,gold
21.51999999999895,0.16007551801384085,-0.0009612397933743693,0.22516291019095713,6,0.007450170958481879,True,0,gold
21.53999999999894,0.16007543326092535,-0.0011263121172593682,0.22516309676961727,6,0.007444899081467951,True,0,gold
21.55999999999893,0.16007537293555119,-0.001291360265480675,0.22516313207100006,6,0.0074420521996440715,True,0,gold
21.57999999999892,0.16007533833994064,-0.0014563836508782982,0.22516306143447215,6,0.007441529181678569,True,0,gold
21.599999999998907,0.16007532837731675,-0.0016213837508084953,0.22516292787126035,6,0.007443017657183725,True,0,gold
21.619999999998896,0.16007533983124125,-0.0017863637745269187,0.22516276905410698,6,0.007446051976005189,True,0,gold
21.639999999998885,0.16007536772737002,-0.0019513282605424138,0.22516261903315063,6,0.007450043533324708,True,0,gold
21.659999999998874,0.16007540591156139,-0.002116282603279653,0.22516250875148766,6,0.00745436207111365,True,0,gold
21.679999999998863,0.1600754476250586,-0.0022812325040942336,0.22516246268881884,6,0.007458370468535465,True,0,gold
21.69999999999885,0.16007548613250822,-0.002446183503188038,0.2251624984718965,6,0.007461491470535608,True,0,gold
21.71999999999884,0.16007551534642622,-0.0026111405537727855,0.22516262440632945,6,0.0074632654495852945,True,0,gold
21.73999999999883,0.16007553029077826,-0.0027761075960374445,0.22516284174277676,6,0.007463362152170539,True,0,gold
21.75999999999882,0.16007552741665593,-0.0029410872602745435,0.2251631458692178,6,0.007461604068228187,True,0,gold
21.779999999998807,0.16007550480640043,-0.003106080838451952,0.22516352558095934,6,0.007457975505340896,True,0,gold
21.799999999998796,0.16007546229942637,-0.0032710882542645054,0.22516396504677097,6,0.0074526194284007,True,0,gold
21.819999999998785,0.16007540133245635,-0.0034361099245393853,0.22516444318536102,6,0.007445822884562543,True,0,gold
21.839999999998774,0.16007532484555392,-0.003601144200141745,0.22516493610466806,6,0.007437961677020682,True,0,gold
21.859999999998763,0.1600752368540519,-0.0037661875528678793,0.22516542084420646,6,0.007429468301014017,True,0,gold
21.879999999998752,0.1600751421208505,-0.003931236231491697,0.22516587560488205,6,0.007420829786273384,True,0,gold
21.89999999999874,0.16007504567939054,-0.004096284869803468,0.2251662831023981,6,0.007412487778244495,True,0,gold
21.91999999999873,0.16007495235765634,-0.004261329412756719,0.22516663023527891,6,0.007404854013297407,True,0,gold
21.93999999999872,0.16007486643568775,-0.004426365835727959,0.22516690679067128,6,0.007398237549505597,True,0,gold
21.959999999998708,0.1600747913009767,-0.004591391250741595,0.22516711042677975,6,0.007392854038598137,True,0,gold
21.979999999998697,0.16007472918039922,-0.004756404468620087,0.2251672464385306,6,0.007388793257768413,True,0,gold
21.999999999998685,0.1600746810813741,-0.004921405373634263,0.22516732500212752,6,0.007386030286419067,True,0,gold
22.019999999998674,0.16007464679267658,-0.005086394688478348,0.22516736019971473,6,0.007384435543295114,True,0,gold
22.039999999998663,0.16007462490008373,-0.005251374054672628,0.2251673676069689,6,0.007383777334410168,True,0,gold
22.059999999998652,0.16007461298862885,-0.005416345780308325,0.22516736411040925,6,0.00738375363532699,True,0,gold
22.07999999999864,0.16007460791470052,-0.005581312590992873,0.2251673677547094,6,0.007384031684384255,True,0,gold
22.09999999999863,0.16007460604941512,-0.005746277599670885,0.22516739462156066,6,0.00738425373934692,True,0,gold
22.11999999999862,0.160074603751971,-0.00591124360297191,0.2251674562225734,6,0.007384108226328769,True,0,gold
22.139999999998608,0.16007459749702585,-0.0060762129325525605,0.22516756108850533,6,0.007383295124959997,True,0,gold
22.159999999998597,0.160074584278441,-0.006241187440798677,0.22516771432719476,6,0.007381609419732234,True,0,gold
22.179999999998586,0.16007456182205954,-0.006406168324972768,0.22516791484307544,6,0.007378919996408928,True,0,gold
22.199999999998575,0.1600745286755368,-0.006571156164329869,0.22516815890310432,6,0.0073751756327433875,True,0,gold
22.219999999998564,0.16007448430944526,-0.006736150911932424,0.22516843814721468,6,0.0073704206136634524,True,0,gold
22.239999999998552,0.16007442909350733,-0.006901151751701477,0.22516874331461728,6,0.0073647596739033015,True,0,gold
22.25999999999854,0.16007436423388166,-0.007066157492988231,0.2251690624140563,6,0.007358383625655445,True,0,gold
22.27999999999853,0.16007429162426737,-0.007231166649545917,0.22516938138588036,6,0.007351512583317102,True,0,gold
22.29999999999852,0.16007421366301283,-0.007396177289049681,0.22516968857563668,6,0.007344401601164388,True,0,gold
22.319999999998508,0.1600741329867329,-0.0075611874900800066,0.2251699740173172,6,0.00733729591309486,True,0,gold
22.339999999998497,0.16007405224969773,-0.007726195351208843,0.22517022968591957,6,0.0073304270254220035,True,0,gold
22.359999999998486,0.1600739739196833,-0.007891199276279705,0.2251704490967614,6,0.0073239887746114575,True,0,gold
22.379999999998475,0.16007390006919642,-0.008056198316661434,0.2251706299131552,6,0.007318127842380958,True,0,gold
22.399999999998464,0.1600738322363897,-0.008221191862629651,0.22517077423621396,6,0.007312922453095127,True,0,gold
22.419999999998453,0.16007377128404923,-0.00838617980340466,0.22517088660867932,6,0.007308387470491482,True,0,gold
22.43999999999844,0.16007371747356225,-0.008551162457887002,0.22517097372942158,6,0.007304488423772287,True,0,gold
22.45999999999843,0.16007367034808542,-0.008716140520813627,0.22517104302480084,6,0.007301119165223686,True,0,gold
22.47999999999842,0.16007362886883625,-0.008881115211394236,0.22517110242536972,6,0.007298139321817249,True,0,gold
22.49999999999841,0.1600735915541533,-0.009046087838294253,0.2251711605422263,6,0.007295380325732601,True,0,gold
22.519999999998397,0.16007355659115027,-0.009211059553992757,0.22517122646726204,6,0.007292650623187716,True,0,gold
22.539999999998386,0.16007352203116818,-0.009376031643844575,0.22517130752711714,6,0.0072897773210640225,True,0,gold
22.559999999998375,0.16007348592280632,-0.00954100532830309,0.22517140853478212,6,0.007286588451686007,True,0,gold
22.579999999998364,0.1600734465311482,-0.009705981452043823,0.22517153417028032,6,0.007282956317575833,True,0,gold
22.599999999998353,0.16007340243870086,-0.009870960478311291,0.22517168524299705,6,0.007278786657759681,True,0,gold
22.619999999998342,0.16007335258326755,-0.010035942826477321,0.22517186016753052,6,0.007274023583681083,True,0,gold
22.63999999999833,0.1600732964718738,-0.010200928396560692,0.22517205561733503,6,0.007268677993659632,True,0,gold
22.65999999999832,0.16007323403617935,-0.010365916684875255,0.22517226608384272,6,0.007262778328336131,True,0,gold
22.67999999999831,0.16007316570623262,-0.010530907103336784,0.22517248669989096,6,0.0072564132439199205,True,0,gold
22.699999999998298,0.160073092328306,-0.010695898741484524,0.22517271031407027,6,0.0072496892622996205,True,0,gold
22.719999999998286,0.16007301500711477,-0.010860890597399874,0.22517293026237747,6,0.007242726262238894,True,0,gold
22.739999999998275,0.16007293510262438,-0.011025881791763106,0.22517314000257255,6,0.007235669527751846,True,0,gold
22.759999999998264,0.16007285408165436,-0.01119087132507848,0.22517333496958405,6,0.007228647729595476,True,0,gold
22.779999999998253,0.16007277326541974,-0.011355858395106524,0.2251735124027777,6,0.007221765173567053,True,0,gold
22.799999999998242,0.16007269390508538,-0.011520842609560093,0.22517366983881557,6,0.0072151248257168775,True,0,gold
22.81999999999823,0.16007261698527692,-0.011685823490068909,0.2251738067144922,6,0.00720878019486654,True,0,gold
22.83999999999822,0.16007254318679853,-0.011850801003276127,0.22517392486491553,6,0.007202768445344438,True,0,gold
22.85999999999821,0.16007247278565587,-0.012015775539921073,0.22517402714358342,6,0.007197072602289329,True,0,gold
22.879999999998198,0.16007240576224316,-0.01218074728710316,0.22517411695772402,6,0.007191661623213482,True,0,gold
22.899999999998187,0.16007234171558263,-0.012345716798299895,0.22517419863719174,6,0.007186469229255207,True,0,gold
22.919999999998176,0.16007227997512086,-0.01251068504126724,0.22517427746258906,6,0.007181413538471736,True,0,gold
22.939999999998165,0.16007221965252671,-0.012675652758267696,0.22517435794317986,6,0.007176395969104783,True,0,gold
22.959999999998153,0.1600721597320028,-0.01284062044212402,0.225174444570748,6,0.0071713144642453295,True,0,gold
22.979999999998142,0.16007209916822862,-0.013005588706722762,0.22517454050084984,6,0.007166082270097117,True,0,gold
22.99999999999813,0.16007203698838068,-0.013170557751855752,0.225174647626588,6,0.007160615557753178,True,0,gold
23.01999999999812,0.16007197231910325,-0.013335527876851992,0.22517476701573796,6,0.00715485453662816,True,0,gold
23.03999999999811,0.1600719044646859,-0.013500499165558878,0.22517489890463324,6,0.007148753366735283,True,0,gold
23.059999999998098,0.16007183302278882,-0.013665471750630587,0.2251750428252206,6,0.007142309952739308,True,0,gold
23.079999999998087,0.16007175784036318,-0.013830445463179717,0.2251751957478192,6,0.007135529974948103,True,0,gold
23.099999999998076,0.16007167899979777,-0.013995419847836506,0.22517535442980124,6,0.007128440990139978,True,0,gold
23.119999999998065,0.1600715968520396,-0.014160394067580991,0.2251755156857378,6,0.00712109615787841,True,0,gold
23.139999999998054,0.16007151192706087,-0.01432536747118376,0.2251756757763347,6,0.007113561146352637,True,0,gold
23.159999999998043,0.1600714248851421,-0.014490339927418508,0.22517583188886947,6,0.007105911749753005,True,0,gold
23.17999999999803,0.16007133649781186,-0.01465531088865201,0.22517598112735127,6,0.00709821435141285,True,0,gold
23.19999999999802,0.16007124753969,-0.014820279782182335,0.22517612142217647,6,0.0070905382325495,True,0,gold
23.21999999999801,0.16007115867283578,-0.014985246435616079,0.22517625090709406,6,0.007082932131128122,True,0,gold
23.239999999998,0.16007107047151442,-0.01515021097880325,0.22517636954702408,6,0.007075437423373127,True,0,gold
23.259999999997987,0.16007098338067002,-0.015315173355988755,0.22517647778536215,6,0.007068078367846679,True,0,gold
23.279999999997976,0.16007089767576604,-0.015480133874797672,0.225176575853148,6,0.0070608670439449035,True,0,gold
23.299999999997965,0.16007166637648568,-0.015629056755405026,0.22517599676632266,6,0.007037239318409224,True,0,gold
23.319999999997954,0.160068346015232,-0.015747246604883056,0.22513996714917545,6,0.006118055034943293,False,0,gold
23.339999999997943,0.16004887315663469,-0.01583815163028508,0.2249999900385825,6,0.0032440363914477965,False,0,gold
23.35999999999793,0.16002884013418162,-0.015873930357542382,0.22487828339776164,6,0.00018752117544251813,False,0,gold
24.419999999997344,0.16001733564137197,-0.015302182992377025,0.22643557561376443,7,0.0034253671891702,True,0,gold
24.439999999997333,0.1600631136752741,-0.015284242853036615,0.22637237633325794,7,0.008192687788550637,True,0,gold
24.459999999997322,0.16008635921021458,-0.015245062796229539,0.2263153313219607,7,0.010828734923472465,True,0,gold
24.47999999999731,0.1601018588779201,-0.015155385997417377,0.226252179363404,7,0.010702492836164515,True,0,gold
24.4999999999973,0.1601073134699404,-0.015042421352669358,0.2262624868020984,7,0.010150265680879024,True,0,gold
24.51999999999729,0.16010334867345716,-0.014895191347298324,0.22634041426985546,7,0.009434341973250394,True,0,gold
24.539999999997278,0.16009439340266163,-0.014725365861258733,0.22644464157605296,7,0.008514058937031803,True,0,gold
24.559999999997267,0.16008369340202172,-0.014543807132234321,0.22655119883998404,7,0.0074341075824165,True,0,gold
24.579999999997256,0.16007234103840962,-0.014357560553722152,0.22665253493503765,7,0.006362975573098824,True,0,gold
24.599999999997245,0.160061026650135,-0.014170856119554095,0.22674685320821375,7,0.005380432587906434,True,0,gold
24.619999999997233,0.16005052442620565,-0.013986152423862393,0.22683032622214871,7,0.004542586414083712,True,0,gold
24.639999999997222,0.1600417388277075,-0.013804866007720892,0.22687901735544763,7,0.0038790191699383378,True,0,gold
24.65999999999721,0.1600351584454517,-0.01362693949108313,0.2268789595931305,7,0.003519009610841567,True,0,gold
24.6799999999972,0.1600309294166698,-0.01345179662303745,0.22684007213972696,7,0.003457879296063162,True,0,gold
24.69999999999719,0.16002960615323675,-0.013279616020178719,0.22678029272479197,7,0.003664101815147826,True,0,gold
24.719999999997178,0.16003144774633848,-0.0131108195505296,0.22671649204863076,7,0.004076044688456548,True,0,gold
24.739999999997167,0.16003604395987897,-0.012945622957083788,0.22666180163874458,7,0.004631094377757244,True,0,gold
24.759999999997156,0.16004259239241314,-0.012783804044581373,0.22662006374374152,7,0.005275862136448485,True,0,gold
24.779999999997145,0.16005019539824994,-0.012624760452748112,0.22658851761293758,7,0.005954869066745041,True,0,gold
24.799999999997134,0.16005808033992802,-0.012467651987808585,0.22656097015846255,7,0.0066156805240203615,True,0,gold
24.819999999997123,0.16006564239005433,-0.012311681075705657,0.22653567636163163,7,0.007210319349389031,True,0,gold
24.83999999999711,0.16007239797795203,-0.012155993177450372,0.22651360638893256,7,0.007705753678623891,True,0,gold
24.8599999999971,0.16007798434668302,-0.011999890816120908,0.22649612706239505,7,0.008079975617983681,True,0,gold
24.87999999999709,0.1600821811837591,-0.011842803969063048,0.22648434394551045,7,0.008323634510219865,True,0,gold
24.89999999999708,0.16008490848985862,-0.011684292656813195,0.22647891800874637,7,0.008438821718470392,True,0,gold
24.919999999997067,0.1600862101952572,-0.011524074568578393,0.22648002142220358,7,0.008437129228987988,True,0,gold
24.939999999997056,0.16008603408167763,-0.01136201055060448,0.22649064393397725,7,0.008301409238284228,True,0,gold
24.959999999997045,0.16008444692078555,-0.011198030153184184,0.22651285422291717,7,0.008051227002253155,True,0,gold
24.979999999997034,0.16008164412189896,-0.011032218849717583,0.22654484127123473,7,0.007713888869276214,True,0,gold
24.999999999997023,0.16007790154202423,-0.010864853721040672,0.22658316810403598,7,0.007316270110802619,True,0,gold
25.01999999999701,0.1600735169626279,-0.01069631024167589,0.22662444684774713,7,0.0068859223613290275,True,0,gold
25.039999999997,0.1600687935693088,-0.010526983397123591,0.226665273959307,7,0.006450683868266658,True,0,gold
25.05999999999699,0.16006409683013134,-0.010357334304437062,0.22669576478915338,7,0.006039400919438122,True,0,gold
25.07999999999698,0.1600597669908336,-0.010187646688272845,0.22670899840194153,7,0.005697647343413676,True,0,gold
25.099999999996967,0.16005606744810286,-0.010018051589282727,0.22670641552253218,7,0.005455965042026714,True,0,gold
25.119999999996956,0.16005331616305146,-0.00984881042317516,0.2266928511564161,7,0.005329076603696776,True,0,gold
25.139999999996945,0.1600517799005916,-0.009680296249209134,0.2266731962808848,7,0.005320552906351856,True,0,gold
25.159999999996934,0.16005156654677238,-0.009512868908788243,0.2266513732859747,7,0.005418766009913745,True,0,gold
25.179999999996923,0.16005256012721103,-0.009346787941881743,0.2266315118686212,7,0.005598893306918527,True,0,gold
25.199999999996912,0.16005454261702862,-0.009182113588690458,0.2266156626374827,7,0.005837739934519354,True,0,gold
25.2199999999969,0.16005722317948776,-0.009018715602641631,0.22660320241333393,7,0.006111731664774005,True,0,gold
25.23999999999689,0.1600603076198993,-0.00885632965697176,0.22659142616569924,7,0.006397917188155077,True,0,gold
25.25999999999688,0.16006352513807853,-0.008694643156382008,0.22657967459469813,7,0.006674491261936401,True,0,gold
25.279999999996868,0.1600666322960314,-0.008533330046361514,0.22656849023007533,7,0.006923140696014472,True,0,gold
25.299999999996857,0.16006942564317375,-0.00837208052464892,0.22655863440987095,7,0.00713012500438588,True,0,gold
25.319999999996845,0.16007175280481686,-0.008210624269868906,0.22655078257192385,7,0.007286680937797763,True,0,gold
25.339999999996834,0.16007351757887103,-0.008048745652515408,0.2265454260764289,7,0.007388960792113895,True,0,gold
25.359999999996823,0.16007467898009797,-0.007886292487410771,0.22654284218095627,7,0.007437609502863818,True,0,gold
25.379999999996812,0.16007524571460094,-0.007723179167370195,0.22654308912968085,7,0.007437063894741215,True,0,gold
25.3999999999968,0.16007526744373118,-0.007559384126159253,0.22654602919510392,7,0.007394631477065455,True,0,gold
25.41999999999679,0.16007478942360864,-0.007394937970152843,0.2265519939998082,7,0.007314078747901163,True,0,gold
25.43999999999678,0.1600738660322004,-0.007229901373402775,0.2265613386882892,7,0.007197881130131819,True,0,gold
25.459999999996768,0.16007258057780227,-0.007064357315208917,0.22657377676992485,7,0.007058356285554081,True,0,gold
25.479999999996757,0.16007104391473842,-0.006898415754900356,0.22658799718912112,7,0.0069065076815904205,True,0,gold
25.499999999996746,0.1600693691674886,-0.006732200964459646,0.2266026823805934,7,0.0067523453219108095,True,0,gold
25.519999999996735,0.16006766488863083,-0.006565835820016636,0.22661676169367623,7,0.006604907710617601,True,0,gold
25.539999999996724,0.16006603031881445,-0.006399433013573668,0.2266293924680595,7,0.006472092003004936,True,0,gold
25.559999999996712,0.160064552247547,-0.006233091131168767,0.22663991365466643,7,0.006360372655455246,True,0,gold
25.5799999999967,0.16006330209118624,-0.006066892821642461,0.22664782874619832,7,0.0062745346914257994,True,0,gold
25.59999999999669,0.16006233601136305,-0.005900904559151479,0.2266522036500628,7,0.006217574166393606,True,0,gold
25.61999999999668,0.16006168964206563,-0.005735168885802201,0.22665104477920714,7,0.006192184466049357,True,0,gold
25.639999999996668,0.16006139195012503,-0.005569705580063164,0.22664416931722772,7,0.006199517109570654,True,0,gold
25.659999999996657,0.16006143130723682,-0.005404533927908905,0.2266343279173968,7,0.006233728271776281,True,0,gold
25.679999999996646,0.16006177123697712,-0.005239671390438406,0.22662438397246895,7,0.006287410980199449,True,0,gold
25.699999999996635,0.16006234059808028,-0.005075110749760203,0.22661608056282112,7,0.006352583772473354,True,0,gold
25.719999999996624,0.16006304802206175,-0.004910806887824153,0.22660948060941807,7,0.006421686098958526,True,0,gold
25.739999999996613,0.16006380793874048,-0.004746686697659867,0.22660343294783114,7,0.006488327116765737,True,0,gold
25.7599999999966,0.16006454478126475,-0.004582668675047289,0.22659768954320605,7,0.006546906357693425,True,0,gold
25.77999999999659,0.16006519580241357,-0.0044186707177862284,0.2265924118789753,7,0.006593220140069743,True,0,gold
25.79999999999658,0.1600657139304852,-0.004254619288235276,0.22658782856876863,7,0.006624648948163623,True,0,gold
25.81999999999657,0.1600660691459972,-0.004090456045350842,0.2265841311609743,7,0.006640121955113045,True,0,gold
25.839999999996557,0.16006624841333522,-0.003926141357994536,0.2265814422625399,7,0.006639964465818017,True,0,gold
25.859999999996546,0.16006625423080068,-0.003761655090385829,0.2265798105541692,7,0.006625669391039119,True,0,gold
25.879999999996535,0.16006610206186636,-0.0035969952889954348,0.22657921491393632,7,0.006599588115340516,True,0,gold
25.899999999996524,0.16006581710644024,-0.003432175307296673,0.2265795775758831,7,0.006564621047528882,True,0,gold
25.919999999996513,0.16006543085701908,-0.0032672201475749158,0.22658077604209215,7,0.006523903706050777,True,0,gold
25.939999999996502,0.16006497769389144,-0.0031021623194249807,0.22658265697162233,7,0.006480527426616562,True,0,gold
25.95999999999649,0.16006449183384838,-0.0029370377111272833,0.22658505086862565,7,0.006437318390592416,True,0,gold
25.97999999999648,0.16006400469055806,-0.002771881967687673,0.22658778586798978,7,0.006396640312861593,True,0,gold
25.99999999999647,0.160063542945142,-0.0026067275261014503,0.22659070011264568,7,0.006360310712420752,True,0,gold
26.019999999996458,0.16006312724290084,-0.002441601494538496,0.2265936496027682,7,0.0063295285415169685,True,0,gold
26.039999999996446,0.16006277157938711,-0.002276524379801559,0.22659651438078793,7,0.00630489700605229,True,0,gold
26.059999999996435,0.16006248332561657,-0.0021115094561765736,0.22659920133951406,7,0.006286472920309151,True,0,gold
26.079999999996424,0.16006226381016497,-0.00194656296727353,0.22660164442681005,7,0.0062738677427842705,True,0,gold
26.099999999996413,0.16006210846958532,-0.0017816848109078502,0.22660390934894137,7,0.006266218819843724,True,0,gold
26.119999999996402,0.16006200476715832,-0.0016168689683335959,0.22660664898935481,7,0.006261750121265776,True,0,gold
26.13999999999639,0.16006193682272613,-0.0014521047839020373,0.22660995314328553,7,0.0062587402827114546,True,0,gold
26.15999999999638,0.16006190620069213,-0.0012873832163444027,0.2266131049739238,7,0.006258519864098943,True,0,gold
26.17999999999637,0.16006193353954684,-0.0011227002371835494,0.2266149847598135,7,0.006265774904096618,True,0,gold
26.199999999996358,0.16006202797793112,-0.0009580570257246464,0.22661498128582694,7,0.006280964644293469,True,0,gold
26.219999999996347,0.16006219728800597,-0.0007934534480024306,0.22661334520550028,7,0.006303158841731626,True,0,gold
26.239999999996336,0.16006244349669593,-0.0006288902218139129,0.22661071436672878,7,0.006331918537564354,True,0,gold
26.259999999996325,0.16006276413292406,-0.0004643697720747811,0.22660768019160216,7,0.0063664872599285115,True,0,gold
26.279999999996313,0.16006315010268735,-0.00029989428925636597,0.22660469330598987,7,0.006405526861208225,True,0,gold
26.299999999996302,0.1600635852462955,-0.00013546295541627595,0.22660206646292325,7,0.0064471025010255185,True,0,gold
26.31999999999629,0.1600640475076776,2.8930152173230515e-05,0.22659996858247683,7,0.006488835822576864,True,0,gold
26.33999999999628,0.16006451119671694,0.00019329733342413633,0.22659843996794515,7,0.0065283018337578755,True,0,gold
26.35999999999627,0.1600649496692886,0.0003576563708637104,0.22659745874630474,7,0.006563236825647782,True,0,gold
26.379999999996258,0.1600653381022778,0.000522028233648288,0.22659697811327795,7,0.006591756647765168,True,0,gold
26.399999999996247,0.16006565580097368,0.0006864341370901704,0.22659694046869533,7,0.006612511954313162,True,0,gold
26.419999999996236,0.16006588793328602,0.000850892946121113,0.22659728348256278,7,0.006624781904200149,True,0,gold
26.439999999996225,0.16006602660018093,0.0010154189269341995,0.22659793876845327,7,0.006628521088501127,True,0,gold
26.459999999996214,0.16006607118488442,0.0011800203130092701,0.2265988317865158,7,0.0066243161319100895,True,0,gold
26.479999999996203,0.16006602808643478,0.0013446988037688588,0.226599880508349,7,0.00661332765380878,True,0,gold
26.49999999999619,0.1600659098644605,0.001509449622791322,0.22660099775440612,7,0.006597154524583996,True,0,gold
26.51999999999618,0.16006573392154752,0.0016742625867969302,0.22660209619962168,7,0.006577691014210018,True,0,gold
26.53999999999617,0.1600655207864175,0.001839123132163849,0.2266030932068739,7,0.006556936137090434,True,0,gold
26.55999999999616,0.16006529241474454,0.0020040140805719893,0.22660391596014592,7,0.0065368595461847605,True,0,gold
26.579999999996147,0.1600650702936089,0.0021689171725991063,0.22660450830702025,7,0.006519216344523596,True,0,gold
26.599999999996136,0.16006487372953793,0.0023338147732824533,0.2266048338248615,7,0.006505424009493147,True,0,gold
26.619999999996125,0.16006471847946319,0.0024986913035891936,0.22660488020260003,7,0.006496478657445045,True,0,gold
26.639999999996114,0.16006461559953233,0.002663534343320132,0.22660465841882918,7,0.006492877314959333,True,0,gold
26.659999999996103,0.16006457091447185,0.002828335533227003,0.22660420025270012,7,0.006494635546001121,True,0,gold
26.67999999999609,0.1600645847800476,0.0029930909124857605,0.22660355400034565,7,0.00650128973530869,True,0,gold
26.69999999999608,0.16006465236849476,0.0031578007810736,0.22660278283584478,7,0.006511970003231543,True,0,gold
26.71999999999607,0.16006476436369957,0.0033224696215753066,0.22660195745518566,7,0.00652550295519262,True,0,gold
26.73999999999606,0.160064908100212,0.0034871052421930663,0.22660114876399534,7,0.006540534183667886,True,0,gold
26.759999999996047,0.1600650687381402,0.003651717983856809,0.22660042200190142,7,0.006555633532709361,True,0,gold
26.779999999996036,0.16006523069865458,0.0038163195403757497,0.22659983200464592,7,0.0065694401390742705,True,0,gold
26.799999999996025,0.16006537901564172,0.003980921809593935,0.22659941968196073,7,0.006580756352107052,True,0,gold
26.819999999996014,0.16006550052801016,0.004145535945204705,0.22659921010868608,7,0.006588648632204017,True,0,gold
26.839999999996003,0.16006558489411854,0.004310171472029836,0.226599210003582,7,0.006592501963284675,True,0,gold
26.859999999995992,0.16006562538767002,0.004474835596263287,0.22659940821094704,7,0.00659208316713072,True,0,gold
26.87999999999598,0.1600656191886034,0.004639532477325812,0.22659977649041052,7,0.006587501146607615,True,0,gold
26.89999999999597,0.16006556740515557,0.0048042634863007866,0.22660027479721603,7,0.006579207393607056,True,0,gold
26.91999999999596,0.16006547479986363,0.004969027049818469,0.22660085481465372,7,0.006567926829355974,True,0,gold
26.939999999995948,0.16006534926738653,0.005133818427024145,0.22660146275871776,7,0.006554603466350983,True,0,gold
26.959999999995937,0.16006520096355653,0.005298630806321642,0.22660204508347417,7,0.006540291803255857,True,0,gold
26.979999999995925,0.16006504124055715,0.005463456390824556,0.22660255402102777,7,0.006526052805468395,True,0,gold
26.999999999995914,0.1600648817747951,0.005628286925411612,0.2266029504954085,7,0.006512897206162371,True,0,gold
27.019999999995903,0.16006473355208073,0.005793113781178466,0.22660320660963795,7,0.006501672320159796,True,0,gold
27.039999999995892,0.16006460603931347,0.005957929434364838,0.22660330687633878,7,0.006493037786616541,True,0,gold
27.05999999999588,0.16006450640507497,0.006122728164946163,0.22660324904389167,7,0.006487384881340991,True,0,gold
27.07999999999587,0.16006443902023698,0.006287505929118918,0.22660304535835255,7,0.006484817499345503,True,0,gold
27.09999999999586,0.16006440534863958,0.006452260491943455,0.22660271916574126,7,0.006485193799020782,True,0,gold
27.119999999995848,0.16006440392621998,0.006616991762066993,0.22660230224081085,7,0.006488126576038037,True,0,gold
27.139999999995837,0.16006443060903625,0.006781701855920923,0.22660183273567472,7,0.00649302693078993,True,0,gold
27.159999999995826,0.16006447910846827,0.006946394683527861,0.22660135040201976,7,0.006499180324387456,True,0,gold
27.179999999995815,0.16006454157161878,0.007111075460663612,0.22660089453884424,7,0.006505783434148966,True,0,gold
27.199999999995804,0.16006460946099182,0.007275749732608141,0.2266004997064395,7,0.006512064666198481,True,0,gold
27.219999999995792,0.16006467416861528,0.00744042354439752,0.22660019234413317,7,0.006517297505443488,True,0,gold
27.23999999999578,0.16006472778582048,0.00760510265419215,0.2265999907813313,7,0.006520886936685632,True,0,gold
27.25999999999577,0.16006476377761011,0.007769791730221296,0.22659990409337175,7,0.006522408425457414,True,0,gold
27.27999999999576,0.16006552836293836,0.007918637282111644,0.22659927901018148,7,0.006488538562305125,True,0,gold
27.299999999995748,0.16006223248368517,0.008034705366749733,0.22656592308112972,7,0.005539414260488809,False,0,gold
27.319999999995737,0.16004301573981414,0.00811977680075847,0.2264371487525764,7,0.002644813559564174,False,0,gold
27.339999999995726,0.16002828927614393,0.008145688931927794,0.22635320919846624,7,0.00014710285163627813,False,0,gold
28.419999999995127,0.160068356125558,0.00710782694516317,0.2277079689692824,8,0.008077475676499211,True,0,gold
28.439999999995116,0.16008981185307353,0.007073830102832101,0.22761908001862774,8,0.011733371270921968,True,0,gold
28.459999999995105,0.16011450076587447,0.006987959151178774,0.2275482261009431,8,0.012777390792987392,True,0,gold
28.479999999995094,0.16012227927749226,0.006850405956795567,0.22750797131938044,8,0.012288950703090868,True,0,gold
28.499999999995083,0.16012176576455514,0.0066838183888100824,0.22757592273587426,8,0.01159795038056236,True,0,gold
28.519999999995072,0.1601140029405909,0.006496996644734627,0.2276897825590167,8,0.010594352840592488,True,0,gold
28.53999999999506,0.1601036754274486,0.006302629807505236,0.2278108133037135,8,0.009447434487712002,True,0,gold
28.55999999999505,0.16009258292544284,0.006108777610712345,0.22792071786940882,8,0.008258436185992606,True,0,gold
28.57999999999504,0.1600814736218959,0.005919409073274265,0.22801184629469734,8,0.007163622869511325,True,0,gold
28.599999999995028,0.16007104972771746,0.005735669778282418,0.22808601076109228,8,0.00625918100278768,True,0,gold
28.619999999995017,0.160061926057854,0.005557267037612932,0.22814537545993374,8,0.005562738873829082,True,0,gold
28.639999999995005,0.16005466970414797,0.0053833858948364585,0.22818862266030068,8,0.005090757483495046,True,0,gold
28.659999999994994,0.16004969627172805,0.005213051721776993,0.2282084303128164,8,0.004856696300998567,True,0,gold
28.679999999994983,0.16004710206093856,0.005045291576316481,0.2281966781274253,8,0.004865416712963847,True,0,gold
28.699999999994972,0.160046773421746,0.004879337516303148,0.2281589266488567,8,0.005081563135597021,True,0,gold
28.71999999999496,0.1600486426525116,0.004714929757297856,0.22810953964319933,8,0.005447824929951901,True,0,gold
28.73999999999495,0.16005242416268636,0.004552011438749334,0.2280600553024591,8,0.005910710192329207,True,0,gold
28.75999999999494,0.16005753576533627,0.004390408495500851,0.2280168143090002,8,0.006420299029031952,True,0,gold
28.779999999994928,0.16006328081660423,0.004229747733835827,0.22798192071806417,8,0.006929712379333184,True,0,gold
28.799999999994917,0.16006901194383213,0.004069477950961577,0.22795230791165427,8,0.007401229353952577,True,0,gold
28.819999999994906,0.1600742494267052,0.003909075716820967,0.22792582289867377,8,0.00780014583121332,True,0,gold
28.839999999994895,0.16007865571394675,0.0037481543844419918,0.2279029545789292,8,0.008103071981301706,True,0,gold
28.859999999994884,0.16008200620356094,0.003586434757396474,0.22788465461911617,8,0.008298502560766696,True,0,gold
28.879999999994872,0.16008419045957287,0.0034237310794271304,0.22787166934552414,8,0.008385680171923388,True,0,gold
28.89999999999486,0.16008520692634334,0.003259949523435833,0.2278643604359955,8,0.008372874192621546,True,0,gold
28.91999999999485,0.16008514643871574,0.003095089822072096,0.22786267784683917,8,0.008275278569252868,True,0,gold
28.93999999999484,0.1600841698711856,0.0029292419971798556,0.2278661880885768,8,0.00811264578665145,True,0,gold
28.959999999994828,0.1600824720691529,0.002762561932733755,0.22787539472794222,8,0.007905354528480192,True,0,gold
28.979999999994817,0.16008023739891286,0.0025952155803156377,0.2278925809715819,8,0.007670805418577079,True,0,gold
28.999999999994806,0.16007765957240716,0.002427396979349199,0.22791704010987157,8,0.007425616512650063,True,0,gold
29.019999999994795,0.16007497973638662,0.002259379964557032,0.22794379085511507,8,0.007186408566450167,True,0,gold
29.039999999994784,0.16007240828482217,0.002091440972771327,0.22796814358691306,8,0.006969991056104858,True,0,gold
29.059999999994773,0.1600701052752141,0.0019237852251367572,0.22798718890881162,8,0.006790863831114795,True,0,gold
29.07999999999476,0.16006819102317532,0.0017565314060423345,0.22799998022943488,8,0.006658603014883014,True,0,gold
29.09999999999475,0.16006674164821766,0.0015897249174137377,0.22800800725776904,8,0.006576043760350655,True,0,gold
29.11999999999474,0.1600658003113572,0.0014233777276750391,0.22801257782063403,8,0.0065413448342032336,True,0,gold
29.13999999999473,0.16006536951663397,0.0012574733553724754,0.22801415700017832,8,0.006549644397243786,True,0,gold
29.159999999994717,0.16006543152553354,0.0010919746816321079,0.22801259098430393,8,0.0065973563816522475,True,0,gold
29.179999999994706,0.16006597047075147,0.0009268356671594175,0.22800718716293547,8,0.0066869233382845575,True,0,gold
29.199999999994695,0.16006692802297734,0.0007620073564685742,0.22799778854768174,8,0.006807696690792798,True,0,gold
29.219999999994684,0.16006821787708592,0.0005974332237691853,0.22798548098610186,8,0.006948916717611038,True,0,gold
29.239999999994673,0.16006974262362356,0.0004330493801798861,0.22797146705652374,8,0.0071009091183649765,True,0,gold
29.259999999994662,0.16007139889743943,0.0002687850276515135,0.2279567539315927,8,0.00725482055836645,True,0,gold
29.27999999999465,0.16007308523768393,0.00010456895240660289,0.22794249083872353,8,0.0074021677838271484,True,0,gold
29.29999999999464,0.16007470490797382,-5.9659336558304744e-05,0.22793169494934148,8,0.00753240959316731,True,0,gold
29.31999999999463,0.16007613334038384,-0.00022398513717155784,0.2279264534088034,8,0.007636354252802476,True,0,gold
29.339999999994617,0.16007725957824281,-0.0003885214985965408,0.2279266673905786,8,0.007706636999483753,True,0,gold
29.359999999994606,0.16007800923287271,-0.0005533616485858717,0.22793093828062955,8,0.007738795634711072,True,0,gold
29.379999999994595,0.16007834627369308,-0.0007185507051247173,0.2279377162181381,8,0.00773185741543855,True,0,gold
29.399999999994584,0.16007826989266621,-0.0008840862545556058,0.22794569864008135,8,0.0076884735227835815,True,0,gold
29.419999999994573,0.16007781186175601,-0.0010499295998741864,0.22795390940421342,8,0.007614465850425981,True,0,gold
29.439999999994562,0.1600770330277287,-0.0012160178300786345,0.22796166002895765,8,0.007518074688119485,True,0,gold
29.45999999999455,0.16007601740657512,-0.0013822743071767384,0.22796848085654417,8,0.007408991668625297,True,0,gold
29.47999999999454,0.16007486428283868,-0.0015486167714625567,0.22797406324771208,8,0.007297404881068323,True,0,gold
29.49999999999453,0.16007367902672864,-0.0017149637869475055,0.22797822067641513,8,0.0071930352175767,True,0,gold
29.519999999994518,0.16007256381796747,-0.0018812409823413616,0.22798086477985455,8,0.007104344795169854,True,0,gold
29.539999999994507,0.16007160912349483,-0.002047386197000312,0.22798199239927378,8,0.007037897478070626,True,0,gold
29.559999999994496,0.16007088657991525,-0.0022133529584011428,0.22798168641980163,8,0.006997937453757411,True,0,gold
29.579999999994484,0.16007044394529296,-0.002379112683589744,0.2279801084632092,8,0.006986196013396305,True,0,gold
29.599999999994473,0.16007030229050023,-0.002544655866910933,0.2279774887807058,8,0.007001914291891034,True,0,gold
29.619999999994462,0.1600704556674452,-0.0027099919605500307,0.22797411204493137,8,0.007042071134645357,True,0,gold
29.63999999999445,0.16007087315066176,-0.0028751473833260677,0.22797029997828988,8,0.007101782011412653,True,0,gold
29.65999999999444,0.16007150298712586,-0.0030401618953331197,0.22796638782874182,8,0.007174811321335483,True,0,gold
29.67999999999443,0.16007227827486342,-0.0032050848925580257,0.22796269980673126,8,0.0072541827725163335,True,0,gold
29.699999999994418,0.16007312354867553,-0.003369970979793665,0.2279595260827158,8,0.00733276601583798,True,0,gold
29.719999999994407,0.16007396182767766,-0.0035348751738570215,0.227957103257242,8,0.007403907332386021,True,0,gold
29.739999999994396,0.16007472126876965,-0.003699847807494252,0.22795559726504663,8,0.007461924318560886,True,0,gold
29.759999999994385,0.1600753408828901,-0.003864930161169239,0.2279550934721351,8,0.007502531738077162,True,0,gold
29.779999999994374,0.16007577493193806,-0.004030151394548863,0.22795559236986707,8,0.007523112313761408,True,0,gold
29.799999999994363,0.16007599572919617,-0.004195526555644359,0.22795701263670412,8,0.0075228526709341164,True,0,gold
29.81999999999435,0.1600759947471238,-0.004361055868436726,0.22795920144251897,8,0.007502701882848821,True,0,gold
29.83999999999434,0.16007578213084644,-0.004526725630314485,0.22796194768250183,8,0.007465210175725504,True,0,gold
29.85999999999433,0.1600753846694808,-0.0046925103193264555,0.22796500393297836,8,0.007414216397979205,True,0,gold
29.879999999994318,0.16007484260473387,-0.004858375829919214,0.22796810973158493,8,0.007354453278774325,True,0,gold
29.899999999994307,0.1600742056111421,-0.005024283283492629,0.2279710131244274,8,0.007291110582677226,True,0,gold
29.919999999994296,0.16007352826174504,-0.005190192903395027,0.2279734937988502,8,0.007229373230631087,True,0,gold
29.939999999994285,0.1600728652760226,-0.005356067674691711,0.22797537946477692,8,0.007173971492004306,True,0,gold
29.959999999994274,0.16007226701331356,-0.005521876350865744,0.22797656039931485,8,0.007128820524858747,True,0,gold
29.979999999994263,0.1600717756425561,-0.0056875957247559845,0.22797699296964674,8,0.0070967518020567475,True,0,gold
29.99999999999425,0.16007142207345404,-0.005853211913965554,0.22797669903049955,8,0.007079335476770006,True,0,gold
30.01999999999424,0.160071223980991,-0.006018720929734639,0.2279757603823381,8,0.007076823938604652,True,0,gold
30.03999999999423,0.1600711850240617,-0.00618412837676203,0.22797430772296615,8,0.007088219192833818,True,0,gold
30.05999999999422,0.16007129532189268,-0.006349447977149418,0.22797250480078057,8,0.00711141927149346,True,0,gold
30.079999999994207,0.1600715330573973,-0.00651469992339876,0.22797053401985576,8,0.007143476893495284,True,0,gold
30.099999999994196,0.16007186691049027,-0.006679909163725962,0.2279685807967782,8,0.007180865604344682,True,0,gold
30.119999999994185,0.16007225931853852,-0.006845102825343248,0.2279668170079337,8,0.007219830688544366,True,0,gold
30.139999999994174,0.16007267000932357,-0.0070103076720638546,0.22796538759345666,8,0.007256697123233099,True,0,gold
30.159999999994163,0.1600730595260541,-0.007175547964198019,0.22796440227121473,8,0.007288173440735074,True,0,gold
30.179999999994152,0.16007339247531552,-0.0073408433743858475,0.2279639282433609,8,0.0073115932551043,True,0,gold
30.19999999999414,0.16007364025414964,-0.0075062074615422055,0.22796398633609857,8,0.007325108527693887,True,0,gold
30.21999999999413,0.16007378294079355,-0.0076716466900112286,0.2279645525335911,8,0.007327781615074087,True,0,gold
30.23999999999412,0.16007381045244973,-0.00783716054071767,0.22796556209963656,8,0.0073196379909548845,True,0,gold
30.259999999994108,0.1600737227916491,-0.00800274170994839,0.22796691634559568,8,0.007301592134665492,True,0,gold
30.279999999994097,0.16007352937450356,-0.008168377239518467,0.2279684930831143,8,0.007275314861420682,True,0,gold
30.299999999994085,0.16007324768043157,-0.008334050079081062,0.22797015885939395,8,0.007243058645630799,True,0,gold
30.319999999994074,0.1600729014202646,-0.00849974088792106,0.22797177976513053,8,0.007207451421293815,True,0,gold
30.339999999994063,0.16007251814628248,-0.008665429924585173,0.2279732329908943,8,0.007171222186783764,True,0,gold
30.359999999994052,0.1600721268143272,-0.008831099075451859,0.22797441757745796,8,0.007137001414951597,True,0,gold
30.37999999999404,0.16007175532164178,-0.008996733181037357,0.22797526097015308,8,0.007107082675267647,True,0,gold
30.39999999999403,0.16007142829875903,-0.009162320975232558,0.22797572358963888,8,0.007083269136853624,True,0,gold
30.41999999999402,0.1600711652089079,-0.009327856175769466,0.22797579985447022,8,0.007066739967632688,True,0,gold
30.439999999994008,0.16007097905066697,-0.009493337505788041,0.22797551698477017,8,0.00705800107193692,True,0,gold
30.459999999993997,0.1600708756956159,-0.009658768291267996,0.22797493009443237,8,0.007056881760383789,True,0,gold
30.479999999993986,0.1600708537085872,-0.009824156058191131,0.2279741162804206,8,0.0070625773269311345,True,0,gold
30.499999999993975,0.16007090488539094,-0.009989511816912268,0.2279731666368605,8,0.007073761596592596,True,0,gold
30.519999999993964,0.16007101543305746,-0.010154848538598308,0.2279721779086761,8,0.007088743637787418,True,0,gold
30.539999999993952,0.16007116736180288,-0.010320179899046544,0.2279712435607776,8,0.007105599225277157,True,0,gold
30.55999999999394,0.16007134021355862,-0.010485519366932533,0.2279704472362435,8,0.007122357452160425,True,0,gold
30.57999999999393,0.16007151301179567,-0.010650878754186893,0.22796985530548136,8,0.0071371785644812205,True,0,gold
30.59999999999392,0.16007166593172784,-0.010816267401443848,0.2279695132983611,8,0.007148471402626814,True,0,gold
30.619999999993908,0.16007178197548694,-0.010981691323320828,0.22796944352464765,8,0.0071550378824075354,True,0,gold
30.639999999993897,0.16007184807546027,-0.011147153011259976,0.2279696449644011,8,0.00715611409583977,True,0,gold
30.659999999993886,0.1600718560511915,-0.011312651488555672,0.22797009422545927,8,0.0071514520790737866,True,0,gold
30.679999999993875,0.1600718029388707,-0.011478182486045959,0.22797074797311853,8,0.0071412742383435085,True,0,gold
30.699999999993864,0.1600716909601398,-0.011643738998211094,0.22797154867608016,8,0.007126252034934389,True,0,gold
30.719999999993853,0.16007152702365496,-0.011809311928635312,0.22797242965756911,8,0.007107415057964138,True,0,gold
30.73999999999384,0.16007132184611617,-0.01197489151355279,0.22797332083992644,8,0.007086038333288443,True,0,gold
30.75999999999383,0.16007108884327703,-0.012140467745913092,0.22797415579756428,8,0.007063525868894196,True,0,gold
30.77999999999382,0.16007084286135803,-0.012306031722643055,0.2279748767022242,8,0.007041289975456052,True,0,gold
30.79999999999381,0.16007059891803685,-0.01247157594983575,0.22797543880851595,8,0.007020632605641512,True,0,gold
30.819999999993797,0.16007037094987248,-0.012637094702477545,0.2279758124213087,8,0.007002641495802455,True,0,gold
30.839999999993786,0.16007017068238416,-0.012802585125321148,0.2279759858177078,8,0.006988120364655484,True,0,gold
30.859999999993775,0.1600700067807791,-0.012968047201338033,0.2279759648409297,8,0.006977520267576757,True,0,gold
30.879999999993764,0.1600698843528648,-0.013133483241526122,0.22797577080120124,8,0.006970942306202218,True,0,gold
30.899999999993753,0.16006980470420346,-0.013298897662930317,0.2279754383782134,8,0.006968141233836176,True,0,gold
30.919999999993742,0.1600697655173447,-0.013464296294410205,0.2279750108648288,8,0.006968581073830054,True,0,gold
30.93999999999373,0.16006976119018046,-0.013629686177718627,0.22797453594778683,8,0.006971476386187603,True,0,gold
30.95999999999372,0.16006978347763412,-0.013795074510689013,0.22797406316220906,8,0.00697587524544156,True,0,gold
30.97999999999371,0.16006982237825823,-0.013960468276932182,0.2279736391390422,8,0.00698076192742727,True,0,gold
30.999999999993697,0.16006986701230203,-0.014125873371823505,0.22797330337037347,8,0.006985121298240298,True,0,gold
31.019999999993686,0.16007074921758818,-0.014275254663060665,0.22797251840497382,8,0.0069695568773975106,True,0,gold
31.039999999993675,0.1600675908493609,-0.014393742132166635,0.2279371941556609,8,0.006060852561544398,False,0,gold
31.059999999993664,0.16004852674734552,-0.014484503521225081,0.22780246291268486,8,0.003190592190770495,False,0,gold
31.079999999993653,0.16002896304334874,-0.014517705960620667,0.22768415908280462,8,0.00048115604779001825,False,0,gold
32.139999999993314,0.16004186289648936,-0.013623354714516029,0.22914379897749623,9,0.005061719426677457,True,0,gold
32.15999999999334,0.16006955156772168,-0.013607368842459291,0.22910650511473332,9,0.00850125360810175,True,0,gold
32.17999999999336,0.1600791555363928,-0.013566069264553447,0.2290368673400536,9,0.008627454987363763,True,0,gold
32.19999999999339,0.16008716964882874,-0.013490483829069432,0.22907246385267993,9,0.008332406286053272,True,0,gold
32.21999999999341,0.16008380445084364,-0.01336176539300937,0.22918414123548292,9,0.007846800788521225,True,0,gold
32.23999999999344,0.16007691503774785,-0.013200259748472679,0.2293098750699002,9,0.007192134053893149,True,0,gold
32.25999999999346,0.1600700925508594,-0.013021697400659525,0.2294057046618194,9,0.006536732227062406,True,0,gold
32.279999999993485,0.16006374875537172,-0.012836143211765535,0.22946771667735022,9,0.0059794051923817305,True,0,gold
32.29999999999351,0.16005776634532382,-0.012649799290225885,0.22951513404646398,9,0.005508645464620563,True,0,gold
32.319999999993534,0.16005241620459348,-0.01246629458068116,0.22955888455894713,9,0.005107861855472628,True,0,gold
32.33999999999356,0.1600482462492599,-0.012287249409401178,0.229589530697854,9,0.004824227687019975,True,0,gold
32.35999999999358,0.16004551522439928,-0.012112645414301772,0.22959332193228082,9,0.004695357819290414,True,0,gold
32.37999999999361,0.16004425005009681,-0.011941632456196305,0.22956953911583816,9,0.004736584557014714,True,0,gold
32.39999999999363,0.16004456604975476,-0.01177344429182211,0.22952874614095212,9,0.004928436937644278,True,0,gold
32.41999999999366,0.16004655634869266,-0.011607657138863013,0.22948210245765596,9,0.005239572974193803,True,0,gold
32.43999999999368,0.16005002298375431,-0.011444004237784945,0.2294381559342127,9,0.005629920469095963,True,0,gold
32.459999999993705,0.1600545027934187,-0.011282210276330631,0.22940276739773535,9,0.006057015138007477,True,0,gold
32.47999999999373,0.16005946587519182,-0.011121844005604224,0.22937723712821262,9,0.006486731299428746,True,0,gold
32.499999999993754,0.16006442355591288,-0.010962363931414096,0.22935903918904593,9,0.006890068043918145,True,0,gold
32.51999999999378,0.16006901106864424,-0.010803227563843248,0.22934456837554104,9,0.007240963650682845,True,0,gold
32.5399999999938,0.1600729621927067,-0.010643978429215575,0.22933317752386756,9,0.007519872099226586,True,0,gold
32.55999999999383,0.1600760889042942,-0.010484234234296784,0.22932527064303165,9,0.007715795316747425,True,0,gold
32.57999999999385,0.16007821937724065,-0.010323696182717376,0.2293224501036327,9,0.007813782215637553,True,0,gold
32.59999999999388,0.1600792322485363,-0.0101621202793591,0.22932658698015043,9,0.007804007862268881,True,0,gold
32.6199999999939,0.16007909970389433,-0.00999931756981226,0.2293384096666272,9,0.007696458624544334,True,0,gold
32.639999999993925,0.16007789643029244,-0.00983520023051059,0.229356888633867,9,0.007504661322271823,True,0,gold
32.65999999999395,0.16007576616887537,-0.00966980251096094,0.22938043061452498,9,0.007245728433445897,True,0,gold
32.679999999993974,0.16007289986086554,-0.009503244511544901,0.22940726021790148,9,0.006939816435198514,True,0,gold
32.699999999994,0.1600695504335498,-0.009335771602851161,0.22943316367194144,9,0.006611372129363692,True,0,gold
32.71999999999402,0.1600660034944394,-0.009167682713366286,0.2294530150941429,9,0.006289688444382389,True,0,gold
32.73999999999405,0.16006254693538452,-0.008999242280861318,0.2294637338771654,9,0.0060057384078479594,True,0,gold
32.75999999999407,0.16005944085734183,-0.008830686155293602,0.22946614484966812,9,0.005782733406975628,True,0,gold
32.7799999999941,0.1600569411260763,-0.008662289230803347,0.2294622475795301,9,0.005636117133911423,True,0,gold
32.79999999999412,0.1600552526930491,-0.008494343828134361,0.22945404108713094,9,0.0055738605205414024,True,0,gold
32.819999999994145,0.16005448903557523,-0.008327112951208289,0.22944321606553347,9,0.005593190502453372,True,0,gold
32.83999999999417,0.16005461629780243,-0.008160792746852495,0.2294320578701688,9,0.005679807922161705,True,0,gold
32.859999999994194,0.16005552121625866,-0.00799546131269708,0.22942232731467652,9,0.005817843089167697,True,0,gold
32.87999999999422,0.16005703633584317,-0.007831069914838843,0.2294141719214402,9,0.005991757765959097,True,0,gold
32.89999999999424,0.16005897280676812,-0.0076674739893259495,0.22940608701570092,9,0.006185504191932743,True,0,gold
32.91999999999427,0.16006113808804967,-0.007504479569766283,0.22939749697371747,9,0.006382818097947422,True,0,gold
32.93999999999429,0.16006334717129445,-0.007341871184042294,0.22938877659941415,9,0.006568970112416941,True,0,gold
32.95999999999432,0.1600654357825043,-0.007179432945220845,0.22938052776538573,9,0.006732050339551324,True,0,gold
32.97999999999434,0.1600672704963257,-0.007016966342750437,0.22937332473503905,9,0.006863513117804986,True,0,gold
32.999999999994365,0.16006875535457532,-0.006854303448824436,0.2293676252576678,9,0.006958362528643365,True,0,gold
33.01999999999439,0.1600698340610971,-0.006691315354018748,0.2293637400335902,9,0.007015005337244141,True,0,gold
33.039999999994414,0.1600704884389494,-0.006527916717970758,0.22936182219053516,9,0.007034889988344287,True,0,gold
33.05999999999444,0.16007073386006512,-0.006364066294902408,0.22936187270577094,9,0.007021922300318612,True,0,gold
33.07999999999446,0.16007061271606432,-0.006199763974830178,0.22936376216066487,9,0.006981794621885066,True,0,gold
33.09999999999449,0.16007018698790765,-0.006035044872642778,0.22936724860697755,9,0.00692126433693202,True,0,gold
33.11999999999451,0.16006953034281957,-0.005869971055909172,0.22937201097705753,9,0.0068474483367919284,True,0,gold
33.13999999999454,0.16006872066624211,-0.005704621939032559,0.22937768167710615,9,0.006767214845440218,True,0,gold
33.15999999999456,0.16006783345526404,-0.005539084697877772,0.22938387974021096,9,0.006686685149244199,True,0,gold
33.179999999994585,0.16006693646546413,-0.005373445525119218,0.22939023966561686,9,0.006610882878147726,True,0,gold
33.19999999999461,0.1600660858518364,-0.005207782345250373,0.2293964331863254,9,0.00654353507897379,True,0,gold
33.219999999994634,0.16006532373232363,-0.005042160347982161,0.2294021886437221,9,0.006486981507765806,True,0,gold
33.23999999999466,0.16006467724187712,-0.0048766287123132475,0.2294072999596641,9,0.006442234148880337,True,0,gold
33.25999999999468,0.16006415902286697,-0.004711219402860968,0.22941162904403656,9,0.006409147805097839,True,0,gold
33.27999999999471,0.16006376868061867,-0.0045459471597755294,0.22941510287407793,9,0.006386612701718134,True,0,gold
33.29999999999473,0.16006349515615087,-0.004380812988346857,0.22941770853392918,9,0.006372828911506191,True,0,gold
33.31999999999476,0.16006331950519492,-0.004215805570010743,0.22941948074101612,9,0.0063655816082482854,True,0,gold
33.33999999999478,0.16006321788306382,-0.004050904809617474,0.22942049150751057,9,0.0063624988860556805,True,0,gold
33.359999999994805,0.16006316448050806,-0.003886085989870637,0.22942083799479054,9,0.006361283362265961,True,0,gold
33.37999999999483,0.16006313402309985,-0.0037213221706002626,0.22942063080862343,9,0.006359893585101896,True,0,gold
33.399999999994854,0.16006310393236348,-0.0035565868045501483,0.22941998379430978,9,0.006356697846883122,True,0,gold
33.41999999999488,0.16006305584154806,-0.003391855944801228,0.22941900479742636,9,0.006350530280606696,True,0,gold
33.4399999999949,0.1600629765543061,-0.0032271099551963948,0.22941779052739664,9,0.006340739618535169,True,0,gold
33.45999999999493,0.1600628583966935,-0.0030623344515170086,0.22941642235075643,9,0.006327156381793765,True,0,gold
33.47999999999495,0.16006269898166312,-0.002897520698599101,0.22941496490827262,9,0.006310026720978251,True,0,gold
33.49999999999498,0.16006250067277122,-0.002732665524130684,0.2294134659789313,9,0.006289949613122248,True,0,gold
33.519999999995,0.16006226968543477,-0.0025677707673237887,0.2294119578564403,9,0.0062677610067594074,True,0,gold
33.539999999995025,0.16006201498977368,-0.002402842314979785,0.22941046031285287,9,0.0062444335168189095,True,0,gold
33.55999999999505,0.1600617471570639,-0.002237888964637261,0.2294089839126617,9,0.006220971730654978,True,0,gold
33.579999999995074,0.1600614772402908,-0.002072921159251772,0.22940753352557344,9,0.006198325419384321,True,0,gold
33.5999999999951,0.16006121580513044,-0.0019079499370229021,0.22940611155450238,9,0.006177320685604366,True,0,gold
33.61999999999512,0.1600609721237971,-0.0017429859490190524,0.2294047207235867,9,0.006158607004667184,True,0,gold
33.63999999999515,0.16006075358296634,-0.0015780385016230674,0.22940336624240037,9,0.006142629845054623,True,0,gold
33.65999999999517,0.16006056535109114,-0.0014131149712896598,0.22940205711379166,9,0.006129624286403072,True,0,gold
33.679999999995196,0.16006041026313805,-0.001248220456354102,0.22940080660327605,9,0.006119623589686175,True,0,gold
33.69999999999522,0.160060288922313,-0.0010833578096710245,0.2293996319150706,9,0.0061124862141855195,True,0,gold
33.719999999995245,0.16006023912303927,-0.0009185309133395325,0.22939783318592866,9,0.006114165915890313,True,0,gold
33.73999999999527,0.16006031390398864,-0.0007537556735233943,0.2293947784578672,9,0.0061343369195269,True,0,gold
33.759999999995294,0.16006053991963026,-0.0005890641362726335,0.22939197835923486,9,0.0061676635721083384,True,0,gold
33.77999999999532,0.16006089686666936,-0.00042447608855012044,0.2293910295542393,9,0.006209944005160994,True,0,gold
33.79999999999534,0.16006135603934246,-0.00025999600871980306,0.2293918967404239,9,0.006257792687954402,True,0,gold
33.81999999999537,0.16006188350397402,-9.561433098428747e-05,0.22939367315170797,9,0.00630817191695873,True,0,gold
33.83999999999539,0.1600624430110404,6.86911547601085e-05,0.22939554548162108,9,0.006358047152130388,True,0,gold
33.859999999995416,0.1600629987341055,0.00023295245920566094,0.22939705332902188,9,0.006404551933347011,True,0,gold
33.87999999999544,0.16006351756100273,0.00039720595650997694,0.2293980634493498,9,0.006445166932824186,True,0,gold
33.899999999995465,0.16006397120179267,0.0005614867237833588,0.2293986565542568,9,0.0064779192041249,True,0,gold
33.91999999999549,0.16006433772536266,0.0007258241465298945,0.22939901100180612,9,0.006501473341407779,True,0,gold
33.939999999995514,0.16006460248144389,0.0008902397411114447,0.22939931700561988,9,0.006515203418491662,True,0,gold
33.95999999999554,0.1600647586772435,0.0010547463901411018,0.22939972219342813,9,0.0065192096714070755,True,0,gold
33.97999999999556,0.16006480731889294,0.0012193487824869729,0.22940030879742912,9,0.006514259605401808,True,0,gold
33.99999999999559,0.16006475677287246,0.0013840440749087446,0.22940109120876404,9,0.00650171341032861,True,0,gold
34.01999999999561,0.1600646217872941,0.0015488231571441661,0.22940202771532386,9,0.006483379432535,True,0,gold
34.039999999995636,0.16006442211152921,0.0017136719762143148,0.2294030384389801,9,0.006461372022148381,True,0,gold
34.05999999999566,0.1600641807859657,0.001878572882176218,0.22940402513651212,9,0.0064379198397490865,True,0,gold
34.079999999995685,0.1600639222113332,0.0020435062346261727,0.22940488962853056,9,0.00641519347388488,True,0,gold
34.09999999999571,0.16006367022775056,0.002208451851280457,0.22940554810238187,9,0.006395137062411392,True,0,gold
34.119999999995734,0.16006344626374763,0.002373390649938422,0.22940594048963733,9,0.0063793224448816565,True,0,gold
34.13999999999576,0.16006326783451433,0.0025383057539039495,0.22940603670458443,9,0.0063688585182271815,True,0,gold
34.15999999999578,0.16006314734111876,0.0027031836762187863,0.22940583648533383,9,0.006364309030171034,True,0,gold
34.17999999999581,0.16006309129916602,0.0028680152665432885,0.22940536817253462,9,0.006365683606927293,True,0,gold
34.19999999999583,0.16006310022346334,0.0030327961312664343,0.22940468264455185,9,0.006372486612535882,True,0,gold
34.219999999995856,0.16006316892947356,0.003197526486844249,0.22940384840128641,9,0.006383773726666572,True,0,gold
34.23999999999588,0.16006328731242953,0.0033622108602675317,0.22940294284856028,9,0.006398265734147558,True,0,gold
34.259999999995905,0.16006344144926615,0.00352685755296349,0.2294020446680132,9,0.006414464668560262,True,0,gold
34.27999999999593,0.16006361503393618,0.003691477740393546,0.2294012277972091,9,0.00643081026405286,True,0,gold
34.299999999995954,0.16006379087869094,0.003856084255923012,0.2294005544183835,9,0.0064457943321487975,True,0,gold
34.31999999999598,0.160063952393983,0.004020690425190169,0.2294000715237549,9,0.006458093528182664,True,0,gold
34.339999999996,0.16006408503012715,0.004185308521122816,0.2293998079337834,9,0.006466678970439067,True,0,gold
34.35999999999603,0.16006417730130124,0.004349949424095204,0.22939977213648297,9,0.006470869441370801,True,0,gold
34.37999999999605,0.16006422162676093,0.00451462135485726,0.2293999534461114,9,0.0064703838614729855,True,0,gold
34.399999999996076,0.1600642147613786,0.004679328853273624,0.22940032371327201,9,0.006465330828536021,True,0,gold
34.4199999999961,0.1600641577336141,0.004844073538999057,0.22940084055869964,9,0.006456187498755094,True,0,gold
34.439999999996125,0.16006405564967996,0.0050088536142803225,0.22940145128523376,9,0.006443747203095198,True,0,gold
34.45999999999615,0.16006391700209766,0.005173664432014346,0.22940209766866124,9,0.006429024987129718,True,0,gold
34.479999999996174,0.16006375274867055,0.005338499037022795,0.22940272214565188,9,0.006413156277027816,True,0,gold
34.4999999999962,0.16006357531060633,0.005503348908338205,0.229403272021941,9,0.00639731412820917,True,0,gold
34.51999999999622,0.16006339748023385,0.005668204764347664,0.229403703630332,9,0.006382596937669899,True,0,gold
34.53999999999625,0.16006395673295676,0.005817211931960434,0.22940348262404217,9,0.00633231289761078,True,0,gold
34.55999999999627,0.1600605153970493,0.005933381765097896,0.22937065218867203,9,0.005371133250767737,False,0,gold
34.579999999996296,0.16004136138717617,0.006018489905092961,0.22924458696827968,9,0.0024769082913907634,False,0,gold
34.59999999999632,0.16002672273635987,0.006044306798942386,0.22916262393029088,9,0.00015118327273777585,False,0,gold
35.659999999997616,0.16004771456444022,0.003370187054739002,0.2304673565282172,10,0.005346337830016819,True,0,gold
35.67999999999764,0.16007532154098325,0.0033715381754343874,0.2304326932826749,10,0.00915073409037348,True,0,gold
35.699999999997665,0.16008551866892604,0.0033424347014128853,0.23036237359178616,10,0.009305362812076381,True,0,gold
35.71999999999769,0.16009303203048275,0.0032672137390041584,0.23039508238056172,10,0.008966679133820531,True,0,gold
35.739999999997714,0.16008878732111137,0.0031241524998613227,0.23052144088465645,10,0.008424429886254418,True,0,gold
35.75999999999774,0.16008014194106224,0.0029421604576597813,0.23067128490117914,10,0.0075875234664103675,True,0,gold
35.77999999999776,0.1600713039233823,0.0027431363553780067,0.23079504099961534,10,0.006684859066297791,True,0,gold
35.79999999999779,0.16006305658119688,0.0025417335503503907,0.23087745120553055,10,0.005867890641276591,True,0,gold
35.81999999999781,0.16005564427250016,0.0023457972761625483,0.2309248125635632,10,0.0052306750307119535,True,0,gold
35.839999999997836,0.16004939784301034,0.00215824705612916,0.23095330391372923,10,0.0047729835026809895,True,0,gold
35.85999999999786,0.16004469095370755,0.001979109784791069,0.23097073436577564,10,0.0044864304473151255,True,0,gold
35.879999999997885,0.16004180796489498,0.0018068907170259144,0.2309779532561672,10,0.0043830170519748,True,0,gold
35.89999999999791,0.16004078638834435,0.0016396273074334067,0.23097455621285615,10,0.004449306159628461,True,0,gold
35.919999999997934,0.1600416360160239,0.0014755168661307377,0.23095653827696846,10,0.004694509844865159,True,0,gold
35.93999999999796,0.16004421312493097,0.0013131407881293872,0.23092096107229987,10,0.005089787760367831,True,0,gold
35.95999999999798,0.1600483220943298,0.001151611153800672,0.23087325634393102,10,0.005588196268171724,True,0,gold
35.97999999999801,0.1600536855774783,0.0009905338298157955,0.23082274165936467,10,0.0061418820481064324,True,0,gold
35.99999999999803,0.16005983393740933,0.0008296560312133138,0.23077290191052388,10,0.006719364847689439,True,0,gold
36.019999999998056,0.16006627769575482,0.00066875372627446,0.23072406778249563,10,0.007285538374340986,True,0,gold
36.03999999999808,0.1600725977868051,0.0005076877620946978,0.2306779561394092,10,0.007807925103232671,True,0,gold
36.059999999998105,0.16007843323743856,0.00034634437081291423,0.23063659424336674,10,0.008260211760568275,True,0,gold
36.07999999999813,0.16008348942615988,0.00018462668684724796,0.23060344207983594,10,0.008619564366934312,True,0,gold
36.099999999998154,0.16008749425181493,2.2430393167390897e-05,0.23058876804989828,10,0.008854552766711623,True,0,gold
36.11999999999818,0.16009004198884347,-0.00014071667247764913,0.2305979732359807,10,0.008957684084605934,True,0,gold
36.1399999999982,0.1600909679039525,-0.0003053369780436639,0.23062552872227748,10,0.008920298071581286,True,0,gold
36.15999999999823,0.16009037157907655,-0.000471469377978548,0.23066346553472783,10,0.008746802756513909,True,0,gold
36.17999999999825,0.16008848901920447,-0.000638769387164436,0.23070409905881786,10,0.008461500839089427,True,0,gold
36.199999999998276,0.1600856287702332,-0.0008067484521465569,0.2307407453372992,10,0.008103993047613533,True,0,gold
36.2199999999983,0.16008206476690634,-0.000975022099169488,0.23077004872644405,10,0.00771276079384353,True,0,gold
36.239999999998325,0.16007809679139037,-0.0011433372007976497,0.23079156126365802,10,0.007322745532708425,True,0,gold
36.25999999999835,0.16007401810431138,-0.0013115380717211983,0.23080817915580995,10,0.00696021886002441,True,0,gold
36.279999999998374,0.1600701261668101,-0.0014794826632878065,0.23082187862574405,10,0.006645750955372003,True,0,gold
36.2999999999984,0.16006668312240402,-0.001647040749811736,0.23083263232752305,10,0.006394047908853933,True,0,gold
36.31999999999842,0.16006387257894736,-0.0018141192696886376,0.23083997158454483,10,0.0062130129730669035,True,0,gold
36.33999999999845,0.1600617988071748,-0.001980671465912232,0.23084354614641883,10,0.006103910002408494,True,0,gold
36.35999999999847,0.1600605934215238,-0.0021466675492789805,0.2308415551167163,10,0.006080865494808472,True,0,gold
36.379999999998496,0.16006031202071552,-0.002312106556905143,0.23083244985022483,10,0.006145304393967821,True,0,gold
36.39999999999852,0.1600609328453056,-0.0024770242475719,0.2308164192173464,10,0.006284933539591185,True,0,gold
36.419999999998545,0.16006237497662712,-0.0026414838718045435,0.23079495916196344,10,0.006485986657811064,True,0,gold
36.43999999999857,0.1600645143775541,-0.0028055640004381577,0.23076975661159105,10,0.006733475055867623,True,0,gold
36.459999999998594,0.16006718859644037,-0.0029693148790800356,0.23074621921807964,10,0.007002420490447425,True,0,gold
36.47999999999862,0.16007014549845267,-0.0031328343045811677,0.23072891767861506,10,0.007269989439493074,True,0,gold
36.49999999999864,0.16007309007903178,-0.003296320451658745,0.23071931696403356,10,0.007515379478868343,True,0,gold
36.51999999999867,0.16007575876288882,-0.0034600107308509725,0.23071630932924567,10,0.00771911502516349,True,0,gold
36.53999999999869,0.160077944746767,-0.0036240971004867935,0.2307182886821802,10,0.00786557024053624,True,0,gold
36.559999999998716,0.1600795000686681,-0.0037886965681416104,0.23072384203575275,10,0.007944830571322352,True,0,gold
36.57999999999874,0.16008033730920565,-0.003953851101815669,0.2307318670556176,10,0.007953465880867656,True,0,gold
36.599999999998765,0.16008043151607412,-0.004119538753342228,0.2307414998292579,10,0.00789445511540736,True,0,gold
36.61999999999879,0.16007981852228467,-0.004285688840079039,0.23075200626050327,10,0.007776470882227738,True,0,gold
36.639999999998814,0.16007858844958497,-0.004452196246548179,0.23076271405458046,10,0.007612743034447767,True,0,gold
36.65999999999884,0.16007687544525118,-0.004618935584486473,0.23077297491189278,10,0.0074195632697897,True,0,gold
36.67999999999886,0.16007484455567525,-0.004785774228938042,0.23078217188813915,10,0.007214675190091753,True,0,gold
36.69999999999889,0.16007267707636663,-0.00495258404728259,0.230789755779135,10,0.007015653760503972,True,0,gold
36.71999999999891,0.16007055533355566,-0.005119251632910821,0.23079529260781584,10,0.006838422364354911,True,0,gold
36.739999999998936,0.16006864802654053,-0.005285685978598734,0.23079850472778765,10,0.006696030764513878,True,0,gold
36.75999999999896,0.16006709713373724,-0.005451823364275223,0.2307992980148559,10,0.006597752218616359,True,0,gold
36.779999999998985,0.1600660074601467,-0.005617629455906115,0.23079777098458013,10,0.006548601603446434,True,0,gold
36.79999999999901,0.1600654395425471,-0.0057830992810161885,0.23079420123952565,10,0.006549191593431719,True,0,gold
36.819999999999034,0.16006540672988287,-0.005948255515973496,0.230789010768521,10,0.006596017472505879,True,0,gold
36.83999999999906,0.160065876410018,-0.006113144825137547,0.23078272392883797,10,0.006682006613317353,True,0,gold
36.85999999999908,0.16006677523869772,-0.006277832923868721,0.23077591779918655,10,0.006797320432388787,True,0,gold
36.87999999999911,0.1600679977906307,-0.006442398580353631,0.2307691736623446,10,0.006930338720953825,True,0,gold
36.89999999999913,0.16006941763305055,-0.006606926181841071,0.2307630315343203,10,0.007068694766318946,True,0,gold
36.919999999999156,0.16007089953976295,-0.006771499189463008,0.2307579523091545,10,0.007200321860947101,True,0,gold
36.93999999999918,0.16007231168592695,-0.006936193236031544,0.2307542887504391,10,0.007314401994740905,True,0,gold
36.959999999999205,0.16007353667754332,-0.007101069758640521,0.23075226447521247,10,0.007402177534693542,True,0,gold
36.97999999999923,0.16007448045089573,-0.007266170924090034,0.23075196172034443,10,0.0074575577460416825,True,0,gold
36.999999999999254,0.16007507836107232,-0.007431516296915881,0.2307533200285751,10,0.007477452360331142,True,0,gold
37.01999999999928,0.16007529836269593,-0.007597101761367203,0.23075614628295849,10,0.007461884958447441,True,0,gold
37.0399999999993,0.16007514127730796,-0.007762900884243698,0.23076013376110802,10,0.007413807950908493,True,0,gold
37.05999999999933,0.1600746384391813,-0.007928868595633309,0.23076489266360595,10,0.007338709834736258,True,0,gold
37.07999999999935,0.1600738471203021,-0.008094946957649922,0.23076998631603723,10,0.0072439908871315285,True,0,gold
37.099999999999376,0.16007284433825636,-0.00826107182859817,0.23077497238599864,10,0.007138248053053358,True,0,gold
37.1199999999994,0.16007171954336616,-0.008427179659206903,0.23077944183252166,10,0.007030464696160971,True,0,gold
37.139999999999425,0.16007056683604942,-0.008593213188455207,0.23078305455933423,10,0.006929246099180292,True,0,gold
37.15999999999945,0.16006947712228747,-0.00875912638693733,0.23078556575154976,10,0.006842105773132105,True,0,gold
37.179999999999474,0.16006853093146245,-0.008924887418519252,0.2307868414919965,10,0.006774909709675402,True,0,gold
37.1999999999995,0.16006779243136438,-0.009090480361852511,0.23078686192821535,10,0.006731511454132924,True,0,gold
37.21999999999952,0.16006730499734967,-0.009255904889808484,0.23078571480632273,10,0.006713548381453234,True,0,gold
37.23999999999955,0.16006708867712083,-0.009421174944938876,0.23078357891690574,10,0.006720454275359912,True,0,gold
37.25999999999957,0.16006713977724507,-0.009586316544114841,0.2307807023496696,10,0.0067496532485571735,True,0,gold
37.279999999999596,0.1600674324495049,-0.00975136491392816,0.23077737612121016,10,0.006796890693258433,True,0,gold
37.29999999999962,0.1600679221384647,-0.009916361034587798,0.23077390774160597,10,0.00685669649068025,True,0,gold
37.319999999999645,0.16006855050256003,-0.010081348008558536,0.23077059477183448,10,0.006922906765041291,True,0,gold
37.33999999999967,0.16006925116894966,-0.010246367052177588,0.2307677022811559,10,0.006989195193608321,True,0,gold
37.359999999999694,0.16006995585964023,-0.01041145427898574,0.23076544521436962,10,0.007049618691406447,True,0,gold
37.37999999999972,0.16007060019188019,-0.010576637816961127,0.2307639744116604,10,0.0070990474225046075,True,0,gold
37.39999999999974,0.1600711288162962,-0.010741935969548365,0.2307633686995772,10,0.007133568779978083,True,0,gold
37.41999999999977,0.16007149944396,-0.010907355750346216,0.23076363236905625,10,0.007150718996175343,True,0,gold
37.43999999999979,0.16007168543635547,-0.011072892720145486,0.23076469841244626,10,0.007149608509944821,True,0,gold
37.459999999999816,0.16007167698044322,-0.011238531839276382,0.23076643724379792,10,0.007130912131577892,True,0,gold
37.47999999999984,0.1600714807290069,-0.011404249699362915,0.23076866970588594,10,0.007096704176552633,True,0,gold
37.499999999999865,0.16007111818846148,-0.011570016957902373,0.23077118579794081,10,0.007050219121038501,True,0,gold
37.51999999999989,0.16007062304711325,-0.011735801415052836,0.23077376407060782,10,0.006995503973016439,True,0,gold
37.539999999999914,0.16007003770749834,-0.011901571491372656,0.23077619033830774,10,0.006937046437091717,True,0,gold
37.55999999999994,0.16007022562947398,-0.012051304789033811,0.2307777970849696,10,0.006856419518983953,True,0,gold
37.57999999999996,0.16006646998149698,-0.01216997284081111,0.23074530416144448,10,0.005892570511816641,False,0,gold
37.59999999999999,0.1600472506115918,-0.012260655985449941,0.23061263681886907,10,0.003266316617500401,False,0,gold
37.62000000000001,0.16002818225241333,-0.01229710561278823,0.2304642256627085,10,0.0003724218117397849,False,0,gold
38.68000000000131,0.16004849399968302,-0.008869385918142911,0.23184402749616959,11,0.005118935749502566,True,0,gold
38.70000000000133,0.16006160236011763,-0.008860586703435057,0.23182990679287338,11,0.00719165523613087,True,0,gold
38.720000000001356,0.1600724521839073,-0.008817182300355306,0.23185604841641663,11,0.007521906316137805,True,0,gold
38.74000000000138,0.1600766861863009,-0.00873298521414425,0.2319496457845949,11,0.007720665753202953,True,0,gold
38.760000000001405,0.16007500369850414,-0.008600141177880867,0.23207750433966462,11,0.007275186012645751,True,0,gold
38.78000000000143,0.1600703912857857,-0.008445119333552952,0.23218828634019031,11,0.006683169209718479,True,0,gold
38.800000000001454,0.16006442833578088,-0.008264000385711562,0.23226676402626326,11,0.006074500853569301,True,0,gold
38.82000000000148,0.16005811367712308,-0.008071616974811194,0.23231500742725605,11,0.0055384932593926725,True,0,gold
38.8400000000015,0.16005221531634276,-0.007877823069621068,0.23234824655186764,11,0.0050883901752773715,True,0,gold
38.86000000000153,0.16004730291239827,-0.007688649937445607,0.23237262533863426,11,0.004733278221353019,True,0,gold
38.88000000000155,0.16004373733955857,-0.007506095178509356,0.23238258093444142,11,0.004514964913438302,True,0,gold
38.900000000001576,0.1600416906234506,-0.0073295854717263555,0.23237085714655223,11,0.004464204317025203,True,0,gold
38.9200000000016,0.16004119989138935,-0.007157724391915977,0.23234125450806092,11,0.004568537027728531,True,0,gold
38.940000000001625,0.1600422753243394,-0.006989239768301735,0.2323046291474834,11,0.004794685977050556,True,0,gold
38.96000000000165,0.1600447658570447,-0.0068231510845513845,0.2322695371815768,11,0.005107183674560425,True,0,gold
38.980000000001674,0.16004831241823586,-0.0066587031813786545,0.2322403067251604,11,0.005470540697776481,True,0,gold
39.0000000000017,0.16005246569380757,-0.006495297025030584,0.2322177345416168,11,0.005850907774984319,True,0,gold
39.02000000000172,0.16005680832491526,-0.006332422243418873,0.23219845829431554,11,0.006220701694863938,True,0,gold
39.04000000000175,0.1600609922559944,-0.006169692405035166,0.23218071687753744,11,0.006551744811644777,True,0,gold
39.06000000000177,0.16006473151208794,-0.006006808712116775,0.2321649391075924,11,0.00682320432284087,True,0,gold
39.080000000001796,0.16006780805583426,-0.005843521988987133,0.23215193750748375,11,0.007022449631521649,True,0,gold
39.10000000000182,0.1600700840333994,-0.005679627518274748,0.23214238347383176,11,0.007144659546826414,True,0,gold
39.120000000001845,0.1600715050275252,-0.00551497285889894,0.2321366661894945,11,0.007191926961701043,True,0,gold
39.14000000000187,0.16007209268366152,-0.005349468884122446,0.23213486758525206,11,0.007171993643373273,True,0,gold
39.160000000001894,0.16007193066781972,-0.0051830969858498435,0.23213678309779628,11,0.007096720351877585,True,0,gold
39.18000000000192,0.16007114777061246,-0.005015908476518264,0.23214196894017883,11,0.006980495656701636,True,0,gold
39.20000000000194,0.16006990033366325,-0.004848014951177147,0.23214979625010382,11,0.006838618410358066,True,0,gold
39.22000000000197,0.16006835538517558,-0.004679571375927051,0.23215952463043413,11,0.006685917982986789,True,0,gold
39.24000000000199,0.1600666757730243,-0.004510755658988978,0.2321703753081599,11,0.006535608082798559,True,0,gold
39.260000000002016,0.16006500799018186,-0.004341748217563779,0.2321815967868886,11,0.006398481182028623,True,0,gold
39.28000000000204,0.16006347316400524,-0.004172714712781585,0.23219251948664915,11,0.006282430025498958,True,0,gold
39.300000000002065,0.16006216138874435,-0.004003793398698796,0.23220259433725435,11,0.0061922757458704545,True,0,gold
39.32000000000209,0.16006112943389877,-0.0038350877489394895,0.23221141477578322,11,0.006129892208955128,True,0,gold
39.340000000002114,0.16006040152972223,-0.0036666638450759755,0.2322187215812265,11,0.006094541572020795,True,0,gold
39.36000000000214,0.1600599725482761,-0.0034985516085543843,0.23222439546261164,11,0.006083342642825147,True,0,gold
39.38000000000216,0.16005981323788215,-0.0033307491384157936,0.23222844085883584,11,0.006091892130586531,True,0,gold
39.40000000000219,0.16005987653555784,-0.003163228724289741,0.2322309607512658,11,0.006114842932723751,True,0,gold
39.42000000000221,0.16006010442282242,-0.002995943900932961,0.23223213086092082,11,0.006146536198306695,True,0,gold
39.440000000002236,0.16006043458025232,-0.0028288367891751093,0.232232171685225,11,0.006181496185513107,True,0,gold
39.46000000000226,0.1600608062589307,-0.002661844874324228,0.23223132490375814,11,0.006214864527162549,True,0,gold
39.480000000002285,0.1600611652469917,-0.0024949070191469386,0.23222982945233406,11,0.006242727464050942,True,0,gold
39.50000000000231,0.16006146739229496,-0.0023279681912997405,0.23222790417503422,11,0.006262284429630726,True,0,gold
39.520000000002334,0.16006168070816396,-0.0021609831369367094,0.23222573650634087,11,0.0062719104098938935,True,0,gold
39.54000000000236,0.16006178613859634,-0.0019939185151346918,0.2322234748951859,11,0.006271111157415981,True,0,gold
39.56000000000238,0.1600617771611972,-0.001826753684758572,0.23222122581342375,11,0.006260399877062319,True,0,gold
39.58000000000241,0.1600616583331539,-0.0016594805528436119,0.23221905540767604,11,0.006241076623876275,True,0,gold
39.60000000000243,0.16006144322848054,-0.0014921021404600175,0.232216994274811,11,0.0062150248892828,True,0,gold
39.620000000002456,0.1600611519354489,-0.0013246305504349854,0.23221504429889325,11,0.006184448577894383,True,0,gold
39.64000000000248,0.16006080837468029,-0.001157084607349729,0.23221318759340578,11,0.006151639886680328,True,0,gold
39.660000000002505,0.16006043779506304,-0.0009894871316419645,0.23221139496426285,11,0.006118790290658574,True,0,gold
39.68000000000253,0.16006006443836612,-0.0008218623780475151,0.23220963440364178,11,0.006087798911223825,True,0,gold
39.700000000002554,0.16005970968880417,-0.0006542337681738718,0.2322078784123787,11,0.006060176001712634,True,0,gold
39.72000000000258,0.1600593965048145,-0.00048662248893843084,0.23220600195248492,11,0.006037817353208284,True,0,gold
39.7400000000026,0.16005921160959324,-0.00031905075018818493,0.23220276586059507,11,0.0060348637560004555,True,0,gold
39.76000000000263,0.1600592072836779,-0.00015155910126770308,0.23219736770195987,11,0.006053898734135186,True,0,gold
39.78000000000265,0.16005940911982336,1.5807210155040776e-05,0.23219142834850945,11,0.006091093851869273,True,0,gold
39.800000000002676,0.16005980547206058,0.00018301752681899495,0.2321873802694543,11,0.006140867090659543,True,0,gold
39.8200000000027,0.1600610139154351,0.0003339504643286305,0.23218629185835774,11,0.00614762560640018,True,0,gold
39.840000000002725,0.1600582541916316,0.0004517370193776471,0.23215453496394048,11,0.0052354265786446865,False,0,gold
39.86000000000275,0.16003994956149342,0.0005366391005181595,0.23203213869425107,11,0.0024746455344511536,False,0,gold
39.880000000002774,0.1600263507791766,0.0005628734227496197,0.23194005929031933,11,0.0006485983525986748,False,0,gold
40.94000000000407,0.16004717901406845,0.007563648478845517,0.2272565857438286,12,0.0051535433153058596,True,0,gold
40.960000000004094,0.16006152685442598,0.007574231856038695,0.22724054165096536,12,0.007095623818000279,True,0,gold
40.98000000000412,0.1600714095316783,0.007618547827120204,0.2272780364687197,12,0.007719851424314681,True,0,gold
41.00000000000414,0.16007361740270148,0.007745983712927865,0.22739650064158495,12,0.007639423522386384,True,0,gold
41.02000000000417,0.16007154716216226,0.007902055091113776,0.2275454726352306,12,0.007263459974766005,True,0,gold
41.04000000000419,0.16006724538775144,0.00808443710734997,0.22767822659863093,12,0.006690242944844428,True,0,gold
41.060000000004216,0.16006192669672192,0.00827660424138714,0.22777384211074533,12,0.006024014257016696,True,0,gold
41.08000000000424,0.1600559367750688,0.008469053973108738,0.22783253302956666,12,0.0053597455717211,True,0,gold
41.100000000004265,0.16004983230313513,0.008657373381732373,0.22786084844523702,12,0.004794367210816227,True,0,gold
41.12000000000429,0.16004432005599262,0.00884020423011867,0.22786844953469318,12,0.0043792019093929,True,0,gold
41.140000000004314,0.16003996874498463,0.009017703706718177,0.22786293124150772,12,0.00412189425724691,True,0,gold
41.16000000000434,0.16003719657977705,0.009190982042326077,0.22784590384678205,12,0.004041993895360213,True,0,gold
41.18000000000436,0.16003625903706414,0.00936132811369176,0.22781732075622957,12,0.004144890613558751,True,0,gold
41.20000000000439,0.16003726206103164,0.009529797821488733,0.22778161271618527,12,0.0044129818072933015,True,0,gold
41.22000000000441,0.16004013126056763,0.00969711872596907,0.22774463103509981,12,0.004813437979684529,True,0,gold
41.240000000004436,0.16004456388088167,0.009863757700339863,0.2277110157598367,12,0.005306794991014758,True,0,gold
41.26000000000446,0.16005008662597145,0.010030050386695704,0.22768213058045353,12,0.005848347187411117,True,0,gold
41.280000000004485,0.16005615696081824,0.010196259898253733,0.22765843461504295,12,0.006391243374554166,True,0,gold
41.30000000000451,0.16006222433768635,0.010362619303054703,0.22764029583828307,12,0.0068907181972722,True,0,gold
41.32000000000453,0.16006777741887085,0.01052934951893499,0.22762812055530174,12,0.007307838564866446,True,0,gold
41.34000000000456,0.1600723854438736,0.010696658296761459,0.22762225035658767,12,0.007612412507174747,True,0,gold
41.36000000000458,0.16007573004911607,0.010864721586795523,0.2276228077623451,12,0.007785036298149955,True,0,gold
41.38000000000461,0.16007762243197707,0.011033658585866779,0.22762956235455134,12,0.007818271953018822,True,0,gold
41.40000000000463,0.16007800684418105,0.011203508428853336,0.22764184441654445,12,0.00771684407898687,True,0,gold
41.420000000004656,0.160076382490194,0.011364509814795955,0.2276562869821638,12,0.007275262212821612,True,0,gold
41.44000000000468,0.16007275726322165,0.011531615549469335,0.22768101141900218,12,0.006868773261235641,True,0,gold
41.460000000004705,0.16006806092214199,0.011707083258222853,0.2277096272253968,12,0.006461977184822398,True,0,gold
41.48000000000473,0.1600633764992164,0.01188528561543466,0.2277342537990982,12,0.006079718799112306,True,0,gold
41.50000000000475,0.1600591776875225,0.01206294760385214,0.22775153073289398,12,0.005752977014905715,True,0,gold
41.52000000000478,0.16005568568225775,0.012238530934301465,0.22776071709649545,12,0.0055062690055290514,True,0,gold
41.5400000000048,0.16005306049443002,0.012411703650073878,0.22776240280666088,12,0.005354406934291197,True,0,gold
41.56000000000483,0.1600514198299804,0.012582795107699666,0.22775779115633255,12,0.005302400524772711,True,0,gold
41.58000000000485,0.16005081959970596,0.012752374131963421,0.22774834015673526,12,0.005346281144205626,True,0,gold
41.600000000004876,0.16005123867286747,0.012920998398862935,0.22773556717581028,12,0.005474434659136275,True,0,gold
41.6200000000049,0.1600525751061181,0.013089108032885311,0.22772094331372397,12,0.005669249329194016,True,0,gold
41.640000000004925,0.160054653968964,0.01325701182163142,0.2277058312871704,12,0.0059089940790948495,True,0,gold
41.66000000000495,0.1600572447423133,0.013424913883929104,0.22769144413373826,12,0.006169786785858137,True,0,gold
41.68000000000497,0.16006008467180022,0.013592951116020916,0.2276788155927576,12,0.0064275818672102115,True,0,gold
41.700000000005,0.1600629046593135,0.01376122228195573,0.22766877177562903,12,0.006660043683606118,True,0,gold
41.72000000000502,0.16006630095460134,0.013913547026920318,0.22766112793495244,12,0.006828954858031968,True,0,gold
41.74000000000505,0.16006543007930246,0.014028399037804121,0.22762566798453301,12,0.005980902326306932,False,0,gold
41.76000000000507,0.16004409626038432,0.014050527876105025,0.22742644439709453,12,0.0025203449309190583,False,0,gold
41.780000000005096,0.16003502714593199,0.01407897923072885,0.22737320967093066,12,0.0005345083987163213,False,0,gold
42.84000000000639,0.16003456426807514,0.015333029261299416,0.22862227263306278,13,0.003921435285397478,True,0,gold
42.860000000006416,0.16005020181441323,0.015320287172583115,0.22864199278126554,13,0.006018446753753146,True,0,gold
42.88000000000644,0.16005957137027477,0.015267459365091258,0.22869784178322203,13,0.006771379086153341,True,0,gold
42.900000000006465,0.16006496666351613,0.015165951809423536,0.2288070608279132,13,0.006918768487099468,True,0,gold
42.92000000000649,0.160066078532762,0.015014140598145482,0.22892983457150784,13,0.006941041684091243,True,0,gold
42.94000000000651,0.1600657606940132,0.014852107749423603,0.22902383912188015,13,0.006632076487518318,True,0,gold
42.96000000000654,0.1600646756498228,0.014673340660701601,0.22908516444849317,13,0.006498750081359103,True,0,gold
42.98000000000656,0.16006336853278685,0.01448524593838154,0.22911989080260048,13,0.00642687839531322,True,0,gold
43.00000000000659,0.1600625281467005,0.0142969270818357,0.22914188752575593,13,0.006397465028938507,True,0,gold
43.02000000000661,0.16006241013746716,0.014112971759630048,0.22915673773017373,13,0.006411978306054994,True,0,gold
43.040000000006636,0.16006296305355414,0.013934757206465448,0.22916587403895133,13,0.006474645212275702,True,0,gold
43.06000000000666,0.16006397280725526,0.013761760918348166,0.2291628591534215,13,0.006574056101330333,True,0,gold
43.080000000006685,0.16006533880793078,0.013592566513359992,0.2291459755840565,13,0.006710497948524392,True,0,gold
43.10000000000671,0.1600669968175715,0.01342575250330545,0.22912136692933374,13,0.0068772464556340895,True,0,gold
43.12000000000673,0.16006890596160053,0.013260250024290305,0.22909499786537493,13,0.007060173525337717,True,0,gold
43.14000000000676,0.16007096096281073,0.01309532680404952,0.2290709466343243,13,0.0072436144637634805,True,0,gold
43.16000000000678,0.16007300256800627,0.012930501045878846,0.22905148418177199,13,0.00741205890061415,True,0,gold
43.18000000000681,0.16007485882242004,0.012765461538306945,0.22903755280413385,13,0.007551467548751243,True,0,gold
43.20000000000683,0.16007637708282252,0.012600008920681067,0.22902922168745188,13,0.007650620998613458,True,0,gold
43.220000000006856,0.16007744209549596,0.012434019381309341,0.22902602002742764,13,0.007702227646585587,True,0,gold
43.24000000000688,0.16007798458257605,0.01226742471368871,0.2290271660584667,13,0.007703538632946781,True,0,gold
43.260000000006904,0.16007645096883322,0.012082858190759434,0.2290285405139135,13,0.007554985251924904,True,0,gold
43.28000000000693,0.1600745679025702,0.011897075344097474,0.22903942960311172,13,0.007294896418185782,True,0,gold
43.30000000000695,0.16007374516122483,0.011737834292056708,0.22905689851424832,13,0.007069271637018632,True,0,gold
43.32000000000698,0.1600726041618022,0.011588057013162057,0.22907182004382107,13,0.006918615840978431,True,0,gold
43.340000000007,0.16007110816460673,0.011435052890187139,0.22908127705069337,13,0.0068377377956135195,True,0,gold
43.36000000000703,0.16006968767016141,0.01127398063180322,0.22908496654536,13,0.006810693072329369,True,0,gold
43.38000000000705,0.16006870561358855,0.011105537247814238,0.22908387084251397,13,0.0068234812299821914,True,0,gold
43.400000000007076,0.16006832160944523,0.010932754351786568,0.2290794645385798,13,0.006866448517975203,True,0,gold
43.4200000000071,0.16006852202307809,0.010758724264513138,0.22907318808754745,13,0.006932868146768549,True,0,gold
43.440000000007124,0.1600691925016029,0.010585552633931456,0.22906621116848963,13,0.007016811819528329,True,0,gold
43.46000000000715,0.16007018075147586,0.010414195786479646,0.2290593888347945,13,0.007111809689126264,True,0,gold
43.48000000000717,0.16007133478110772,0.010244738026258885,0.22905331080932156,13,0.007210458944419706,True,0,gold
43.5000000000072,0.1600725203809863,0.010076778581321173,0.2290483660274943,13,0.007304817634179806,True,0,gold
43.52000000000722,0.1600736265307549,0.009909753250315175,0.2290447947339459,13,0.007387198778039484,True,0,gold
43.54000000000725,0.16007456593462985,0.009743136576849542,0.22904271765241582,13,0.007450998609961243,True,0,gold
43.56000000000727,0.16007527465220198,0.00957653338763519,0.2290421513649626,13,0.0074914296516784265,True,0,gold
43.580000000007296,0.1600757120285621,0.009409695376807416,0.22904301725236564,13,0.007505954219756273,True,0,gold
43.60000000000732,0.16007586096553494,0.009242499767531873,0.22904514059868755,13,0.007494456359227778,True,0,gold
43.620000000007344,0.16007572753860994,0.009074915109820732,0.22904826708373993,13,0.00745914343263515,True,0,gold
43.64000000000737,0.16007533950369646,0.008906967738363828,0.22905208115176806,13,0.007404234329256557,True,0,gold
43.66000000000739,0.1600747434465042,0.00873871687115886,0.22905622906995918,13,0.007335463960990791,True,0,gold
43.68000000000742,0.1600740004210957,0.008570237971884487,0.2290603485471241,13,0.007259479867725297,True,0,gold
43.70000000000744,0.1600731805337935,0.008401612166095604,0.22906409906546427,13,0.007183212837898913,True,0,gold
43.72000000000747,0.16007235690826083,0.008232919125266674,0.22906718994293032,13,0.007113265687956375,True,0,gold
43.74000000000749,0.16007159952850575,0.008064233215608457,0.22906940387663918,13,0.007055336944268863,True,0,gold
43.760000000007516,0.16007096957685327,0.007895619854303081,0.22907061148415064,13,0.0070138140243270804,True,0,gold
43.78000000000754,0.16007051470556866,0.007727132793013138,0.22907077690973732,13,0.00699127924298601,True,0,gold
43.800000000007564,0.16007026414083625,0.00755881174786617,0.22906997501679247,13,0.006988215301870522,True,0,gold
43.82000000000759,0.1600702242735524,0.007390679111924331,0.22906843394816456,13,0.007003526944399826,True,0,gold
43.84000000000761,0.1600703810994163,0.007222738385691037,0.2290664221201107,13,0.007034216934259947,True,0,gold
43.86000000000764,0.16007070193664985,0.007054976747842092,0.22906419866302558,13,0.007075894687432377,True,0,gold
43.88000000000766,0.16007114233119543,0.00688736499291576,0.22906192293369065,13,0.0071237867193670226,True,0,gold
43.90000000000769,0.16007165498067355,0.006719864105381678,0.22905953101548668,13,0.0071736265273533335,True,0,gold
43.92000000000771,0.1600721917336872,0.006552429416589484,0.22905703299171284,13,0.007221384907304982,True,0,gold
43.940000000007736,0.16007270762053838,0.006385016481681797,0.22905456987318326,13,0.0072635176231755135,True,0,gold
43.96000000000776,0.16007316408389805,0.00621758533635487,0.22905230865040233,13,0.007297275093419708,True,0,gold
43.980000000007784,0.16007353104433694,0.006050102141782346,0.22905039816943257,13,0.0073208243319581616,True,0,gold
44.00000000000781,0.16007434943125648,0.005898638006924155,0.22904898145742184,13,0.007262693117124991,True,0,gold
44.02000000000783,0.16006945723004534,0.005778691488305124,0.22900967929622182,13,0.0060843445781273,False,0,gold
44.04000000000786,0.1600441576100858,0.005598680633453245,0.22882620017499336,13,0.0028570082751193282,False,0,gold
44.06000000000788,0.1600358715054395,0.005560782167403348,0.22877343790583723,13,0.000900860693318348,False,0,gold
45.12000000000918,0.16004267078958617,0.004465947512968548,0.23006757741500913,14,0.004732173819102187,True,0,gold
45.1400000000092,0.1600550085008519,0.004510253704944623,0.23007245716085906,14,0.006714521668820975,True,0,gold
45.16000000000923,0.1600635236416489,0.004597406777163957,0.2301359186803604,14,0.007258311636412525,True,0,gold
45.18000000000925,0.16006803743127135,0.004727972506532421,0.23025454557208994,14,0.007337800603907625,True,0,gold
45.200000000009275,0.16006757377449818,0.004878586676332373,0.23038244738825744,14,0.006888073954179248,True,0,gold
45.2200000000093,0.16006491627998726,0.005048294800914524,0.23049657608176918,14,0.006462104361217792,True,0,gold
45.240000000009324,0.16006124770353625,0.005227034408491124,0.23057562884875757,14,0.0060016749881096915,True,0,gold
45.26000000000935,0.16005714006879726,0.005407657487999037,0.23061944083857866,14,0.005561917195974914,True,0,gold
45.28000000000937,0.16005292542471578,0.005586643721573835,0.23063809459968057,14,0.0051801695228519485,True,0,gold
45.3000000000094,0.1600490078395573,0.005762624990601701,0.23064418677810902,14,0.0048764982553720386,True,0,gold
45.32000000000942,0.16004580640939425,0.005935443628391072,0.23064213057801292,14,0.004671573697514003,True,0,gold
45.34000000000945,0.16004361669482464,0.006105561871865756,0.23063200186815438,14,0.0045812889235713715,True,0,gold
45.36000000000947,0.1600426153509561,0.0062736454657480005,0.23061341732837345,14,0.0046120945065491244,True,0,gold
45.380000000009495,0.16004289005003153,0.006440316931731959,0.23058658622370667,14,0.004760972990835507,True,0,gold
45.40000000000952,0.16004444357831282,0.0066060519429034965,0.23055240647813455,14,0.005016921911523514,True,0,gold
45.420000000009544,0.1600471932368116,0.006771165754382863,0.2305125482591105,14,0.005362155105380969,True,0,gold
45.44000000000957,0.16005099890659524,0.006935739594284914,0.23047578327689702,14,0.005757172392031408,True,0,gold
45.46000000000959,0.16005549460575924,0.007099863345136258,0.2304488793968358,14,0.0061699247015229814,True,0,gold
45.48000000000962,0.16006020145983646,0.007263750550772504,0.23043267228123915,14,0.00656830191484848,True,0,gold
45.50000000000964,0.16006468296487858,0.007427675124498398,0.23042510635453847,14,0.006919945388632384,True,0,gold
45.52000000000967,0.1600685844007275,0.007591896683819254,0.23042404654539678,14,0.007197143382293977,True,0,gold
45.54000000000969,0.16007163059835636,0.007756629894072328,0.2304279449669587,14,0.007380094534325832,True,0,gold
45.560000000009715,0.16007367199584507,0.007920450065583957,0.23043538940894961,14,0.00718819726420669,True,0,gold
45.58000000000974,0.16007334850011232,0.008042732464362896,0.2304398816113041,14,0.006879848846361642,True,0,gold
45.600000000009764,0.16006961920492122,0.008208800282434031,0.23046768908839052,14,0.006663643928649372,True,0,gold
45.62000000000979,0.16006516753815378,0.00839986387956123,0.23049885258469163,14,0.006445942299248297,True,0,gold
45.64000000000981,0.1600619360708514,0.008594535899455998,0.2305219996743755,14,0.00624058693001072,True,0,gold
45.66000000000984,0.1600600007434349,0.008781277812866724,0.23053468879704084,14,0.006080208243033661,True,0,gold
45.68000000000986,0.16005898494672982,0.008957235311836615,0.2305381904836169,14,0.005983978836134773,True,0,gold
45.70000000000989,0.16005859309008938,0.009124500918758558,0.23053487770272774,14,0.0059551870488570935,True,0,gold
45.72000000000991,0.16005866665043356,0.00928675916790574,0.23052716612700308,14,0.005986169351429234,True,0,gold
45.740000000009935,0.16005912643955064,0.009447286221239757,0.2305171560370083,14,0.006063391281153855,True,0,gold
45.76000000000996,0.16005991287414525,0.00960819460575585,0.23050652980719147,14,0.006171112324549963,True,0,gold
45.780000000009984,0.16006095074310286,0.009770451356246306,0.23049653937429354,14,0.006293592944023125,True,0,gold
45.80000000001001,0.1600621390142431,0.00993422349203773,0.23048803684107338,14,0.006416310303167422,True,0,gold
45.82000000001003,0.16006335769946262,0.010099261550995511,0.23048153333697366,14,0.0065266993630649145,True,0,gold
45.84000000001006,0.16006448245281593,0.01026518978404131,0.2304772669542335,14,0.006614647007348971,True,0,gold
45.86000000001008,0.1600654002503627,0.010431671773040004,0.2304752644684863,14,0.006672860996733267,True,0,gold
45.88000000001011,0.16006570237201728,0.010601318355862584,0.23044228066699138,14,0.0065651605449495035,True,0,gold
45.90000000001013,0.1600615892395982,0.010745913316865582,0.23039209231152954,14,0.005784118178547091,True,0,gold
45.920000000010155,0.16005677363091803,0.010914068481739456,0.2304526562887628,14,0.005515009848240239,True,0,gold
45.94000000001018,0.16005199473455356,0.01110579008272118,0.2305235867406631,14,0.005387476035216312,True,0,gold
45.960000000010204,0.1600501718171332,0.01129707598416084,0.23056552075455203,14,0.005393853395800641,True,0,gold
45.98000000001023,0.16005101513323014,0.011476082093856742,0.2305763229968981,14,0.0055450826582884305,True,0,gold
46.00000000001025,0.16005357073603316,0.011641900938951406,0.23056461147482898,14,0.005819616054573128,True,0,gold
46.02000000001028,0.16005712958165302,0.011799048582820876,0.23054010415203638,14,0.006173704412475495,True,0,gold
46.0400000000103,0.16006119052753173,0.0119529447681188,0.23051082717939006,14,0.006557690682902927,True,0,gold
46.06000000001033,0.1600653331480151,0.012107622722586994,0.23048264703238178,14,0.006925367852128975,True,0,gold
46.08000000001035,0.16006893114473605,0.012261565695412013,0.23045849972069948,14,0.0070833784706519475,True,0,gold
46.100000000010375,0.16007106419806888,0.01241343498101876,0.23044394048898725,14,0.007176593820089205,True,0,gold
46.1200000000104,0.1600703487963978,0.01258841493015483,0.23044062271149568,14,0.0070405478152744255,True,0,gold
46.140000000010424,0.16006851733826138,0.01275427959144116,0.23044997954092325,14,0.006661155672990726,True,0,gold
46.16000000001045,0.16006625213182485,0.012923662622030598,0.23047332123371422,14,0.00646815545286412,True,0,gold
46.18000000001047,0.16006408111293474,0.013095854963146412,0.23049567604396656,14,0.006347842043956026,True,0,gold
46.2000000000105,0.1600626170369664,0.013267881070789706,0.23051002153600228,14,0.0062846750583120375,True,0,gold
46.22000000001052,0.16006187549994827,0.013438464904996776,0.23051568638654513,14,0.006268426027593142,True,0,gold
46.240000000010546,0.16006178136012023,0.013596226731813451,0.23051247306223993,14,0.0058567166551366,True,0,gold
46.26000000001057,0.1600612534676075,0.013707259377768772,0.2305025658086135,14,0.005776397463369429,True,0,gold
46.280000000010595,0.1600576209971355,0.013881018485355966,0.23051099790593801,14,0.005788581362710532,True,0,gold
46.30000000001062,0.16005457660891376,0.014085893452731773,0.2305193824969203,14,0.005838284484805257,True,0,gold
46.320000000010644,0.16005409537688367,0.014290650460163066,0.23051985971297934,14,0.0059274335522709306,True,0,gold
46.34000000001067,0.1600557443853809,0.014480055498226004,0.23051273066573988,14,0.006073580830138728,True,0,gold
46.36000000001069,0.16005736135114185,0.014659880762476716,0.2304981786327621,14,0.006110215418868911,True,0,gold
46.38000000001072,0.1600590312923864,0.014828504544337562,0.23048743891629972,14,0.0061767817426945995,True,0,gold
46.40000000001074,0.16006159803123893,0.014971444252670565,0.2304804486902527,14,0.006043045739492318,True,0,gold
46.420000000010766,0.1600634591343214,0.015026562590506177,0.23046623192236118,14,0.005701707609217384,True,0,gold
46.44000000001079,0.16005937519392943,0.015178393541398385,0.23048005920033696,14,0.005801563377766473,True,0,gold
46.460000000010815,0.16005487448285832,0.015392160252626071,0.23050003679648723,14,0.005924793188399199,True,0,gold
46.48000000001084,0.16005384828934655,0.015615858869827977,0.23050916740790517,14,0.0060649156818888975,True,0,gold
46.500000000010864,0.16005582747885413,0.01582738530505304,0.23050421178201352,14,0.006252841959881291,True,0,gold
46.52000000001089,0.1600538267448009,0.01607790683525162,0.23047593811345965,14,0.006075660183081784,True,0,gold
46.54000000001091,0.16005774453720384,0.016241814800477625,0.23047795760340595,14,0.006045762505722042,True,0,gold
46.56000000001094,0.16006359409210213,0.01633015547020367,0.23048107615445662,14,0.006220772925965696,True,0,gold
46.58000000001096,0.1600598985403989,0.016279505210626932,0.23042831843585934,14,0.0048668970038308855,False,0,gold
46.600000000010986,0.16003961803649563,0.01633607705775675,0.2303125697881015,14,0.0019400060848133553,False,0,gold
46.62000000001101,0.1600362670698907,0.0163522727460124,0.23029454263020924,14,0.0008397665907839804,False,0,gold
47.680000000012306,0.16003458284068667,0.016279661931656704,0.23143061739952767,15,0.003642268870378981,True,0,gold
47.70000000001233,0.16004901776235286,0.01628533009424681,0.23145021426856716,15,0.005763921745865513,True,0,gold
47.720000000012355,0.16005778245790697,0.016249457047138188,0.2315077606498277,15,0.006515231684489677,True,0,gold
47.74000000001238,0.16006397155368593,0.016172341448755366,0.23160801202349038,15,0.006870908915289904,True,0,gold
47.760000000012404,0.16006625398663116,0.01603693354176211,0.2317201030798041,15,0.006851513613568251,True,0,gold
47.78000000001243,0.16006653162389917,0.0158634646335985,0.23181066758312383,15,0.00691397669078083,True,0,gold
47.80000000001245,0.16006788683880838,0.01567754751610173,0.23186517295242312,15,0.007092652357434897,True,0,gold
47.82000000001248,0.16006826807158187,0.015478659776062297,0.2318913476219616,15,0.007109244816467386,True,0,gold
47.8400000000125,0.16007001433641313,0.015290835292221895,0.23190706966707625,15,0.007250948629545383,True,0,gold
47.860000000012526,0.16007179649414863,0.015122701216952248,0.23191525339519115,15,0.007206301010590051,True,0,gold
47.88000000001255,0.16007316483859438,0.014959036510483218,0.23192514421890714,15,0.00732110030021776,True,0,gold
47.900000000012575,0.16007381428665146,0.014786880864862484,0.23192719880596024,15,0.007391440879261853,True,0,gold
47.9200000000126,0.16007379423062962,0.014607059359665914,0.23191917402599282,15,0.007428076778396416,True,0,gold
47.940000000012624,0.1600750257773479,0.014436978964906479,0.2319064057901758,15,0.0075361060139313985,True,0,gold
47.96000000001265,0.1600756180460375,0.014265151921339873,0.23188735393758947,15,0.0072479067676999055,True,0,gold
47.98000000001267,0.16007469422690207,0.014107766258816176,0.2318720577701184,15,0.007236748577920832,True,0,gold
48.0000000000127,0.16007426226572863,0.013946638044127274,0.23186725812248785,15,0.007247676569445071,True,0,gold
48.02000000001272,0.16007422395999105,0.013781990810426057,0.23186327156443617,15,0.007359028957786209,True,0,gold
48.040000000012746,0.16007417526162876,0.013609724095248518,0.2318557571542912,15,0.007394916888165074,True,0,gold
48.06000000001277,0.1600740901287141,0.01343338826057759,0.23185069923045792,15,0.007413433535984202,True,0,gold
48.080000000012795,0.1600751067212648,0.01326590399285279,0.2318489574473996,15,0.007498747628389951,True,0,gold
48.10000000001282,0.16007549406839405,0.013113267273069204,0.2318450542682722,15,0.007346482976319926,True,0,gold
48.120000000012844,0.16007172759778623,0.01291835161261218,0.23184184175870295,15,0.0070447392585845335,True,0,gold
48.14000000001287,0.16006975490488368,0.012737331992589754,0.23185712688657717,15,0.00683823074348936,True,0,gold
48.16000000001289,0.16006979245268452,0.012582150368156518,0.23187323006234237,15,0.006812799486425229,True,0,gold
48.18000000001292,0.1600705228493107,0.012434173264149303,0.2318797109939422,15,0.006949759178578052,True,0,gold
48.20000000001294,0.16007179366021634,0.012282035254063652,0.2318756542921156,15,0.00719331368792274,True,0,gold
48.220000000012966,0.1600736573327061,0.012122176655497384,0.2318639539924582,15,0.007484337536983749,True,0,gold
48.24000000001299,0.16007483476852324,0.011949570877949515,0.2318446207976394,15,0.007420288366680723,True,0,gold
48.260000000013015,0.16007136881002298,0.011734736631097293,0.23182734449963155,15,0.007194899969301005,True,0,gold
48.28000000001304,0.16007189503293456,0.011568168177313352,0.23184100810115507,15,0.007043479121189468,True,0,gold
48.300000000013064,0.16007307903515958,0.011427304393669242,0.2318555345494687,15,0.007077252170822044,True,0,gold
48.32000000001309,0.16007410512659356,0.011286878305227422,0.2318623225173467,15,0.007252988356908246,True,0,gold
48.34000000001311,0.16007521318346668,0.011134746736689655,0.2318605947261141,15,0.0075018875734181485,True,0,gold
48.36000000001314,0.16007635416188992,0.010964479315710091,0.23185144059257992,15,0.007712656705990995,True,0,gold
48.38000000001316,0.160071073974786,0.010714026275039123,0.23183334232071975,15,0.007337575092410316,True,0,gold
48.400000000013186,0.16007144560671405,0.010533350430603971,0.23184747488611418,15,0.007053305651972293,True,0,gold
48.42000000001321,0.16007290714248593,0.010395911771007783,0.23186356578527859,15,0.006980508591308264,True,0,gold
48.440000000013235,0.1600737719544846,0.010266266367511212,0.23187202942054366,15,0.007088060521625557,True,0,gold
48.46000000001326,0.1600744105729328,0.010125431825678459,0.23187180417310202,15,0.007302661136411778,True,0,gold
48.480000000013284,0.16007545111153337,0.00997058897274366,0.23186362413780215,15,0.007239062038663093,True,0,gold
48.50000000001331,0.1600752529759602,0.009847453934318816,0.23184798465922296,15,0.007173267152078959,True,0,gold
48.52000000001333,0.16007357480021794,0.009673553829531008,0.2318486300372223,15,0.007291812874283793,True,0,gold
48.54000000001336,0.16007231572879838,0.009472776204089215,0.23185279842710355,15,0.007447839391019193,True,0,gold
48.56000000001338,0.16007164602840657,0.009248917492668648,0.2318487690063011,15,0.007537039892612679,True,0,gold
48.580000000013406,0.16006595093713966,0.008957918276376325,0.23183902367996492,15,0.007075915895448346,True,0,gold
48.60000000001343,0.16006809685317136,0.00878468541150586,0.2318570863269383,15,0.0067284213507898495,True,0,gold
48.620000000013455,0.16007123355512365,0.008676582541495576,0.23186856141038178,15,0.006684039637519864,True,0,gold
48.64000000001348,0.1600730733518605,0.008577112696168643,0.23187172052491734,15,0.006895501271938307,True,0,gold
48.660000000013504,0.16007432783386683,0.00845748135506085,0.23186814848397283,15,0.007249011468825707,True,0,gold
48.68000000001353,0.16007586042607302,0.00831175295925692,0.23186020436936414,15,0.007636013096115346,True,0,gold
48.70000000001355,0.1600779531997787,0.008145736043854643,0.2318491814731257,15,0.007691890456384137,True,0,gold
48.72000000001358,0.16007883427777958,0.007976439615213621,0.23183645904250022,15,0.007894613543086949,True,0,gold
48.7400000000136,0.16007260059416573,0.007719463703817123,0.2318240692780937,15,0.007413629686990886,True,0,gold
48.760000000013626,0.16007188472684908,0.007530751894159799,0.23184230944730472,15,0.007055966085914986,True,0,gold
48.78000000001365,0.16007264967270046,0.0073872915427160065,0.23185819833653498,15,0.006941322248184663,True,0,gold
48.800000000013675,0.16007317495678786,0.00725405665429007,0.23186553379262356,15,0.007032377233688313,True,0,gold
48.8200000000137,0.160073734984287,0.007111611134482987,0.23186605022244935,15,0.007251314796676844,True,0,gold
48.840000000013724,0.1600748104693653,0.006954798925247203,0.2318617275111477,15,0.0075261201023475366,True,0,gold
48.86000000001375,0.16007652618647816,0.006786628115960503,0.2318545435945054,15,0.007800813087425433,True,0,gold
48.88000000001377,0.16007810503278525,0.0066359634756157975,0.23184249448967248,15,0.00756572938713552,True,0,gold
48.9000000000138,0.16007803735314957,0.006487132549924748,0.2318401291340675,15,0.007542283610563277,True,0,gold
48.92000000001382,0.16007462399734015,0.006268678962362284,0.23183917289401232,15,0.007613204279895061,True,0,gold
48.940000000013846,0.1600656296327552,0.005952011998617822,0.23183659137707616,15,0.007047889114286571,True,0,gold
48.96000000001387,0.1600666031646255,0.005767404951687607,0.2318625526684874,15,0.006575544699219087,True,0,gold
48.980000000013895,0.16006944850887478,0.005661596039347922,0.23187907920307305,15,0.006448113322812096,True,0,gold
49.00000000001392,0.1600709483296105,0.005568446722248028,0.23188546913794014,15,0.006618870732240419,True,0,gold
49.020000000013944,0.1600717366775344,0.00545354929163167,0.2318837810503871,15,0.00695708729790871,True,0,gold
49.04000000001397,0.16007283416824486,0.005309292792070445,0.23187618007503866,15,0.007341661846718313,True,0,gold
49.06000000001399,0.16007523565540105,0.005158033933700571,0.23186553749489064,15,0.007635352727114818,True,0,gold
49.08000000001402,0.16007110939000876,0.005049891264758126,0.23180092584208176,15,0.006206931138106788,False,0,gold
49.10000000001404,0.160038625777029,0.004863489315687086,0.23162493529794675,15,0.0016150158346768225,False,0,gold
49.120000000014066,0.16003533871440961,0.004850529732646898,0.23161352151015926,15,0.0006010520247507423,False,0,gold
50.18000000001536,0.16004266863116173,0.005146385482877244,0.23286762819126836,16,0.004222553033490345,True,0,gold
50.200000000015386,0.16005435565458886,0.005153437757334644,0.23288794140280078,16,0.006416097136344461,True,0,gold
50.22000000001541,0.1600618159636771,0.005200754710074061,0.23295320255338536,16,0.007000443915078053,True,0,gold
50.240000000015435,0.16006539199057856,0.0053071470113675474,0.23306604428041142,16,0.006984547446016894,True,0,gold
50.26000000001546,0.16006547774574903,0.005464027763094109,0.23319153735827938,16,0.006718599972111955,True,0,gold
50.280000000015484,0.16006281009216722,0.005642008918539482,0.2332928759956785,16,0.006375781577785212,True,0,gold
50.30000000001551,0.1600602810366886,0.005831499042459699,0.23336621567798388,16,0.006122040109557561,True,0,gold
50.32000000001553,0.16005831105163187,0.006021732358732645,0.23340258237678052,16,0.005962347611947679,True,0,gold
50.34000000001556,0.16005707955053605,0.006207523604610892,0.23341009542199553,16,0.0057538892061822005,True,0,gold
50.36000000001558,0.1600543376631859,0.006400941251987095,0.2334034022764747,16,0.005601250504226375,True,0,gold
50.380000000015606,0.16005346659690656,0.006577165564767184,0.23339672890222232,16,0.005521532002954063,True,0,gold
50.40000000001563,0.1600535336692422,0.00674339386848182,0.23338413401191024,16,0.005566780081091673,True,0,gold
50.420000000015655,0.16005379925467325,0.0068970877205941795,0.23336358922098793,16,0.0054948233453906955,True,0,gold
50.44000000001568,0.1600540582832505,0.007052567099187297,0.23334287753494926,16,0.0055932922094912305,True,0,gold
50.460000000015704,0.1600547766607554,0.007217161680191331,0.23331908759251588,16,0.005806281741760103,True,0,gold
50.48000000001573,0.1600565245653724,0.007386141380669578,0.23329162601972886,16,0.0060884658525991045,True,0,gold
50.50000000001575,0.16005927376475476,0.007556221609345189,0.23326630567731207,16,0.006267666995265884,True,0,gold
50.52000000001578,0.16005975137262057,0.0077304292598973125,0.23324452829865783,16,0.006208851603829541,True,0,gold
50.5400000000158,0.16006090838753811,0.00789654041922163,0.23324584633430745,16,0.006268287912782874,True,0,gold
50.560000000015826,0.16006209540092997,0.008063073990378844,0.23325558205113545,16,0.006422145240045093,True,0,gold
50.58000000001585,0.16006306085874022,0.00822624337989408,0.23326119961208644,16,0.006347121236843819,True,0,gold
50.600000000015875,0.1600619392115359,0.008396859929519667,0.23326737342432985,16,0.006248457557015245,True,0,gold
50.6200000000159,0.16006174466752915,0.008565941423325642,0.23328226782688652,16,0.006281695873652615,True,0,gold
50.640000000015924,0.16006230022936455,0.008733567941609463,0.233292302810324,16,0.006408811840006369,True,0,gold
50.66000000001595,0.16006302688609306,0.008867832716284985,0.23328768752986537,16,0.0061072227242028616,True,0,gold
50.68000000001597,0.16006215527459347,0.009017340371662769,0.2332927301056646,16,0.006137033834575704,True,0,gold
50.700000000016,0.1600554025492971,0.009269519796938375,0.2332801757752394,16,0.005980925938417279,True,0,gold
50.72000000001602,0.16005062705312204,0.009518674036599941,0.23329279181949064,16,0.005515332186759354,True,0,gold
50.740000000016046,0.16005283086866684,0.009672271941864746,0.2333218615969591,16,0.005380022184723527,True,0,gold
50.76000000001607,0.16005617120939503,0.009784214840198915,0.23333616385062766,16,0.005585212292738859,True,0,gold
50.780000000016095,0.16005920854227118,0.009896466971322269,0.2333321866963341,16,0.005997603608598069,True,0,gold
50.80000000001612,0.16006216342531887,0.010008916000049552,0.23331135718716517,16,0.005964172301289864,True,0,gold
50.820000000016144,0.16006321247280847,0.010097290029142936,0.23328446023854266,16,0.006080776636860321,True,0,gold
50.84000000001617,0.16006106540557347,0.01027802330091438,0.2332795414968829,16,0.006374885565101578,True,0,gold
50.86000000001619,0.16005977631686144,0.010504611151466347,0.23327883376778044,16,0.006808549272751267,True,0,gold
50.88000000001622,0.16005385363528418,0.010832479110244736,0.2332461874948108,16,0.006448252845793998,True,0,gold
50.90000000001624,0.1600555294302632,0.011064918245423487,0.23325948981888808,16,0.006137150563655978,True,0,gold
50.920000000016266,0.16006125510246894,0.011195566319413427,0.23328126200398422,16,0.00605038546394544,True,0,gold
50.94000000001629,0.16006477170672292,0.011171913453131588,0.23326706395340205,16,0.005761760526092991,True,0,gold
50.960000000016315,0.1600632726945147,0.011211613655525091,0.2332783985258723,16,0.00564693359044149,True,0,gold
50.98000000001634,0.16005666309209368,0.01141006378464565,0.23331359431163842,16,0.005950731113040098,True,0,gold
51.000000000016364,0.1600526888534896,0.011674800400778113,0.2333311463087608,16,0.006233904493424987,True,0,gold
51.02000000001639,0.1600540169289375,0.011935518494986046,0.23332609883321273,16,0.006451162762727715,True,0,gold
51.04000000001641,0.1600539606198443,0.012206666421775382,0.23329707452311482,16,0.0063751127595292785,True,0,gold
51.06000000001644,0.1600593947479071,0.01239328224100483,0.23328767955521676,16,0.00647706615929942,True,0,gold
51.08000000001646,0.16006522448163824,0.012518127001034916,0.23327780061973805,16,0.00655675417850187,True,0,gold
51.100000000016486,0.1600676529119316,0.012633972455694711,0.23326620688894042,16,0.006496166403342361,True,0,gold
51.12000000001651,0.16006785578929586,0.012756774747877274,0.23326374295205057,16,0.006546365707555672,True,0,gold
51.140000000016535,0.16006756208983552,0.012901447603623212,0.23326839937700514,16,0.006631998066014361,True,0,gold
51.16000000001656,0.1600651118974067,0.013060733652117209,0.23326928773309558,16,0.006411534671586246,True,0,gold
51.180000000016584,0.16006405860587009,0.013229627415402807,0.23328054306603233,16,0.006460334166420657,True,0,gold
51.20000000001661,0.16006132998766653,0.013404053484756862,0.23328084134084784,16,0.0061054232875351385,True,0,gold
51.22000000001663,0.1600598939757312,0.01357976151499683,0.23329250111679012,16,0.006083106226300135,True,0,gold
51.24000000001666,0.16005986682961681,0.013751397346141392,0.23329986300091302,16,0.006099305079619859,True,0,gold
51.26000000001668,0.16005903502721908,0.013920117108435772,0.23329543147711485,16,0.006037712464980188,True,0,gold
51.280000000016706,0.16005899680645358,0.014094628366839031,0.23329567303421242,16,0.006138508681788169,True,0,gold
51.30000000001673,0.16005985710082066,0.014253945203737094,0.23329179720162352,16,0.006143986774125012,True,0,gold
51.320000000016755,0.16005925677552965,0.01442832088364355,0.23328662550491558,16,0.00613020997363541,True,0,gold
51.34000000001678,0.16005933206719258,0.014587899363227672,0.23328494712434927,16,0.006053730002443408,True,0,gold
51.360000000016804,0.16005934120311743,0.01475816797872223,0.23328534318634492,16,0.006122036084706252,True,0,gold
51.38000000001683,0.16005866631054255,0.014923911793127766,0.23328302673703685,16,0.006005429828838403,True,0,gold
51.40000000001685,0.16005945253916645,0.015090975631103684,0.2332872382592386,16,0.005961707162600743,True,0,gold
51.42000000001688,0.16005729549616518,0.015238504835136571,0.2332758083300352,16,0.005605186537541596,True,0,gold
51.4400000000169,0.16005564306990555,0.015405486101887425,0.23328993062329803,16,0.005672792465618586,True,0,gold
51.460000000016926,0.1600551931774833,0.015588254536378849,0.23330078477315522,16,0.005928474162974002,True,0,gold
51.48000000001695,0.16005241414748303,0.015799035685076315,0.23328381166396644,16,0.005665073552584139,True,0,gold
51.500000000016975,0.16005348713179807,0.01597206769855472,0.23328709449373672,16,0.005638289082415264,True,0,gold
51.520000000017,0.16005381202010924,0.016042169845901334,0.2332577102079466,16,0.0047903860765086135,False,0,gold
51.540000000017024,0.16003032446900733,0.01602877950610875,0.23307442816028662,16,0.0012098835764635261,False,0,gold
52.620000000018344,0.16001892757567127,0.015777353386246112,0.23431001797888712,17,0.0024638728559811464,True,0,gold
52.64000000001837,0.16004566019067137,0.01576108912011211,0.23432770936152933,17,0.004940067575431777,True,0,gold
52.66000000001839,0.16005404669600132,0.01572247502120112,0.23435293339446675,17,0.006303548980459405,True,0,gold
52.68000000001842,0.1600621818591059,0.015632638323843876,0.2344168533118674,17,0.006552407236872529,True,0,gold
52.70000000001844,0.16006579893843575,0.015491949409338745,0.2345020745808001,17,0.007058116476924061,True,0,gold
52.720000000018466,0.16006594597748852,0.015320385702051714,0.2345792867580845,17,0.006822065473586209,True,0,gold
52.74000000001849,0.16006646767597657,0.015139928117603518,0.23464090692929063,17,0.006799608480277536,True,0,gold
52.760000000018515,0.1600682357856592,0.01496413914983926,0.23467275233306178,17,0.007068045508817268,True,0,gold
52.78000000001854,0.16006970506260584,0.014773572488744367,0.23468589859001018,17,0.0073183012654631395,True,0,gold
52.800000000018564,0.16007330245855286,0.014590434382444253,0.23469059686682678,17,0.0077452448859502325,True,0,gold
52.82000000001859,0.16007545226185466,0.01441998578645502,0.2346911090728147,17,0.007701467645332809,True,0,gold
52.84000000001861,0.16007788969115117,0.014247695676419151,0.2346942584615641,17,0.007897261191093675,True,0,gold
52.86000000001864,0.16007933794266943,0.014084208569233068,0.23469325715134134,17,0.007881296740934933,True,0,gold
52.88000000001866,0.16008026744663387,0.013917743461458094,0.23468881260155913,17,0.007956648596253132,True,0,gold
52.900000000018686,0.1600808358925383,0.013757395974599265,0.23468032936903038,17,0.007782818038457538,True,0,gold
52.92000000001871,0.1600799599342772,0.013587103386447112,0.23467222702919321,17,0.007834429669518393,True,0,gold
52.940000000018735,0.16007970392299475,0.013413756537175189,0.23466594887732808,17,0.007579301936129581,True,0,gold
52.96000000001876,0.16007890774039013,0.013253694978908269,0.2346602240264342,17,0.0076845270600637925,True,0,gold
52.980000000018784,0.1600782795397967,0.013082344987843206,0.2346571213737365,17,0.007700870609043863,True,0,gold
53.00000000001881,0.1600781730955933,0.012915772898250199,0.2346541048301757,17,0.007642859417512447,True,0,gold
53.02000000001883,0.16007770721032888,0.012750060335863712,0.23465061204169455,17,0.007616014491107821,True,0,gold
53.04000000001886,0.1600778950636353,0.012579314450792333,0.23465157513637827,17,0.007754921294187078,True,0,gold
53.06000000001888,0.16007670503530683,0.012413255925981444,0.23464591315895839,17,0.007469437929472581,True,0,gold
53.080000000018906,0.16007666396741838,0.012247275798092549,0.2346504742516255,17,0.007565764970884726,True,0,gold
53.10000000001893,0.16007325725129534,0.012039041325435857,0.2346498003744153,17,0.007348320233326069,True,0,gold
53.120000000018955,0.16007418564215312,0.011871700249343893,0.23465841646734514,17,0.007306819742652985,True,0,gold
53.14000000001898,0.16007600147381734,0.011822779040470126,0.23465042286963111,17,0.006619834925094332,True,0,gold
53.160000000019004,0.16007287599797504,0.011690316367692022,0.23466320461173967,17,0.0068775239796585235,True,0,gold
53.18000000001903,0.1600654845987204,0.011402844463975846,0.2346602144967498,17,0.0073700581903733695,True,0,gold
53.20000000001905,0.16005459601429614,0.011004998064238379,0.23465242962424798,17,0.006560822142695147,True,0,gold
53.22000000001908,0.16005862886864014,0.01081512497546989,0.2346893399769484,17,0.006015540608812794,True,0,gold
53.2400000000191,0.16006559050053815,0.010748251137001756,0.23470501720925468,17,0.006044609762337145,True,0,gold
53.260000000019126,0.16007054481250677,0.010701095365000166,0.2347054285056482,17,0.006559633680741913,True,0,gold
53.28000000001915,0.16007447390607044,0.01062157544108414,0.23469368490393563,17,0.00731066224289981,True,0,gold
53.300000000019175,0.1600765823574832,0.010519783110876743,0.23466865317576135,17,0.007511659936750103,True,0,gold
53.3200000000192,0.1600774734965052,0.010355736717891495,0.23464441917338244,17,0.007923418932232437,True,0,gold
53.340000000019224,0.16007702449334554,0.010159443008519018,0.2346214988094602,17,0.007905062564350742,True,0,gold
53.36000000001925,0.16007814825438055,0.009958583942293294,0.2346161871637737,17,0.008081118662562597,True,0,gold
53.38000000001927,0.16008036548428195,0.009760859967295223,0.23461665154838543,17,0.008278007356210128,True,0,gold
53.4000000000193,0.16008078899493883,0.009575702374548167,0.23461637942436087,17,0.008112381620618983,True,0,gold
53.42000000001932,0.16008090969921718,0.00939029796243221,0.2346226867973921,17,0.008056815295171754,True,0,gold
53.440000000019346,0.16008095452116766,0.009223896629167503,0.23463049100252126,17,0.007884941596201794,True,0,gold
53.46000000001937,0.16008087359894257,0.009059171920265322,0.23463972655376042,17,0.007869599268447294,True,0,gold
53.480000000019395,0.16008020323098204,0.008885064857409683,0.2346480247156748,17,0.007925196873962996,True,0,gold
53.50000000001942,0.1600799803775932,0.00872822923515375,0.23465169640641995,17,0.007712811651249662,True,0,gold
53.520000000019444,0.1600786627848662,0.008556150505370248,0.2346571604389248,17,0.007704598326590831,True,0,gold
53.54000000001947,0.1600788767132513,0.008390118061963492,0.23466089366605075,17,0.007544743813586545,True,0,gold
53.56000000001949,0.16007709728631067,0.008222637510394185,0.23466027345835186,17,0.007510989474993847,True,0,gold
53.58000000001952,0.16007709390598912,0.008055587197914656,0.2346634614422794,17,0.00762686700196517,True,0,gold
53.60000000001954,0.16007645465449163,0.007877893040079225,0.23466070537811992,17,0.0076338226547689,True,0,gold
53.620000000019566,0.1600765272788337,0.007720386050290058,0.23465757132776038,17,0.007509867286288315,True,0,gold
53.64000000001959,0.16007572314724347,0.007547578576278134,0.234656058761016,17,0.007489688380027022,True,0,gold
53.660000000019615,0.1600762799959401,0.0073767891586675825,0.23465628787423068,17,0.0076494752874513225,True,0,gold
53.68000000001964,0.1600745506835042,0.0072005739466636295,0.234648606323233,17,0.007331290241520347,True,0,gold
53.700000000019664,0.1600726677954497,0.007011345966494535,0.23465280978167993,17,0.007216754554279194,True,0,gold
53.72000000001969,0.160073874857525,0.006852385513776461,0.23465808757560985,17,0.0073212965752778155,True,0,gold
53.74000000001971,0.1600768089227554,0.006725043352955621,0.23465243097693853,17,0.0070792814785412906,True,0,gold
53.76000000001974,0.1600763184980818,0.006681754693601306,0.23464276091287722,17,0.006620063430669606,True,0,gold
53.78000000001976,0.16006993848543796,0.006492406540548554,0.23464839135973448,17,0.0071730504210236945,True,0,gold
53.800000000019786,0.1600549593611152,0.006061756346914171,0.23462906661017088,17,0.006818004883107103,True,0,gold
53.82000000001981,0.16005465266813032,0.005780408424352424,0.2346662139811693,17,0.006220871009400893,True,0,gold
53.840000000019835,0.16006307267408867,0.005675520420685659,0.23468930137584434,17,0.006137172797664015,True,0,gold
53.86000000001986,0.16007067717489054,0.005646454125957261,0.2346928114043013,17,0.006477068051570749,True,0,gold
53.88000000001988,0.16007049356261774,0.005628764164047457,0.2346594676409025,17,0.006174316424718861,False,0,gold
53.90000000001991,0.16004062162809912,0.005684591787102515,0.2344529241969685,17,0.0017776693061807669,False,0,gold
53.92000000001993,0.1600365893870927,0.005689114252328661,0.2344322398352272,17,0.0006551554706548614,False,0,gold
54.98000000002123,0.16002498991263803,0.00681894404697519,0.23574237279176422,18,0.002799748308235624,True,0,gold
55.00000000002125,0.160046397524357,0.006813208536455905,0.23576150162225346,18,0.005180737053617346,True,0,gold
55.02000000002128,0.1600548609521612,0.006846127381200861,0.23579393912423552,18,0.0061603026780131,True,0,gold
55.0400000000213,0.16006147620663563,0.006942068840340327,0.2358692022317192,18,0.006697160082495811,True,0,gold
55.060000000021326,0.16006262046097414,0.007100773149276505,0.23595678261100952,18,0.006521338102711855,True,0,gold
55.08000000002135,0.1600607214085742,0.007285176867809813,0.23604291114090553,18,0.006289296489929811,True,0,gold
55.100000000021375,0.16005850630474533,0.007484592694490055,0.23611209731345403,18,0.006032682221545407,True,0,gold
55.1200000000214,0.16005760644227313,0.007670623364725057,0.23615323719191259,18,0.005998146530155656,True,0,gold
55.14000000002142,0.16005731191175193,0.007861279626123,0.23616593692421942,18,0.006048488499844156,True,0,gold
55.16000000002145,0.16005714209450458,0.008040584471703235,0.23615661294126478,18,0.005969000233852009,True,0,gold
55.18000000002147,0.1600586338491687,0.008211497142040338,0.23614352119140722,18,0.006191422238540696,True,0,gold
55.2000000000215,0.16005889099380605,0.008383244585799431,0.2361198438988893,18,0.006110748065589445,True,0,gold
55.22000000002152,0.16006042356467165,0.008547539689856349,0.23610439185229815,18,0.006309195803192126,True,0,gold
55.240000000021546,0.16006019446053327,0.008713532283117678,0.23608682855337976,18,0.0061470128731007856,True,0,gold
55.26000000002157,0.16006131076203745,0.008876661762321632,0.2360827076545539,18,0.0060128746832973055,True,0,gold
55.280000000021595,0.16006018326938137,0.009042076214451543,0.2360727760154343,18,0.006112172809048235,True,0,gold
55.30000000002162,0.16006100793554348,0.00920745571673689,0.23607562317534547,18,0.0061016612188800725,True,0,gold
55.32000000002164,0.16006024045728484,0.009371728715968322,0.23607187244946898,18,0.006140508596277174,True,0,gold
55.34000000002167,0.1600606795151363,0.009532325058884145,0.23607489778775465,18,0.006159934277053241,True,0,gold
55.36000000002169,0.16005989165655204,0.009703243681461238,0.23607659329612313,18,0.006149159640736457,True,0,gold
55.38000000002172,0.16006092502055674,0.009860949981839959,0.23607914366242108,18,0.006071168355406474,True,0,gold
55.40000000002174,0.1600605863367081,0.010022268111553207,0.23606740710734328,18,0.0060865979560169,True,0,gold
55.420000000021766,0.1600539991965357,0.010276504158868955,0.2360634294651149,18,0.005858430497487004,True,0,gold
55.44000000002179,0.16005582204097785,0.010450116929321917,0.23608987304189114,18,0.005880847268538503,True,0,gold
55.460000000021815,0.16006098487983134,0.010535674267926422,0.23609715188410216,18,0.005792435371812164,True,0,gold
55.48000000002184,0.16006144704163344,0.01053267183757495,0.23608358348099664,18,0.005226253807632256,True,0,gold
55.50000000002186,0.16005611274920975,0.010679035213254973,0.2361079986149398,18,0.005524062536919451,True,0,gold
55.52000000002189,0.16004845948294305,0.010983472543671892,0.2361057288300374,18,0.005999260646866368,True,0,gold
55.54000000002191,0.16003814850555095,0.011391131972813672,0.23608015400932164,18,0.005412320368317242,True,0,gold
55.56000000002194,0.16004385586645042,0.01160793892770768,0.2361098886051719,18,0.005209815667543873,True,0,gold
55.58000000002196,0.1600541791443648,0.011697381239175427,0.23612445042515565,18,0.005563201443434453,True,0,gold
55.600000000021986,0.1600591876436751,0.011652766905967808,0.23609335262120146,18,0.005641715974503397,True,0,gold
55.62000000002201,0.1600606872474186,0.011658375586712682,0.23608199090113033,18,0.005591811595527773,True,0,gold
55.640000000022034,0.16005822540841275,0.011828335831434214,0.23609327981553016,18,0.006199626221415745,True,0,gold
55.66000000002206,0.16005029413592747,0.012175876252165926,0.23605953331409585,18,0.006382516735656428,True,0,gold
55.68000000002208,0.16004453877624897,0.012536842739673827,0.23605277610172026,18,0.005820979342191237,True,0,gold
55.70000000002211,0.16005169800387048,0.012726203974538268,0.23608562499661548,18,0.0057776920223422575,True,0,gold
55.72000000002213,0.16006050055543009,0.012781413961532893,0.23609284521049645,18,0.005794575186969421,True,0,gold
55.74000000002216,0.16006446460956514,0.012773523485427294,0.2360853249932446,18,0.005769345706467984,True,0,gold
55.76000000002218,0.16006422479689664,0.012886707559838695,0.23609367696498948,18,0.006408087290230572,True,0,gold
55.780000000022206,0.16006161160028826,0.013095317260123874,0.23608621427461912,18,0.0067218204853460835,True,0,gold
55.80000000002223,0.16006099624526382,0.013326335172955365,0.23607260083363849,18,0.006804898593268361,True,0,gold
55.820000000022254,0.16006197083873408,0.013533643883411512,0.23606147366824606,18,0.006630705424400172,True,0,gold
55.84000000002228,0.16006386404624273,0.01371578752448524,0.23606166045203117,18,0.006486626911314982,True,0,gold
55.8600000000223,0.1600642557104835,0.013891630377803985,0.2360626246154292,18,0.006387086634851244,True,0,gold
55.88000000002233,0.16006420283861011,0.014049332547053449,0.23606331527424557,18,0.006217143320730703,True,0,gold
55.90000000002235,0.16006491816185192,0.01418146492298106,0.2360673484686663,18,0.006363884469898481,True,0,gold
55.92000000002238,0.16005963996182573,0.014291300371667998,0.23603302408365973,18,0.005058358179723126,False,0,gold
55.9400000000224,0.16003242425635697,0.014373847237088304,0.23590450151035275,18,0.0006075509804782206,False,0,gold
57.02000000002372,0.1600078952086701,0.012978100128308408,0.237164136434476,19,0.0020166083717438887,True,0,gold
57.040000000023745,0.1600432489861981,0.012958514370846913,0.2371693093336569,19,0.004795656646243095,True,0,gold
57.06000000002377,0.16005259437913388,0.012907218043754724,0.23718441365755402,19,0.006279894532056172,True,0,gold
57.080000000023794,0.16006132043983953,0.012806540058376252,0.23723042075169662,19,0.006843248283795078,True,0,gold
57.10000000002382,0.16006509746738867,0.01266713850765107,0.23730304764646096,19,0.006880307818931908,True,0,gold
57.12000000002384,0.1600644734343222,0.012487860780693387,0.23738590161181794,19,0.0066523798764012276,True,0,gold
57.14000000002387,0.16006551775059705,0.012310801588368756,0.23745691079610318,19,0.006868822242162694,True,0,gold
57.16000000002389,0.1600669373241447,0.012131732465877265,0.23749097026419552,19,0.006941606542469397,True,0,gold
57.18000000002392,0.16006925582776674,0.011947591536134467,0.23750309906871522,19,0.0072588495269101235,True,0,gold
57.20000000002394,0.16007170696350592,0.011769374926482244,0.23750409381234938,19,0.007459749466645753,True,0,gold
57.220000000023965,0.16007473293944607,0.011591136513429478,0.23750184020322015,19,0.007783131132913371,True,0,gold
57.24000000002399,0.1600762144624748,0.011420058625756024,0.23750014471874506,19,0.007732862621844147,True,0,gold
57.260000000024014,0.16007707744551905,0.011249655106010163,0.2374987640388512,19,0.007679332427391086,True,0,gold
57.28000000002404,0.1600793995417345,0.011085028403884867,0.2374953958913948,19,0.008032412640958976,True,0,gold
57.30000000002406,0.1600776218261351,0.010877275684941502,0.23747538466257068,19,0.007847370763246674,True,0,gold
57.32000000002409,0.1600780201907398,0.010802126908756397,0.2374586046324205,19,0.006808090674595353,True,0,gold
57.34000000002411,0.16007506961239953,0.010672761517049285,0.23747648317585754,19,0.006972272187554489,True,0,gold
57.36000000002414,0.1600720593949339,0.010472290845543667,0.2374932597306759,19,0.007500259933935193,True,0,gold
57.38000000002416,0.16006970825182215,0.010189190426802093,0.23747558302551752,19,0.007890962850132936,True,0,gold
57.400000000024185,0.1600647690895526,0.009852258521352112,0.23745814563735054,19,0.007397609009808169,True,0,gold
57.42000000002421,0.1600721895224817,0.009703194764714115,0.23746972727621576,19,0.0072240107734012435,True,0,gold
57.440000000024234,0.160074524700277,0.009775699383544192,0.23743959741768592,19,0.006636383409217884,True,0,gold
57.46000000002426,0.16007542283911694,0.00973987307681724,0.23745246139364207,19,0.006932106717083162,True,0,gold
57.48000000002428,0.16007342506399944,0.009543206928967082,0.23747039745440832,19,0.00780100007578707,True,0,gold
57.50000000002431,0.16007004066278663,0.009199298099924749,0.2374491256713391,19,0.00850617798271326,True,0,gold
57.52000000002433,0.16006310697977572,0.00878294662998386,0.23743396631080638,19,0.007676540960874561,True,0,gold
57.54000000002436,0.16007137263847587,0.008613824418263498,0.2374563766567556,19,0.007239302329809009,True,0,gold
57.56000000002438,0.1600706696607,0.008722796227926832,0.23743912590587365,19,0.006215740972573693,True,0,gold
57.580000000024405,0.1600652193460723,0.008748315626815809,0.2374415315641098,19,0.004954389867899274,False,0,gold
57.60000000002443,0.16004316875158348,0.008641719943995261,0.23735903993498048,19,0.002664698785379826,False,0,gold
57.620000000024454,0.1600307844656329,0.008568945605952625,0.2373015235696964,19,0.000399465442924754,False,0,gold
58.700000000025774,0.16004202194359823,-0.019713109721323285,0.22352165476195293,20,0.004813790536704257,True,0,gold
58.7200000000258,0.16005058730330118,-0.019632698647295513,0.2234933814137061,20,0.00658981098386471,True,0,gold
58.74000000002582,0.16006125785171507,-0.0195303337828601,0.2234957070885379,20,0.006851600392591221,True,0,gold
58.76000000002585,0.16006845660698088,-0.01940600246599971,0.223536097367028,20,0.007268577199033642,True,0,gold
58.78000000002587,0.1600715729986654,-0.019256820274864764,0.22359010800909537,20,0.007240440803533645,True,0,gold
58.800000000025896,0.16007370828578132,-0.019093899589601854,0.2236354711370016,20,0.007627850877598954,True,0,gold
58.82000000002592,0.16007666411479932,-0.01892841735299841,0.22366032979178435,20,0.007943899845328783,True,0,gold
58.840000000025945,0.16007811243318154,-0.018748754202878314,0.2236750689756465,20,0.008007658220884286,True,0,gold
58.86000000002597,0.16008048017937418,-0.018575513692287077,0.22369715107977456,20,0.008101241697226152,True,0,gold
58.880000000025994,0.1600814780158699,-0.018404013980242967,0.22372466148650585,20,0.008096025265563939,True,0,gold
58.90000000002602,0.16008058478643578,-0.01823426572618412,0.22374464072649633,20,0.007902230822673603,True,0,gold
58.92000000002604,0.16007899525378733,-0.018065845231528318,0.22375371262778906,20,0.007703466455011918,True,0,gold
58.94000000002607,0.16007601221119816,-0.01788718885902287,0.2237505703428746,20,0.00736426300342862,True,0,gold
58.96000000002609,0.16007509899859979,-0.017720868697044,0.2237445823222858,20,0.007325169274529297,True,0,gold
58.980000000026116,0.16007535104865672,-0.017546098682115333,0.2237303890239445,20,0.0073109123590028285,True,0,gold
59.00000000002614,0.16007480457096834,-0.017375990935488743,0.22370737246219607,20,0.007271703737020502,True,0,gold
59.020000000026165,0.16007456449464483,-0.017204693190298756,0.22369166669392918,20,0.007391244803156954,True,0,gold
59.04000000002619,0.16007496078259087,-0.017031813266035176,0.22368038961909806,20,0.0075277870956433944,True,0,gold
59.060000000026214,0.16007486380996683,-0.01685663664271286,0.2236704756092927,20,0.007531352706966721,True,0,gold
59.08000000002624,0.16007495438947414,-0.01668724180652595,0.2236660422536901,20,0.007507347118587299,True,0,gold
59.10000000002626,0.16007505223621965,-0.016517686228801662,0.22366674363362313,20,0.007357816100379285,True,0,gold
59.12000000002629,0.16007433010102048,-0.01634614606045359,0.22367017917368226,20,0.007341784952106709,True,0,gold
59.14000000002631,0.16007420883589216,-0.016176924100181123,0.22367584344117009,20,0.007356479788772229,True,0,gold
59.160000000026336,0.1600744536806677,-0.016004098518876474,0.22367851996520427,20,0.007410405701970072,True,0,gold
59.18000000002636,0.1600739582351394,-0.015827990358066684,0.2236764959699592,20,0.007275378371540301,True,0,gold
59.200000000026385,0.16007435102781065,-0.01565512724766966,0.2236819225989909,20,0.007212084096676146,True,0,gold
59.22000000002641,0.16007379301573943,-0.01549005365765582,0.2236813593054148,20,0.007183038239129944,True,0,gold
59.240000000026434,0.16007328985895597,-0.015321424299625321,0.2236855698798713,20,0.0071552981766344614,True,0,gold
59.26000000002646,0.1600738399709848,-0.015154853366195885,0.22368883076293702,20,0.007473615695877818,True,0,gold
59.28000000002648,0.1600731061586114,-0.014976697343116843,0.22368325114814563,20,0.007023988285211775,True,0,gold
59.30000000002651,0.1600726492441212,-0.014809047568635835,0.22368363878743505,20,0.007256628966385069,True,0,gold
59.32000000002653,0.16007288907501488,-0.014639194172299157,0.22368379199202734,20,0.007296350239675767,True,0,gold
59.340000000026556,0.16007327804932076,-0.014467748278050979,0.22368118906973197,20,0.007350566855356961,True,0,gold
59.36000000002658,0.16007195135591806,-0.014281194580459419,0.22367593977231967,20,0.007229985653266069,True,0,gold
59.380000000026605,0.16006453611385074,-0.014221484950532227,0.22361888584586284,20,0.004953810265132854,False,0,gold
59.40000000002663,0.1600380248223571,-0.01416518403013341,0.22348709770881245,20,0.0010127355233418044,False,0,gold
60.500000000027974,0.1600433376099197,-0.01402299612281372,0.2249340089628943,21,0.005140241624960607,True,0,gold
60.520000000028,0.16005194837514888,-0.014097300499928236,0.22489064882667373,21,0.006546226811934022,True,0,gold
60.54000000002802,0.16006224639583455,-0.014220697432324006,0.22488717608230854,21,0.007424839214534251,True,0,gold
60.56000000002805,0.16006801280874772,-0.014380793558428988,0.22492356313913087,21,0.006976938360513153,True,0,gold
60.58000000002807,0.16006797816243545,-0.014555444922588569,0.2249925330192052,21,0.007060768886048157,True,0,gold
60.600000000028096,0.1600665881883278,-0.014757586360813505,0.2250694229670848,21,0.0068667038634246036,True,0,gold
60.62000000002812,0.16006615977317917,-0.014948508506340715,0.2251204253162066,21,0.00685696016718953,True,0,gold
60.640000000028145,0.16006657953278722,-0.015132440644557552,0.22514413168692582,21,0.006842324696224164,True,0,gold
60.66000000002817,0.16006684699130982,-0.015309886532893537,0.22514500827289463,21,0.006840237174095621,True,0,gold
60.680000000028194,0.16006750565901348,-0.015480731593045277,0.22513381949527975,21,0.006885490019493008,True,0,gold
60.70000000002822,0.1600679225165198,-0.01565035967285615,0.22511550066421115,21,0.006921286508364189,True,0,gold
60.72000000002824,0.1600685102145692,-0.01581887606761171,0.2250987920338938,21,0.006964502184306669,True,0,gold
60.74000000002827,0.1600684780677109,-0.01598689444515183,0.22508645430144367,21,0.006951104511231594,True,0,gold
60.76000000002829,0.160067932303758,-0.01615522246835625,0.22508077541246613,21,0.006772747804024017,True,0,gold
60.780000000028316,0.1600674006048714,-0.016323592361549198,0.22508096583387047,21,0.0067620684001799295,True,0,gold
60.80000000002834,0.1600664815613897,-0.01649570030672322,0.22507990064712385,21,0.006634905037026851,True,0,gold
60.820000000028365,0.1600665329345129,-0.016672418212431636,0.22508457664193138,21,0.00678027571313322,True,0,gold
60.84000000002839,0.16006814782660594,-0.016772065680661506,0.22507302520133915,21,0.006591779736532148,True,0,gold
60.860000000028414,0.16005525891159034,-0.01704802269156872,0.22505229230498794,21,0.005691583683398223,True,0,gold
60.88000000002844,0.1600502771953936,-0.0172847468182959,0.22511001137147407,21,0.00547687564453137,True,0,gold
60.90000000002846,0.16005518453850837,-0.017427890529419208,0.22515648766603377,21,0.005909976910625981,True,0,gold
60.92000000002849,0.160063481664393,-0.017482705380668328,0.22515418271013746,21,0.006327542557362477,True,0,gold
60.94000000002851,0.1600655544359872,-0.017486098516588847,0.22511046946519944,21,0.006375988644087604,True,0,gold
60.960000000028536,0.16005079951177287,-0.017815073308459245,0.22504913005638247,21,0.005742611494121681,True,0,gold
60.98000000002856,0.16004192944363227,-0.018146898357045544,0.22508163159948133,21,0.0052472348361015655,True,0,gold
61.000000000028585,0.1600491988865046,-0.018313027674898633,0.22513771217776773,21,0.005589978054671759,True,0,gold
61.02000000002861,0.16005721425013686,-0.018358550674806257,0.22512033405105394,21,0.00572231074289938,False,0,gold
61.040000000028634,0.16003282957190457,-0.018276659042610263,0.22490224074103088,21,0.0012810662504310708,False,0,gold
62.14000000002998,0.1600429948690389,-0.01694133911612209,0.2263256685056413,22,0.004462279200321526,True,0,gold
62.16000000003,0.16005184349013887,-0.01689663644156688,0.22630172937203283,22,0.006071304177877787,True,0,gold
62.18000000003003,0.16006136951127975,-0.01680858327029043,0.2263020649204809,22,0.006774173439352931,True,0,gold
62.20000000003005,0.160067474378088,-0.016666982425665392,0.2263384757300176,22,0.007190764137905531,True,0,gold
62.220000000030076,0.16007065415528318,-0.016493671647359195,0.2263839985061532,22,0.007490211791630031,True,0,gold
62.2400000000301,0.16007286265277437,-0.01630172731569289,0.22642071287081347,22,0.007649750922303722,True,0,gold
62.260000000030125,0.16007517341461652,-0.016107261443473225,0.22644558492003183,22,0.007859954728941956,True,0,gold
62.28000000003015,0.16007794840756662,-0.015912443786825117,0.22646673716107926,22,0.008078504420384287,True,0,gold
62.300000000030174,0.16007793758900618,-0.01572071213204294,0.22649249525384982,22,0.007853679633855087,True,0,gold
62.3200000000302,0.16007790669777827,-0.015542200220626317,0.22653145040115424,22,0.007726842932704996,True,0,gold
62.34000000003022,0.1600766361559834,-0.015365688611146807,0.2265635450750976,22,0.007374796157303194,True,0,gold
62.36000000003025,0.16007374059235235,-0.015185442599276799,0.22658177255202577,22,0.007116278318623016,True,0,gold
62.38000000003027,0.16007156676926437,-0.015011602404854293,0.22658657143102992,22,0.006935370692606547,True,0,gold
62.400000000030296,0.16007086970261591,-0.01482987518378038,0.22657858399813857,22,0.006917095368493714,True,0,gold
62.42000000003032,0.1600684787137177,-0.014651918512933272,0.22655207582453263,22,0.006611885592403228,True,0,gold
62.440000000030345,0.1600661829981505,-0.014481335885861523,0.2265349516297562,22,0.0065475891069028255,True,0,gold
62.46000000003037,0.16006755334181078,-0.014318521364370678,0.22652814560314485,22,0.0068915490061889585,True,0,gold
62.480000000030394,0.16005831572492957,-0.014156574838300065,0.22644533811469897,22,0.004825861987438615,False,0,gold
62.50000000003042,0.16002658845551415,-0.014165670000454274,0.22627223691369772,22,0.00022658179613769242,False,0,gold
63.60000000003176,0.16004026022826143,-0.014006420261165886,0.22773088165044328,23,0.004766393329840115,True,0,gold
63.62000000003179,0.160050598927946,-0.014077183567378792,0.2277031701792765,23,0.006432232013331944,True,0,gold
63.64000000003181,0.16006091696030283,-0.014200838132946862,0.22770692778837015,23,0.00703608274307582,True,0,gold
63.660000000031836,0.16006606390198078,-0.014367827164985001,0.22774451105199087,23,0.007226828650201199,True,0,gold
63.68000000003186,0.16006747327647225,-0.014553921413081787,0.2278096386994651,23,0.007083699598342442,True,0,gold
63.700000000031885,0.16006729586690369,-0.014751192800069066,0.2278742312511947,23,0.00701385409296001,True,0,gold
63.72000000003191,0.16006651006964956,-0.014945119477757026,0.22791832074802448,23,0.006870031815503511,True,0,gold
63.740000000031934,0.16006598063833938,-0.015135238787464068,0.22794317424603394,23,0.006789333772928603,True,0,gold
63.76000000003196,0.16006584802606016,-0.015316967636653115,0.22794748348742525,23,0.006759470362560865,True,0,gold
63.78000000003198,0.16006632143895533,-0.015491974069446133,0.22793998813060515,23,0.006805800786069998,True,0,gold
63.80000000003201,0.16006626721121675,-0.015665782414105208,0.22792567766102195,23,0.006811005073631728,True,0,gold
63.82000000003203,0.16006654059619507,-0.015833986213295608,0.22791208632010065,23,0.006719650899554998,True,0,gold
63.840000000032056,0.16006659142673646,-0.0160056109674574,0.22790087017910274,23,0.006774556633581533,True,0,gold
63.86000000003208,0.16006596562243963,-0.01617696591144703,0.22788749214814136,23,0.00665311826843402,True,0,gold
63.880000000032105,0.16006677684394227,-0.016348581824691857,0.2278857744838034,23,0.006849133998045646,True,0,gold
63.90000000003213,0.16006745374561931,-0.016511987642809138,0.22787971039970803,23,0.006590225651941071,True,0,gold
63.920000000032154,0.16006736272208513,-0.016680681488554457,0.22788013632035448,23,0.006554974671995232,True,0,gold
63.94000000003218,0.16006588287111562,-0.01684862392134882,0.22787648700994584,23,0.006449141855365219,True,0,gold
63.9600000000322,0.1600651893357879,-0.017015757503936944,0.2278853528755168,23,0.006639338286981379,True,0,gold
63.98000000003223,0.1600636623182412,-0.017194944657438187,0.22788846901741985,23,0.006404799464222725,True,0,gold
64.00000000003224,0.16006541484014364,-0.017349672315547328,0.2278952203047524,23,0.006574519919089775,True,0,gold
64.0200000000322,0.16005990074782883,-0.01744787544386558,0.22784909076809226,23,0.005077266599193106,False,0,gold
64.04000000003215,0.1600318590278844,-0.017603758856060032,0.22769817910555312,23,0.0009714739716689304,False,0,gold
65.14000000002959,0.16004155714402515,-0.01812647703199873,0.22911591288005648,24,0.004649519971939637,True,0,gold
65.16000000002954,0.16004876659124645,-0.0180370148307881,0.22910282437288668,24,0.005893370100467566,True,0,gold
65.1800000000295,0.16005792133680002,-0.017925567227057338,0.22912286097050685,24,0.006432362306034543,True,0,gold
65.20000000002945,0.1600627743132178,-0.017786876879928717,0.229173058372442,24,0.006323064181400361,True,0,gold
65.2200000000294,0.16006460489819635,-0.017629912463018156,0.2292335715214519,24,0.006776956853271298,True,0,gold
65.24000000002935,0.16006723239987042,-0.017461043304416547,0.22927375257440122,24,0.0071015709923317565,True,0,gold
65.26000000002931,0.16006876453711233,-0.017277973946197043,0.2292938961246558,24,0.0072167531611240805,True,0,gold
65.28000000002926,0.16007155145748733,-0.017103307439100473,0.22931079432629695,24,0.007384782517840321,True,0,gold
65.30000000002921,0.16007311005108837,-0.016930055154613814,0.2293329657818243,24,0.007294535529323251,True,0,gold
65.32000000002917,0.16007248164813825,-0.016757070214523207,0.22935378662771236,24,0.006752175016392141,True,0,gold
65.34000000002912,0.16007027497450466,-0.01659751328346672,0.22937176291453504,24,0.006709669069217597,True,0,gold
65.36000000002907,0.16006824475282616,-0.016415204836966703,0.22937879243419806,24,0.006714665030226714,True,0,gold
65.38000000002903,0.16006706689226474,-0.016240773142232268,0.22936803498972852,24,0.006701120592960956,True,0,gold
65.40000000002898,0.16006775351791075,-0.016068549460608043,0.22934986379783748,24,0.006552509401146559,True,0,gold
65.42000000002894,0.16006672740430378,-0.015895545322431485,0.22932455842740096,24,0.006639255688213913,True,0,gold
65.44000000002889,0.16006636093652088,-0.015722026190388438,0.2293080909500212,24,0.006633589374178621,True,0,gold
65.46000000002884,0.1600672488827043,-0.0155533478069091,0.22929844460320914,24,0.006910832927075591,True,0,gold
65.4800000000288,0.1600668976866928,-0.01540031817827434,0.2292878222629696,24,0.006496556420959751,True,0,gold
65.50000000002875,0.1600587231209039,-0.015281939227020465,0.22923770532174065,24,0.004751952643226847,False,0,gold
65.5200000000287,0.16003266306871902,-0.015208156589026847,0.22911451632852226,24,0.0002582234203881976,False,0,gold
66.62000000002614,0.1600408004452542,-0.01702636748250066,0.23054740403981278,25,0.004686761004893946,True,0,gold
66.64000000002609,0.16005241682261656,-0.017061078102366116,0.23053035646645462,25,0.006571259764683434,True,0,gold
66.66000000002605,0.16006163197883522,-0.017171969894653548,0.23052696017681462,25,0.007021958190438397,True,0,gold
66.680000000026,0.16006583201512908,-0.017341753444426285,0.23056509549044021,25,0.0068914138230087045,True,0,gold
66.70000000002595,0.1600652143433735,-0.017548824353735337,0.23062550857566835,25,0.006737012731807597,True,0,gold
66.7200000000259,0.16006285070289614,-0.017767878066441676,0.23069022736279549,25,0.006639923426108142,True,0,gold
66.74000000002586,0.16006232757018735,-0.017976171525875325,0.23073699517344706,25,0.0066183913910280775,True,0,gold
66.76000000002581,0.160062735616589,-0.018176734296304897,0.2307550291391456,25,0.006678265908550504,True,0,gold
66.78000000002577,0.160063435864007,-0.01836485244396757,0.23075075905190412,25,0.0065177280581404946,True,0,gold
66.80000000002572,0.16006419206946298,-0.01852513158738405,0.230735696298124,25,0.006474681950822409,True,0,gold
66.82000000002567,0.16005882883319447,-0.018652828703506426,0.23068494576857293,25,0.005238034994968328,False,0,gold
66.84000000002563,0.16003102431927613,-0.0187460021442074,0.2305342579942072,25,0.0007589185021972696,False,0,gold
67.94000000002306,0.16003655405759337,-0.01923161145937295,0.23192601525173923,26,0.004568972102597111,True,0,gold
67.96000000002302,0.160043477203072,-0.01914618704913777,0.23188422830864225,26,0.005219505433240879,False,0,gold
67.98000000002297,0.16004197178008106,-0.019082820905318352,0.23185272068533577,26,0.0032333315770456455,False,0,gold
68.00000000002292,0.16003080263504205,-0.019060321161117645,0.2318362601823612,26,0.00036233561340844397,False,0,gold
71.68000000001435,0.16004803555750935,0.015460698687127308,0.23006868669330693,27,0.005352726451324046,True,1,orange
71.7000000000143,0.1600547142745434,0.015531782930424879,0.2300617467232444,27,0.00659932500113002,True,1,orange
71.72000000001425,0.16006086801437042,0.01568188910668238,0.23013215508381218,27,0.006995536508327629,True,1,orange
71.7400000000142,0.1600618941884283,0.015881388539652062,0.2302370724443085,27,0.0067244477854545535,True,1,orange
71.76000000001416,0.16005968825248884,0.016093096691015316,0.23035506821610496,27,0.006530751797034196,True,1,orange
71.78000000001411,0.16005750146882355,0.01631968004333317,0.23045545011830906,27,0.006106796458165227,True,1,orange
71.80000000001407,0.16005585498691288,0.016534242636221882,0.23051622442975253,27,0.005858900577769244,True,1,orange
71.82000000001402,0.16005605177736365,0.016726968633145416,0.23054474216270238,27,0.0059925101119004546,True,1,orange
71.84000000001397,0.16005193042264748,0.016876432513110984,0.23050817448705568,27,0.004740906894972021,False,1,orange
71.86000000001393,0.1600259323117059,0.01697733562289349,0.23036895772639998,27,0.00011402176322747127,False,1,orange
72.96000000001136,0.16003927316400954,0.01994023155234896,0.23117461959468186,28,0.004983880633253437,True,1,orange
72.98000000001132,0.16005303444156738,0.019852821696883686,0.23113823028036107,28,0.006907726384595982,True,1,orange
73.00000000001127,0.16006555809020562,0.0197520426879002,0.23113863303731014,28,0.007461014821752138,True,1,orange
73.02000000001122,0.16007355238189488,0.019621153591763297,0.23119461633877908,28,0.00763936276520322,True,1,orange
73.04000000001118,0.16007647240907485,0.019470893721906843,0.23126848927019547,28,0.007768370165054968,True,1,orange
73.06000000001113,0.16007817527659424,0.0193157979227578,0.23133587756484592,28,0.007869142255117664,True,1,orange
73.08000000001108,0.16008024769145224,0.019148961146380834,0.23137996455297968,28,0.00816161890404595,True,1,orange
73.10000000001104,0.1600822091084876,0.01898039037983335,0.23140501799615149,28,0.008308832647282882,True,1,orange
73.12000000001099,0.1600818839765406,0.01880593702509567,0.2314309098801603,28,0.008057361744029113,True,1,orange
73.14000000001094,0.16008149163042393,0.018639616384752016,0.2314671898029755,28,0.007954030345281372,True,1,orange
73.1600000000109,0.1600809790825809,0.018471779626198812,0.23150594827004578,28,0.007865504144216075,True,1,orange
73.18000000001085,0.16007925829025482,0.01830476419454865,0.2315312460306506,28,0.0075774387209242705,True,1,orange
73.2000000000108,0.16007771317928154,0.018137530280401177,0.23154152394316777,28,0.007440832928569591,True,1,orange
73.22000000001076,0.16007603106470752,0.017969230735858783,0.23153710961592372,28,0.007290426429951608,True,1,orange
73.24000000001071,0.16007489020640953,0.017799435631561774,0.23152641723222914,28,0.007368473061150957,True,1,orange
73.26000000001066,0.16007359070481753,0.01763371607074953,0.23150677788644747,28,0.007097786476692408,True,1,orange
73.28000000001062,0.16007243723090486,0.01746713431020581,0.2314921062198993,28,0.007191692995829661,True,1,orange
73.30000000001057,0.1600738794494193,0.017298785198947442,0.23148221990474852,28,0.007047852085168964,True,1,orange
73.32000000001052,0.16007331336827108,0.017130471657569025,0.2314644662271344,28,0.007086018850685546,True,1,orange
73.34000000001048,0.1600726581966579,0.016957149815059573,0.23145602301505228,28,0.007214118567583123,True,1,orange
73.36000000001043,0.16007261075635287,0.01678892847544742,0.2314500028422884,28,0.0072127356812107645,True,1,orange
73.38000000001038,0.1600737217262499,0.016628710049591194,0.23144674566678747,28,0.007392682800641188,True,1,orange
73.40000000001034,0.160073669133308,0.0164574480453176,0.2314414534191667,28,0.007373959562859487,True,1,orange
73.42000000001029,0.16007338346966843,0.016292055788867114,0.2314403286195769,28,0.0073180416258451205,True,1,orange
73.44000000001024,0.16007379776926983,0.01613394123170975,0.23144244174193476,28,0.007186612115094168,True,1,orange
73.4600000000102,0.16007453413623574,0.015962379290948715,0.23144821327156767,28,0.007624854734454719,True,1,orange
73.48000000001015,0.16007471893583863,0.0158097720568541,0.23144452885200736,28,0.006860200828446537,True,1,orange
73.5000000000101,0.1600664296859391,0.015694763454122213,0.23140704645942548,28,0.005232080300237837,False,1,orange
73.52000000001006,0.1600379790087486,0.01561542833676082,0.2312952667901325,28,0.000264240844173385,False,1,orange
74.6200000000075,0.16004124637281567,0.015461452007432458,0.23224393804941484,29,0.004732237435046271,True,1,orange
74.64000000000745,0.16005292220675332,0.015507562852621682,0.2321988762112853,29,0.006624264544287289,True,1,orange
74.6600000000074,0.16006292554982593,0.015628948479442226,0.23219713978898265,29,0.0073270026755704095,True,1,orange
74.68000000000735,0.16006705690177903,0.015810761266886787,0.23224380205908196,29,0.006977111192357405,True,1,orange
74.70000000000731,0.1600658761433582,0.01602087555609815,0.2323259944558576,29,0.007065545715047772,True,1,orange
74.72000000000726,0.16006247377255398,0.016244213650625144,0.2324105401929381,29,0.006430457571797014,True,1,orange
74.74000000000721,0.16005940015621667,0.016449055716663726,0.23247674476442004,29,0.006151097523841398,True,1,orange
74.76000000000717,0.16005827743155443,0.01665120595110711,0.2325227148272496,29,0.0062186480172490765,True,1,orange
74.78000000000712,0.16005792485520404,0.016833096415171243,0.23253400404962113,29,0.0060072469471524215,True,1,orange
74.80000000000707,0.1600578388587226,0.01701068194464342,0.23253156378973522,29,0.006099434168406697,True,1,orange
74.82000000000703,0.1600585644463764,0.017179039192435987,0.2325181461056912,29,0.006121434447248251,True,1,orange
74.84000000000698,0.16005871108893097,0.01734987952368753,0.232501049788673,29,0.00612497241183921,True,1,orange
74.86000000000693,0.16006040237506852,0.01750676927453612,0.2324856552118416,29,0.0061233222486216056,True,1,orange
74.88000000000689,0.16005663474072462,0.01763088126959476,0.2324346644017503,29,0.005091558988012396,False,1,orange
74.90000000000684,0.16002924498466103,0.01772797345367327,0.232294644977913,29,0.00047806727405832263,False,1,orange
76.00000000000428,0.1600420808862849,0.015481587429326916,0.23321114250088926,30,0.0053815879359998065,True,1,orange
76.02000000000423,0.16005488539878798,0.015546619243783873,0.2331252799353342,30,0.007325296598836564,True,1,orange
76.04000000000418,0.1600665946614228,0.015661605881708982,0.2330767785366988,30,0.0077522718259566085,True,1,orange
76.06000000000414,0.1600731061421285,0.015814107727765515,0.23307438225290708,30,0.007682422821447021,True,1,orange
76.08000000000409,0.16007334356386066,0.015984417929605203,0.2330987171311879,30,0.007263253462768842,True,1,orange
76.10000000000404,0.16007199687173967,0.01615616006209243,0.2331263168295153,30,0.006992089280620792,True,1,orange
76.120000000004,0.16007039722094807,0.016329565063407863,0.23313195777110132,30,0.006940491207135939,True,1,orange
76.14000000000395,0.1600685575963991,0.01649428564106157,0.2331203358198836,30,0.006647065965439824,True,1,orange
76.1600000000039,0.16006505956563755,0.016654974241524574,0.2331056237842344,30,0.006315045069289183,True,1,orange
76.18000000000386,0.16006221849308366,0.0168180753021412,0.23307378072344268,30,0.005989830472017872,True,1,orange
76.20000000000381,0.16005998951698375,0.01697105799977284,0.2330066958835469,30,0.006040617009514297,True,1,orange
76.22000000000376,0.16006054500774186,0.01712115812318853,0.2329189481338854,30,0.006454069349052204,True,1,orange
76.24000000000372,0.16006037327642086,0.01726846406987322,0.23281474675322827,30,0.0063634827128079795,True,1,orange
76.26000000000367,0.1600615222468159,0.017414060736838724,0.2327185965323574,30,0.006348805000357276,True,1,orange
76.28000000000362,0.16006104905203278,0.01756314312260751,0.2326280645287097,30,0.0061085407403090935,True,1,orange
76.30000000000358,0.16006039509609532,0.017705250975006515,0.232553901604355,30,0.006188272354020006,True,1,orange
76.32000000000353,0.1600591842425365,0.01786916901741478,0.2324788084102527,30,0.005956659904117692,True,1,orange
76.34000000000349,0.1600598489593653,0.018014152286519,0.23241181721903728,30,0.006186180028521846,True,1,orange
76.36000000000344,0.16005880749375864,0.018158804615967746,0.23234246016137716,30,0.006042872108815817,True,1,orange
76.38000000000339,0.16005751422017184,0.018319114158971313,0.23227784321945652,30,0.005894103846204328,True,1,orange
76.40000000000335,0.1600580119848476,0.01846701927046748,0.23221467007415886,30,0.005995658809462511,True,1,orange
76.4200000000033,0.16005876543009762,0.018615739503202354,0.2321488203830999,30,0.005986337309329394,True,1,orange
76.44000000000325,0.16005798295212412,0.018764557767963163,0.23207933770903294,30,0.005961997884699691,True,1,orange
76.4600000000032,0.16005798718658112,0.018912817108099465,0.23201344776091615,30,0.0061020298106840235,True,1,orange
76.48000000000316,0.1600564527223517,0.01906785785598826,0.2319413856838218,30,0.005868281341511149,True,1,orange
76.50000000000311,0.1600566887615491,0.01921079116502615,0.23187820688079813,30,0.0059108895751508374,True,1,orange
76.52000000000307,0.16005640746399946,0.0193645176784787,0.23181049772020915,30,0.005866442463676827,True,1,orange
76.54000000000302,0.16005744952972686,0.01951801403975883,0.231741601398733,30,0.006162749573893588,True,1,orange
76.56000000000297,0.160058056574033,0.019664738123363338,0.2316654458223297,30,0.006073938109388408,True,1,orange
76.58000000000293,0.16005966928421,0.019786990652801012,0.23159680106670136,30,0.006112935879599261,True,1,orange
76.60000000000288,0.16006471458457508,0.019839365029159763,0.23152814240952183,30,0.006402200837339277,True,1,orange
76.62000000000283,0.16006805520982287,0.019861742335528423,0.23144913750231375,30,0.006568180800918194,True,1,orange
76.64000000000279,0.16007238580885053,0.019853977728147332,0.2313605489487719,30,0.0071944441931470855,True,1,orange
76.66000000000274,0.16007292498971765,0.019740310545113156,0.23125185683387786,30,0.007541033919836242,True,1,orange
76.68000000000269,0.16007712785695308,0.01966358625452736,0.2311672954416761,30,0.007591783147031916,True,1,orange
76.70000000000265,0.1600779963351403,0.019467678913476,0.23109624996845074,30,0.008402020034133382,True,1,orange
76.7200000000026,0.16007239915602714,0.019137411210103105,0.23104404708757123,30,0.008219767630313212,True,1,orange
76.74000000000255,0.1600813204943926,0.01906109126307735,0.23102163372484744,30,0.0073803379998406025,True,1,orange
76.7600000000025,0.16008113046300432,0.01907157487898606,0.23100195145069735,30,0.006998290536663473,True,1,orange
76.78000000000246,0.16007625414920335,0.018858611525220205,0.23100779663960264,30,0.008139391258553738,True,1,orange
76.80000000000241,0.1600627776724723,0.018411742901894557,0.23095204892546922,30,0.007696482271428773,True,1,orange
76.82000000000237,0.1600659304981355,0.01814602225176825,0.23095522743267036,30,0.0072718522603497085,True,1,orange
76.84000000000232,0.16007217705191812,0.01819639009376183,0.2309045221627415,30,0.006695330775185614,True,1,orange
76.86000000000227,0.16007472226414265,0.018230519050585422,0.23087580571354707,30,0.006827804911123907,True,1,orange
76.88000000000223,0.160077656820362,0.018093055532831418,0.2308363716252527,30,0.008197808949282999,True,1,orange
76.90000000000218,0.16007008479637264,0.017738256926062176,0.23072846191413646,30,0.008388853160810299,True,1,orange
76.92000000000213,0.1600725464852926,0.0174845985682916,0.2306681561302155,30,0.008086415709471427,True,1,orange
76.94000000000209,0.16008125978886542,0.017352168360775196,0.2306269080218039,30,0.008150633525776042,True,1,orange
76.96000000000204,0.16008520209061533,0.017261950990361225,0.23056749661353926,30,0.008104392027578258,True,1,orange
76.980000000002,0.1600863158031523,0.017151931866737986,0.23050299829483573,30,0.008303826649829555,True,1,orange
77.00000000000195,0.16008649673449385,0.017026141889619477,0.23043482665885867,30,0.008245412502044053,True,1,orange
77.0200000000019,0.16008568120394337,0.016878525663018583,0.2303700267032353,30,0.008390932146458679,True,1,orange
77.04000000000185,0.1600847349630394,0.016718362095570042,0.23031339644183582,30,0.00835281324472986,True,1,orange
77.0600000000018,0.16008342462536482,0.016563630118321328,0.23026215776967154,30,0.008025206761767732,True,1,orange
77.08000000000176,0.16008246367405646,0.016388320607526142,0.2302178610549237,30,0.008034577155547324,True,1,orange
77.10000000000171,0.16008156634546056,0.016221482925761806,0.23017143340732404,30,0.008086639098968462,True,1,orange
77.12000000000167,0.16008184828748842,0.016056149071567473,0.23012341124710253,30,0.007796977912322136,True,1,orange
77.14000000000162,0.1600805900485834,0.015898601506669573,0.23007140397987547,30,0.007800299056667661,True,1,orange
77.16000000000157,0.16008232484352608,0.015768146109261708,0.23004794775154322,30,0.0078018121729287295,True,1,orange
77.18000000000153,0.16008395492683034,0.015667777854674412,0.2300392710065316,30,0.007408212607847987,True,1,orange
77.20000000000148,0.16008488675781296,0.01560293397871927,0.23004640301107088,30,0.007539288345141627,True,1,orange
77.22000000000143,0.16008381802416588,0.015560662043729483,0.23009709508619006,30,0.007463933654484746,True,1,orange
77.24000000000139,0.16007768058198957,0.015531965397014288,0.230223840133643,30,0.007094456419551152,True,1,orange
77.26000000000134,0.16007026977732491,0.015519294423342869,0.23041508193353172,30,0.006520819973469515,True,1,orange
77.2800000000013,0.16006346724065154,0.015511433413305483,0.23062380457985943,30,0.0062143511505349846,True,1,orange
77.30000000000125,0.16005999919366415,0.015517060178990462,0.23083692980526233,30,0.006064199869199168,True,1,orange
77.3200000000012,0.1600576093344383,0.015517617178363185,0.23102282503525046,30,0.0058445167846087834,True,1,orange
77.34000000000115,0.16005700015603647,0.015516825769299048,0.23120084938260027,30,0.005946468271974423,True,1,orange
77.36000000000111,0.16005719565258442,0.015522348762589396,0.2313590630007417,30,0.005820108382765779,True,1,orange
77.38000000000106,0.16005888814747907,0.015524170520279282,0.231515410194782,30,0.005937949316107521,True,1,orange
77.40000000000101,0.16006019422246798,0.015517434138252706,0.23166224885082318,30,0.006206090964269799,True,1,orange
77.42000000000097,0.16006013490570392,0.01551906545825266,0.23181494267459365,30,0.006111047943171213,True,1,orange
77.44000000000092,0.1600616309121599,0.015517628343385156,0.23197853257821824,30,0.0064258050462216824,True,1,orange
77.46000000000087,0.16006167346485703,0.01552113271377405,0.23213139686430892,30,0.006124816207341331,True,1,orange
77.48000000000083,0.16006143262332848,0.015523975356823577,0.23230209225755957,30,0.0064100336143390986,True,1,orange
77.50000000000078,0.1600613875169399,0.015520747708371757,0.23246644094152788,30,0.006249045233845342,True,1,orange
77.52000000000073,0.16006077882791622,0.015527005607656888,0.23263635308635103,30,0.006251175660759399,True,1,orange
77.54000000000069,0.16006181822766513,0.015522113938668678,0.23280312647685353,30,0.006005203760124785,True,1,orange
77.56000000000064,0.16006176721300142,0.015523863415089725,0.23296016488091384,30,0.006265258588480241,True,1,orange
77.5800000000006,0.16006197304790973,0.015521537147780593,0.2331157333825772,30,0.006266411851939737,True,1,orange
77.60000000000055,0.16005875681539256,0.01552286138681505,0.23320635399045453,30,0.005022719213622706,False,1,orange
77.6200000000005,0.16003696920686777,0.015532066865803744,0.23319640332308272,30,0.00042175131390657873,False,1,orange
78.71999999999794,0.16004451612727433,-0.008923978735406237,0.22737080165591855,31,0.005057213519745079,True,1,orange
78.73999999999789,0.16005612128705068,-0.008853139668187914,0.22732678780598775,31,0.007127483528778801,True,1,orange
78.75999999999785,0.1600670182684242,-0.008753536394245826,0.22734385902982368,31,0.007459295209816512,True,1,orange
78.7799999999978,0.1600717407424937,-0.008649366579943899,0.22744313919963358,31,0.007512100312182899,True,1,orange
78.79999999999775,0.16007135064851,-0.008526848642252961,0.22760347752981208,31,0.007276643339549493,True,1,orange
78.8199999999977,0.16006965594215378,-0.008377992343506679,0.22776691040703922,31,0.0069872183137226675,True,1,orange
78.83999999999766,0.16006835918783904,-0.008226775839491149,0.2279080652941906,31,0.006961939133644583,True,1,orange
78.85999999999761,0.160068865267451,-0.008074063331937149,0.22801946713960705,31,0.007026422835304492,True,1,orange
78.87999999999757,0.16006873746530426,-0.007919580893338878,0.2280984192425839,31,0.0069162787698179165,True,1,orange
78.89999999999752,0.1600696369185577,-0.007773495625645223,0.22816567029014861,31,0.006957985028246492,True,1,orange
78.91999999999747,0.16007089404028513,-0.0076263926281886244,0.2282245524551562,31,0.006934543393306056,True,1,orange
78.93999999999743,0.1600709464154917,-0.007479882065673406,0.22827795883046453,31,0.006639201215118316,True,1,orange
78.95999999999738,0.160070478562724,-0.00733582658164079,0.22833721218725567,31,0.006856363458899935,True,1,orange
78.97999999999733,0.16006932938988022,-0.007181967346382042,0.22840243945127434,31,0.0068751554666221,True,1,orange
78.99999999999729,0.16006860362648634,-0.007029204838624834,0.22847265274612014,31,0.006850375649461381,True,1,orange
79.01999999999724,0.16006930416917298,-0.0068881948777312785,0.228545575998466,31,0.006849867232780969,True,1,orange
79.03999999999719,0.1600683005808031,-0.006741901997066208,0.22861680785812977,31,0.006738300854370217,True,1,orange
79.05999999999715,0.16006768452026132,-0.006594178706956924,0.22869654509810777,31,0.0068165231221871785,True,1,orange
79.0799999999971,0.1600669842782121,-0.0064415899147632575,0.22877263042886992,31,0.006481740828569087,True,1,orange
79.09999999999705,0.16006647627225928,-0.006298800794270727,0.22884969925528625,31,0.006572962509625752,True,1,orange
79.119999999997,0.16006693425820198,-0.006150589628253677,0.22892578370377514,31,0.006757552455456699,True,1,orange
79.13999999999696,0.16006735751854595,-0.006008053289597548,0.22899085324210847,31,0.006541830983366279,True,1,orange
79.15999999999691,0.1600674211089184,-0.005856429760333007,0.2290648593355061,31,0.0066117400110040385,True,1,orange
79.17999999999687,0.16006630134772426,-0.0057054548932311405,0.22913236863568395,31,0.006600023755474049,True,1,orange
79.19999999999682,0.16006675606969795,-0.005560250385232777,0.2292107372553521,31,0.006744665393989028,True,1,orange
79.21999999999677,0.16006596554504082,-0.005408151979923484,0.2292825240384643,31,0.006534403257227207,True,1,orange
79.23999999999673,0.16006660931390704,-0.005268851469979703,0.2293608638211483,31,0.006621613783439644,True,1,orange
79.25999999999668,0.16006532933875878,-0.005112587330342518,0.22943092640057963,31,0.006546096382495898,True,1,orange
79.27999999999663,0.16006535989071363,-0.004971269647619782,0.22950888864230062,31,0.006501443638639605,True,1,orange
79.29999999999659,0.16006534759085242,-0.004821076851900012,0.22958287181291653,31,0.006557447198087662,True,1,orange
79.31999999999654,0.16006669517554417,-0.004676743924799492,0.22965550094733433,31,0.006855009907352084,True,1,orange
79.3399999999965,0.16006654652533592,-0.004531197369034081,0.22972006315027169,31,0.006210782742438253,True,1,orange
79.35999999999645,0.16006536039175046,-0.004392796226985444,0.22979379224679142,31,0.006504886421271121,True,1,orange
79.3799999999964,0.16006486495088165,-0.0042377278437415525,0.2298631142521895,31,0.006477790089856418,True,1,orange
79.39999999999635,0.1600660330363034,-0.0040881427674306315,0.22990812142984002,31,0.00665078960276508,True,1,orange
79.4199999999963,0.16006559055977804,-0.00393580174749442,0.2299236190779187,31,0.006533889972321694,True,1,orange
79.43999999999626,0.16006567141072536,-0.003779936464941893,0.22992999430910513,31,0.006656057224703598,True,1,orange
79.45999999999621,0.160066362407282,-0.0036220059239570695,0.22992283324060178,31,0.006471265190291992,True,1,orange
79.47999999999617,0.16006668986924077,-0.003469190939649638,0.22989499033208363,31,0.006749525723383178,True,1,orange
79.49999999999612,0.16006796532041084,-0.0033145007875040955,0.22983843376719412,31,0.007044207248441725,True,1,orange
79.51999999999607,0.1600690999075078,-0.0031550790128513115,0.22975775755267375,31,0.0072219368920766755,True,1,orange
79.53999999999603,0.16007068483417902,-0.0030007629257892653,0.22967450587980473,31,0.007144606293797933,True,1,orange
79.55999999999598,0.16007140015721744,-0.0028431323887815815,0.22959653080835288,31,0.007300116860064412,True,1,orange
79.57999999999593,0.16007249736214407,-0.0026883294738537936,0.22952878243952846,31,0.0072386078637148524,True,1,orange
79.59999999999589,0.1600711639308848,-0.002526958097453175,0.22946956007862707,31,0.007036293591997647,True,1,orange
79.61999999999584,0.16007128957574565,-0.002380415954280238,0.2294232165119905,31,0.007089119057143152,True,1,orange
79.6399999999958,0.16007028979743304,-0.002222762717562311,0.22937530945790147,31,0.006898241807980096,True,1,orange
79.65999999999575,0.16007046937936242,-0.0020670082583704214,0.22933240200238492,31,0.007037356227433188,True,1,orange
79.6799999999957,0.16006983086455817,-0.0019081530687078258,0.22928180746307525,31,0.006993169555944516,True,1,orange
79.69999999999565,0.16006834598638353,-0.001735809709938256,0.2292281253457309,31,0.006864685540420352,True,1,orange
79.71999999999561,0.1600680667385504,-0.0016319502122195653,0.22917502784077481,31,0.006087343532635139,True,1,orange
79.73999999999556,0.1600682299168681,-0.0015661025081582084,0.22914520730515842,31,0.006291729082943918,True,1,orange
79.75999999999551,0.16006216279461588,-0.0012861883374083213,0.2290878281232185,31,0.00715162319183075,True,1,orange
79.77999999999547,0.16004882226492545,-0.0008796681508251047,0.22901645035668397,31,0.0061337694948954925,True,1,orange
79.79999999999542,0.1600575342621925,-0.0007806822209957326,0.22899983112818786,31,0.005862421698525821,True,1,orange
79.81999999999537,0.16005295445222598,-0.0009388941366146997,0.22894502136693543,31,0.004839890174187684,True,1,orange
79.83999999999533,0.16005413668355464,-0.0009080451943206512,0.22895075817154145,31,0.0051780832569767446,True,1,orange
79.85999999999528,0.1600534236728275,-0.0006884191893437058,0.2289227160388102,31,0.006649552320582314,True,1,orange
79.87999999999523,0.16004675468609375,-0.000250954367214429,0.2288006829742372,31,0.007108821704246886,True,1,orange
79.89999999999519,0.16004957318658558,0.00010897809532204908,0.2287282932130313,31,0.00683421445568251,True,1,orange
79.91999999999514,0.1600635761842803,0.00014780879488736354,0.22867037030660659,31,0.00634747411667685,True,1,orange
79.9399999999951,0.16006647641401106,9.020626073882362e-05,0.2286282964845549,31,0.0059395921729213244,True,1,orange
79.95999999999505,0.16006786018634428,0.00017823175804776182,0.22859790911013583,31,0.006562159330441782,True,1,orange
79.979999999995,0.16006743659871925,0.0003694723821598743,0.22853705006902036,31,0.00746544155364677,True,1,orange
79.99999999999496,0.1600672105968627,0.0005965252170075499,0.22845152350620926,31,0.007331687890142898,True,1,orange
80.01999999999491,0.16007072601466227,0.0007826905137539533,0.22838225702283532,31,0.007682409139260094,True,1,orange
80.03999999999486,0.16007300701443636,0.0009561828134195704,0.22831950695991732,31,0.007489767112451196,True,1,orange
80.05999999999482,0.16007345046873528,0.0011121536896604952,0.22826807861444356,31,0.007332899434525887,True,1,orange
80.07999999999477,0.1600755142638851,0.0012445895837141076,0.22822425477589744,31,0.007371199619102904,True,1,orange
80.09999999999472,0.1600758320367604,0.0013870225856285414,0.22817464893737957,31,0.007429385226906586,True,1,orange
80.11999999999468,0.1600748585727016,0.0015236387373623434,0.2281231014976331,31,0.007225619884292489,True,1,orange
80.13999999999463,0.16007471752512115,0.001672737375232183,0.22807708253735673,31,0.007348985694701087,True,1,orange
80.15999999999458,0.1600730421454705,0.0018087011023749885,0.22801315529610192,31,0.007021462082036191,True,1,orange
80.17999999999454,0.1600731504588216,0.0019386957104027818,0.22794088498650641,31,0.007256191160538496,True,1,orange
80.19999999999449,0.16007250393006045,0.0020489093742370812,0.22784152429374846,31,0.006985672272304202,True,1,orange
80.21999999999444,0.16007074447569092,0.002161730587774815,0.22772600878524452,31,0.007015686150974606,True,1,orange
80.2399999999944,0.1600707880221259,0.0022541951508545798,0.22759872225040279,31,0.006878144190210339,True,1,orange
80.25999999999435,0.1600712715098097,0.0023343875634523822,0.22746002401045873,31,0.0072616281862277355,True,1,orange
80.2799999999943,0.1600706841292711,0.0024165723200379103,0.22730712397373867,31,0.0071256916107580665,True,1,orange
80.29999999999426,0.16007191649371377,0.0024909628678378933,0.22715972543161025,31,0.007185883406867112,True,1,orange
80.31999999999421,0.1600717673637942,0.002574670269040067,0.22700573046946299,31,0.007245189233377804,True,1,orange
80.33999999999416,0.16007297143498075,0.002655014956999516,0.22686189307507576,31,0.007298825959474033,True,1,orange
80.35999999999412,0.16007254871693372,0.0027317396015802695,0.22671187872390922,31,0.007084713490727887,True,1,orange
80.37999999999407,0.16007254571523494,0.0028086255964020145,0.22657176627278777,31,0.007247073311656291,True,1,orange
80.39999999999402,0.16007259450621153,0.0028879626345888892,0.2264287908302527,31,0.007182809485527357,True,1,orange
80.41999999999398,0.16007342255174162,0.0029690039060934707,0.22628663246133504,31,0.007410356695622653,True,1,orange
80.43999999999393,0.1600737143085379,0.0030531250113511638,0.22614029856341925,31,0.007515553198977321,True,1,orange
80.45999999999388,0.16007362114862514,0.003140225970554152,0.2259947888576267,31,0.007364793547307032,True,1,orange
80.47999999999384,0.1600733797137311,0.003224742568316961,0.22585281051746475,31,0.0073414833268805844,True,1,orange
80.49999999999379,0.1600749309272234,0.0033022924797689894,0.22571559765501437,31,0.0073908241033756195,True,1,orange
80.51999999999374,0.16007533218486786,0.0033823254313043298,0.22557336212520515,31,0.007595186393444098,True,1,orange
80.5399999999937,0.16007454271769128,0.003464033409949915,0.22542794942621674,31,0.007282314825295178,True,1,orange
80.55999999999365,0.16007284327327284,0.0035424588610934735,0.22528769790816064,31,0.007176882925456483,True,1,orange
80.5799999999936,0.16007408733111278,0.0036241118741299817,0.22515599035632783,31,0.007259916447038757,True,1,orange
80.59999999999356,0.16007259645719885,0.0037064692127740414,0.22500752672358687,31,0.007170717907256241,True,1,orange
80.61999999999351,0.16007383073634712,0.003785900839127345,0.22487054051332453,31,0.007506972176387788,True,1,orange
80.63999999999346,0.1600747129973628,0.003846845412652706,0.22472837080518715,31,0.007335228053868044,True,1,orange
80.65999999999342,0.16007537452734788,0.003881680159067297,0.22459996653582542,31,0.007135582367945431,True,1,orange
80.67999999999337,0.16007644960333978,0.00388575902953458,0.224488903045335,31,0.007308287792860602,True,1,orange
80.69999999999332,0.16007831055994792,0.0038586144391468944,0.22438752623954022,31,0.0072785235449305055,True,1,orange
80.71999999999328,0.1600777856911762,0.0037800502898761024,0.2242875644776052,31,0.0073702259108598565,True,1,orange
80.73999999999323,0.16007662456311328,0.0036477565393206873,0.2241974426121559,31,0.007627883683576239,True,1,orange
80.75999999999318,0.160076496018493,0.0034775244988994383,0.2241167428690085,31,0.007933901493761513,True,1,orange
80.77999999999314,0.16007625587682262,0.0032985260550188323,0.22403765034927545,31,0.00783606355409439,True,1,orange
80.79999999999309,0.16007560877722,0.003110426530493718,0.22396981983411038,31,0.007776080347163551,True,1,orange
80.81999999999304,0.16007756373123055,0.002943894310776097,0.223911118763976,31,0.007870702994261137,True,1,orange
80.839999999993,0.1600780786378121,0.0027793248063412842,0.22384568363778773,31,0.0076348518867408,True,1,orange
80.85999999999295,0.16007812305524663,0.002625432997294108,0.22378030495575732,31,0.007742570278219155,True,1,orange
80.8799999999929,0.16007893365124828,0.0024750420666891804,0.22371359655489811,31,0.0079345531286241,True,1,orange
80.89999999999286,0.16007876473958865,0.0023262570465883837,0.22363817763597818,31,0.007804663344298646,True,1,orange
80.91999999999281,0.16007940557450534,0.002182416151981946,0.22356521763199824,31,0.007968662153058003,True,1,orange
80.93999999999276,0.1600787164967415,0.002031651245672427,0.2234882085215275,31,0.007782233568646304,True,1,orange
80.95999999999272,0.16007765853687203,0.001884596236045804,0.22341620627661124,31,0.007708218728056745,True,1,orange
80.97999999999267,0.1600776603840206,0.0017428268329426262,0.22334643366716173,31,0.00763861039167096,True,1,orange
80.99999999999262,0.16007873948303575,0.0015970252506707805,0.22327526995937966,31,0.0078087968359965365,True,1,orange
81.01999999999258,0.16007848423231819,0.0014441302083725888,0.22319581078144238,31,0.007559214650729707,True,1,orange
81.03999999999253,0.16007769614739728,0.001294499850692569,0.22312248847280391,31,0.007767949647960428,True,1,orange
81.05999999999248,0.1600786574287348,0.001152426451639661,0.22305184475531423,31,0.007746983356476622,True,1,orange
81.07999999999244,0.1600791872791894,0.0010052246605297972,0.22297712346977155,31,0.007831382121772345,True,1,orange
81.09999999999239,0.16007807660860998,0.0008530723893922497,0.22289749911533668,31,0.00748470106496138,True,1,orange
81.11999999999234,0.16007789783073634,0.0007068019047564425,0.22282795968368949,31,0.007630829682366067,True,1,orange
81.1399999999923,0.16007907727256165,0.0005672136688446056,0.2227589088681605,31,0.0076644401641604385,True,1,orange
81.15999999999225,0.16007838125731277,0.0004183780732235253,0.22268166952227617,31,0.00774733652249299,True,1,orange
81.1799999999922,0.16007826853682078,0.000272313742987882,0.22260673191550087,31,0.007441261700685322,True,1,orange
81.19999999999216,0.16007751646278975,0.00012242094079591197,0.22253097338197195,31,0.007617366461615989,True,1,orange
81.21999999999211,0.16007795269979752,-2.7754396357187718e-05,0.2224605047991964,31,0.007906603405233612,True,1,orange
81.23999999999207,0.16007743812786013,-0.00017169831003075372,0.22238350261587148,31,0.007739139017165858,True,1,orange
81.25999999999202,0.16007648045481335,-0.00032654052741473,0.2223096465535451,31,0.007596649740880063,True,1,orange
81.27999999999197,0.1600769418703929,-0.0004715451257205064,0.2222384512644186,31,0.007707983509346611,True,1,orange
81.29999999999193,0.1600774076831079,-0.0006135752799531594,0.22216464558365998,31,0.00767788601362354,True,1,orange
81.31999999999188,0.16007835796712966,-0.0007583602618381291,0.2220977131142726,31,0.0077892011945613505,True,1,orange
81.33999999999183,0.16007892490448966,-0.0009111470929158937,0.22204547291522,31,0.007754639483198294,True,1,orange
81.35999999999179,0.16007879779197265,-0.0010659266888786221,0.22201730523799162,31,0.007763282495483991,True,1,orange
81.37999999999174,0.16007798161459919,-0.0012192724325883549,0.22200695302660392,31,0.007553893319865322,True,1,orange
81.39999999999169,0.16007651790053223,-0.0013715132308300029,0.2220036912667284,31,0.007416201596072063,True,1,orange
81.41999999999165,0.16007546833263486,-0.0015387246049534615,0.22201372890787913,31,0.007349247670569794,True,1,orange
81.4399999999916,0.16007374937520913,-0.0016974637655340656,0.22204736430608857,31,0.007156432346608779,True,1,orange
81.45999999999155,0.16007233637011137,-0.0018617989752194564,0.22211051902122242,31,0.0068934517052130296,True,1,orange
81.4799999999915,0.160069609214322,-0.0020252608756387894,0.2221835326203184,31,0.0065949504389075176,True,1,orange
81.49999999999146,0.16006763564276555,-0.002183473708491139,0.22226145307891088,31,0.006765022487734362,True,1,orange
81.51999999999141,0.1600670085601424,-0.0023432570619849723,0.22232827569097688,31,0.006732213819172443,True,1,orange
81.53999999999137,0.16006677007891465,-0.0025046619682974115,0.22237913797892503,31,0.0066051990828512,True,1,orange
81.55999999999132,0.16006515932457493,-0.0026635582814555792,0.22241655311388808,31,0.0065136550034489505,True,1,orange
81.57999999999127,0.16006533317157928,-0.002820653348896767,0.22246007363909479,31,0.006597794468069838,True,1,orange
81.59999999999123,0.16006673814798048,-0.002980617082691191,0.22249292574832466,31,0.006928740483207247,True,1,orange
81.61999999999118,0.16006745999649827,-0.0031394322708471452,0.2225142050902917,31,0.006479447475881481,True,1,orange
81.63999999999113,0.16006809378165776,-0.0032987968852706464,0.2225433744483123,31,0.006864138765212883,True,1,orange
81.65999999999109,0.16006881954385493,-0.0034470225835062803,0.2225699871154513,31,0.006875964368126147,True,1,orange
81.67999999999104,0.1600709179236922,-0.00361236118297571,0.22260159337440005,31,0.007289758417649214,True,1,orange
81.699999999991,0.16006220953152522,-0.003906148241373341,0.2226242355029264,31,0.006768194409982274,True,1,orange
81.71999999999095,0.16006902642845605,-0.003948742145654718,0.22266093088988437,31,0.006440374877245647,True,1,orange
81.7399999999909,0.16006690106899735,-0.003915062957575909,0.2227202545440586,31,0.005981638742681646,True,1,orange
81.75999999999085,0.1600627320381111,-0.00411337315400755,0.22282966243592506,31,0.0073631425986214845,True,1,orange
81.7799999999908,0.16004937643669293,-0.0045867783908071676,0.22284246800955923,31,0.0068535766842654664,True,1,orange
81.79999999999076,0.16005131532552586,-0.004910930667701511,0.2229072840312381,31,0.006525389816601613,True,1,orange
81.81999999999071,0.1600665682523617,-0.004884412737239532,0.22293709150778712,31,0.0070448288347335795,True,1,orange
81.83999999999067,0.16006677311429557,-0.004737804347467432,0.22294761734145063,31,0.006437256149373372,True,1,orange
81.85999999999062,0.16007005289313314,-0.004846785472637758,0.22301734392755773,31,0.007497379195108601,True,1,orange
81.87999999999057,0.1600568823740728,-0.005262653147876804,0.22302679645695084,31,0.007086199605582028,True,1,orange
81.89999999999053,0.16005577410955374,-0.005595331073077602,0.22309412291349773,31,0.006899920795798227,True,1,orange
81.91999999999048,0.160064857174767,-0.005693338320862541,0.22314641011399292,31,0.0064084381209275265,True,1,orange
81.93999999999043,0.16007384928356758,-0.005745022155409967,0.22319844390078902,31,0.007298264857779793,True,1,orange
81.95999999999039,0.16007684042198816,-0.00580440936535967,0.22321498157889288,31,0.007025548925094669,True,1,orange
81.97999999999034,0.16007575125784768,-0.0059367484592579576,0.22324286511242655,31,0.00745346237718313,True,1,orange
81.9999999999903,0.16007528381033914,-0.006097319468759675,0.22326808894837005,31,0.00740110028420337,True,1,orange
82.01999999999025,0.16007360929045655,-0.006273199671602577,0.22329759747339964,31,0.00750848231733672,True,1,orange
82.0399999999902,0.16007362262808475,-0.006447040005398179,0.22333752498210738,31,0.007386877984692822,True,1,orange
82.05999999999015,0.16007310240670275,-0.006628214547313843,0.22337578183227166,31,0.007441995424515645,True,1,orange
82.07999999999011,0.16007440041186022,-0.006789723115648837,0.2234244278147389,31,0.007455910769433986,True,1,orange
82.09999999999006,0.16007625253532548,-0.006931513941308063,0.22348633637529938,31,0.007619481349387707,True,1,orange
82.11999999999001,0.16007820427250596,-0.00704350837630293,0.22357038078426916,31,0.007649323432528152,True,1,orange
82.13999999998997,0.1600784009083232,-0.007140715429077719,0.22368255822102912,31,0.007627975853418908,True,1,orange
82.15999999998992,0.16007799145857718,-0.007221556301759394,0.22382099040689654,31,0.007576424216900455,True,1,orange
82.17999999998987,0.16007506573615152,-0.007302506001822633,0.22397527796081107,31,0.007024029439767865,True,1,orange
82.19999999998983,0.16007208168723952,-0.007376716371778048,0.22415134516990576,31,0.007244737391641524,True,1,orange
82.21999999998978,0.16007045586791102,-0.007450532702016204,0.22431919447319879,31,0.00701397051542436,True,1,orange
82.23999999998973,0.16006980659066944,-0.007514388013123532,0.22447931306241983,31,0.0068767419887276185,True,1,orange
82.25999999998969,0.16006864550676841,-0.00758691094417827,0.22462914953122848,31,0.006871928246004122,True,1,orange
82.27999999998964,0.16006732113577804,-0.007667864106576211,0.22478026882933175,31,0.0066135630725430985,True,1,orange
82.2999999999896,0.16006729265511516,-0.007735053271087269,0.22492752014892148,31,0.006542427238093974,True,1,orange
82.31999999998955,0.16006748888389616,-0.007804716637464524,0.22506891323612946,31,0.00684452658731025,True,1,orange
82.3399999999895,0.1600683344628535,-0.007871038993002646,0.22520575461288528,31,0.006611079722014881,True,1,orange
82.35999999998945,0.16006824043818707,-0.00794988415403095,0.22534927064953972,31,0.006926448139647441,True,1,orange
82.37999999998941,0.16006838890889513,-0.008024575108551134,0.22549271582131142,31,0.006660003967564801,True,1,orange
82.39999999998936,0.16006797607891546,-0.008095298678836302,0.2256422338874885,31,0.006927174320835009,True,1,orange
82.41999999998932,0.1600680719055923,-0.008167876150432758,0.22579083476729714,31,0.006750851115159286,True,1,orange
82.43999999998927,0.1600669323543602,-0.00824735399607156,0.22593863269799686,31,0.006561377843578165,True,1,orange
82.45999999998922,0.16006579992897235,-0.008321629508498345,0.2260918477614056,31,0.00665895477744956,True,1,orange
82.47999999998918,0.1600664797336267,-0.008393683019311485,0.22624332048776097,31,0.006686039105274713,True,1,orange
82.49999999998913,0.16006764241148835,-0.0084626918505969,0.22638196522246282,31,0.00680543369150478,True,1,orange
82.51999999998908,0.16006863588414816,-0.008539238137117981,0.22652231392220384,31,0.006956325424983939,True,1,orange
82.53999999998904,0.16006872140502149,-0.00861301735336425,0.22666414014582992,31,0.006889995318923398,True,1,orange
82.55999999998899,0.16006858858489448,-0.008685419089803189,0.22681584167204896,31,0.006967508397323986,True,1,orange
82.57999999998894,0.16006784280297864,-0.008755599417555169,0.22696733146540787,31,0.006819490242277714,True,1,orange
82.5999999999889,0.16006700319214723,-0.008833855715151077,0.22712338042341335,31,0.006721513072527342,True,1,orange
82.61999999998885,0.16006766619998808,-0.008896408922748929,0.22725915271649996,31,0.006697223010598117,True,1,orange
82.6399999999888,0.16006728506321444,-0.008951015303160531,0.2273438122264951,31,0.006096589269682362,False,1,orange
82.65999999998876,0.1600576689734059,-0.008991060040892703,0.2273683437993935,31,0.0037492444147238556,False,1,orange
82.67999999998871,0.1600372018920101,-0.009007467796946372,0.22734998826840772,31,0.00010532794309622514,False,1,orange
86.35999999998013,0.16004861009555266,-0.015985975064498784,0.2252128889529995,32,0.005266641446707532,True,2,charcoal
86.37999999998009,0.1600572352941204,-0.015975275162153836,0.22524727239780612,32,0.006376519616756602,True,2,charcoal
86.39999999998004,0.1600624270660636,-0.01595536950972953,0.22538093374245738,32,0.0070908148410548325,True,2,charcoal
86.41999999997999,0.16006356541272293,-0.01589959695544094,0.2256128545648174,32,0.007222421385998573,True,2,charcoal
86.43999999997995,0.16006223683262244,-0.0158171017157801,0.2258769816460313,32,0.0069357166615370835,True,2,charcoal
86.4599999999799,0.16005931140928056,-0.015716510684322095,0.22612630488900864,32,0.006462027675941889,True,2,charcoal
86.47999999997985,0.16005832908176953,-0.015605534433850966,0.22635031408646036,32,0.006400066853552317,True,2,charcoal
86.4999999999798,0.16005944167502895,-0.015501239751564514,0.22652330090158465,32,0.006282686112524548,True,2,charcoal
86.51999999997976,0.16006096103615564,-0.015397721344790635,0.22666068572825038,32,0.0063840067894786615,True,2,charcoal
86.53999999997971,0.1600626211518157,-0.015307728771485955,0.22677920514125446,32,0.0062498929236679025,True,2,charcoal
86.55999999997967,0.1600626037147891,-0.01522155118234725,0.22689492366125116,32,0.006265382596695565,True,2,charcoal
86.57999999997962,0.16006285990995178,-0.015138015897805673,0.22701451074986165,32,0.006403800593928574,True,2,charcoal
86.59999999997957,0.16006292436320024,-0.015049558432868973,0.22713666581548328,32,0.005905664239506343,True,2,charcoal
86.61999999997953,0.16006252141640862,-0.014962043483948351,0.22726645009352373,32,0.0062770603198805475,True,2,charcoal
86.63999999997948,0.16006348692610647,-0.014881102149914364,0.22739914731991134,32,0.006415001679345253,True,2,charcoal
86.65999999997943,0.16006461820222584,-0.014793092863532883,0.2275333224964468,32,0.006556741100254749,True,2,charcoal
86.67999999997939,0.16006577739604896,-0.01470908082449425,0.22767009062445728,32,0.0065135534969561724,True,2,charcoal
86.69999999997934,0.16006491424749814,-0.014628057784290754,0.2278114364015964,32,0.006152045773363805,True,2,charcoal
86.7199999999793,0.16006402072181952,-0.014548042305982545,0.22796555111361405,32,0.006504640463509939,True,2,charcoal
86.73999999997925,0.16006261313403097,-0.014462663842964815,0.22811198596137208,32,0.0060928705360923765,True,2,charcoal
86.7599999999792,0.1600614454596426,-0.014377572316731464,0.22826456084371105,32,0.006345451186588566,True,2,charcoal
86.77999999997915,0.16006148014041233,-0.014294439004428418,0.22840552931188474,32,0.00623498315408219,True,2,charcoal
86.79999999997911,0.1600619894141721,-0.014210639767952667,0.2285441591996087,32,0.006398198865974553,True,2,charcoal
86.81999999997906,0.1600626770324598,-0.014120707937530824,0.22867842930657417,32,0.006289142810057417,True,2,charcoal
86.83999999997901,0.16006223809084555,-0.014036037469167288,0.2288132493147827,32,0.006142416396680523,True,2,charcoal
86.85999999997897,0.1600630973215944,-0.013953436822352804,0.22895584012970374,32,0.006579446866585192,True,2,charcoal
86.87999999997892,0.16006310643682825,-0.013864464493467026,0.22908526910042407,32,0.0062684016949098335,True,2,charcoal
86.89999999997887,0.16006339889661786,-0.013780343855008622,0.2292286614665166,32,0.006484923837793152,True,2,charcoal
86.91999999997883,0.16006318981425444,-0.013698713199501633,0.2293668123719782,32,0.0062895841870571,True,2,charcoal
86.93999999997878,0.16006359320557728,-0.013610230418800147,0.22951232679327688,32,0.006523108725255827,True,2,charcoal
86.95999999997873,0.16006373220217712,-0.01352649328901788,0.22964952569384559,32,0.006390705110041718,True,2,charcoal
86.97999999997869,0.16006405883099428,-0.013445502050560828,0.22979479760845148,32,0.0065228457940143545,True,2,charcoal
86.99999999997864,0.16006351838890776,-0.013360599748226688,0.22993617311293496,32,0.006431030570244629,True,2,charcoal
87.0199999999786,0.16006244007829618,-0.013278127066835833,0.23008325126975138,32,0.006173076848960458,True,2,charcoal
87.03999999997855,0.16006143301305997,-0.013191983093112303,0.23022535639705025,32,0.006124212507157579,True,2,charcoal
87.0599999999785,0.16006093266619678,-0.013099151061723649,0.23035451732108184,32,0.006076730174705603,True,2,charcoal
87.07999999997845,0.16006161405064173,-0.012985888119430581,0.2304708807272379,32,0.006317706166325921,True,2,charcoal
87.09999999997841,0.16006178708983654,-0.012863954655325568,0.23055795625768313,32,0.006160349156853386,True,2,charcoal
87.11999999997836,0.16006205177388677,-0.012725563898901608,0.2306390622969878,32,0.006315880385951992,True,2,charcoal
87.13999999997831,0.1600622865890357,-0.012583398208149625,0.23070356735016218,32,0.006317857714929623,True,2,charcoal
87.15999999997827,0.16006220744180183,-0.012431806518597537,0.23076437942787925,32,0.006327226724886921,True,2,charcoal
87.17999999997822,0.16006231492826722,-0.012277242098620928,0.23082214132251883,32,0.00626203386397968,True,2,charcoal
87.19999999997817,0.1600628026747,-0.012121169278080504,0.23087996986799955,32,0.006477363527600736,True,2,charcoal
87.21999999997813,0.16006271881827144,-0.011971250469708225,0.23093336149003682,32,0.00631025858430882,True,2,charcoal
87.23999999997808,0.16006244087072674,-0.011816131899852507,0.230996126584493,32,0.006298835071871667,True,2,charcoal
87.25999999997804,0.16006266878390407,-0.011663944081599806,0.23105991094290623,32,0.006385294062600415,True,2,charcoal
87.27999999997799,0.1600620727782819,-0.01151300417860357,0.23112260432398724,32,0.0061168870801123695,True,2,charcoal
87.29999999997794,0.16006066476310277,-0.011356806279192068,0.23119445520280557,32,0.0060593915579697285,True,2,charcoal
87.3199999999779,0.16006053560658298,-0.011205172251285716,0.23126254526017156,32,0.006200767122106573,True,2,charcoal
87.33999999997785,0.16005935303571905,-0.01105115678785478,0.23132805106026058,32,0.00606512276266801,True,2,charcoal
87.3599999999778,0.16005867792816342,-0.010901516052690354,0.23139623794010472,32,0.0059894654695645,True,2,charcoal
87.37999999997776,0.16005846235128754,-0.010746049943506749,0.23146051341927978,32,0.005820068644526556,True,2,charcoal
87.39999999997771,0.1600569986856847,-0.010594632882185703,0.23152337276660814,32,0.0055610472402054445,True,2,charcoal
87.41999999997766,0.16005653129222425,-0.010451651928768438,0.231593503610181,32,0.0058169250634272935,True,2,charcoal
87.43999999997762,0.1600561412874211,-0.010297987385292189,0.23165569140020537,32,0.005807513468718167,True,2,charcoal
87.45999999997757,0.16005655184738724,-0.010149771281194693,0.23171583119997274,32,0.005764331782787776,True,2,charcoal
87.47999999997752,0.16005649180880227,-0.009996942885573727,0.23177280519015195,32,0.005721559612498658,True,2,charcoal
87.49999999997748,0.16005582080768666,-0.009844770473105877,0.23183349921437996,32,0.005630028303503751,True,2,charcoal
87.51999999997743,0.16005559110732703,-0.009687147414622543,0.23189975951180553,32,0.005636017957938948,True,2,charcoal
87.53999999997738,0.16005535226143552,-0.009532363657783663,0.23196302364999252,32,0.005398206960356598,True,2,charcoal
87.55999999997734,0.16005527396562808,-0.00937913097510413,0.23202443838002976,32,0.005490121904990452,True,2,charcoal
87.57999999997729,0.16005527160880742,-0.009228342424706795,0.23208525939031613,32,0.005757951193848378,True,2,charcoal
87.59999999997724,0.16005566353708034,-0.009078337849648465,0.2321450683512684,32,0.005707530473634284,True,2,charcoal
87.6199999999772,0.1600567194376644,-0.008931209358063581,0.2322037501174193,32,0.005936992836892242,True,2,charcoal
87.63999999997715,0.16005647631212272,-0.0087763402812941,0.2322612808216001,32,0.0057866238304622114,True,2,charcoal
87.6599999999771,0.1600565388775274,-0.008626345906956002,0.23232662043265329,32,0.00593564916673145,True,2,charcoal
87.67999999997706,0.16005675060623292,-0.008477589275849965,0.23238661392643462,32,0.0058914702508437045,True,2,charcoal
87.69999999997701,0.16005690473729609,-0.008324703961766993,0.23244961069062614,32,0.005893499512377576,True,2,charcoal
87.71999999997696,0.1600566669108851,-0.008171260199147335,0.2325147193860077,32,0.005704298141907215,True,2,charcoal
87.73999999997692,0.1600560308913443,-0.00802047660353594,0.2325812871430806,32,0.005591762302121874,True,2,charcoal
87.75999999997687,0.16005512446866238,-0.007875643703005189,0.23264993774976636,32,0.005600024920060415,True,2,charcoal
87.77999999997682,0.16005427890628177,-0.007722711603891682,0.23271913160562022,32,0.005547691745661936,True,2,charcoal
87.79999999997678,0.16005365696958423,-0.007565688427634486,0.23278383465404837,32,0.005478481791090966,True,2,charcoal
87.81999999997673,0.1600521375617593,-0.007370374388351111,0.23284850075897534,32,0.005736685497884333,True,2,charcoal
87.83999999997668,0.16005649014619255,-0.007350605577504544,0.23287037028123184,32,0.0050340174591679936,True,2,charcoal
87.85999999997664,0.16005569092460215,-0.007217314678933248,0.23292589605777872,32,0.0061491326282996405,True,2,charcoal
87.87999999997659,0.16004439457548386,-0.006818447005843531,0.2329340115163526,32,0.005978966096989025,True,2,charcoal
87.89999999997654,0.16004665405745933,-0.006546966614932558,0.23298464488886525,32,0.00584694482732482,True,2,charcoal
87.9199999999765,0.1600589347935342,-0.006601473702453334,0.2329689142715553,32,0.0060737368024945245,True,2,charcoal
87.93999999997645,0.16005723038734063,-0.006712105462012358,0.23296233617409148,32,0.005382301737149879,True,2,charcoal
87.9599999999764,0.16005347091669891,-0.006461939220343226,0.23297599589561283,32,0.0062960519602370275,True,2,charcoal
87.97999999997636,0.1600390628838012,-0.006002877263851261,0.23300031963031279,32,0.0057195962337850716,True,2,charcoal
87.99999999997631,0.16004640265786851,-0.005765391650474203,0.23304359999171445,32,0.005364220822983797,True,2,charcoal
88.01999999997626,0.16005381819538145,-0.005782737873364954,0.23303558577402197,32,0.004898712623220909,True,2,charcoal
88.03999999997622,0.16005962569984689,-0.005736773838424242,0.23303460782404667,32,0.0057850756638128204,True,2,charcoal
88.05999999997617,0.16005735329395096,-0.005548284944725463,0.2329931158717676,32,0.006324205962283513,True,2,charcoal
88.07999999997612,0.16005641956719227,-0.005348841004049261,0.23293951783583644,32,0.00633052098846517,True,2,charcoal
88.09999999997608,0.16005832290838518,-0.00513903265164442,0.2328933070365764,32,0.006453387561466053,True,2,charcoal
88.11999999997603,0.16005997524734608,-0.004944936076440159,0.2328536729340362,32,0.006440802940935658,True,2,charcoal
88.13999999997598,0.16006279071586688,-0.004782687231552747,0.23283234951809167,32,0.006399969953872295,True,2,charcoal
88.15999999997594,0.16006277706745167,-0.004628580039445452,0.2328165536278863,32,0.006245239598063804,True,2,charcoal
88.17999999997589,0.16006248861515665,-0.004479593760462058,0.23281090514902528,32,0.005997285077371462,True,2,charcoal
88.19999999997584,0.16006189156589226,-0.004331515913588815,0.23280479574134785,32,0.0060224704185655445,True,2,charcoal
88.2199999999758,0.1600602230427408,-0.004177373624799051,0.23279958561644512,32,0.005942889820010735,True,2,charcoal
88.23999999997575,0.16005960525086746,-0.004015891930610064,0.23279677894074505,32,0.005933559603590344,True,2,charcoal
88.2599999999757,0.16005778500350984,-0.003853696134701932,0.2327857282625226,32,0.005785359637179887,True,2,charcoal
88.27999999997566,0.16005713392508641,-0.0036898616989627605,0.23277748281547528,32,0.005943651457629248,True,2,charcoal
88.29999999997561,0.16005691045660805,-0.0035229813243212657,0.23276389456055227,32,0.005903807303639312,True,2,charcoal
88.31999999997556,0.16005634822395487,-0.003353726126154323,0.23275123223494928,32,0.005678473737897364,True,2,charcoal
88.33999999997552,0.16005641008716354,-0.0031938496996196486,0.2327391296699424,32,0.005886459801860743,True,2,charcoal
88.35999999997547,0.16005575302581682,-0.003034669998670162,0.23272780524941714,32,0.005590713166900549,True,2,charcoal
88.37999999997542,0.16005526821646304,-0.002868406813952575,0.23271984405430213,32,0.005631714054906576,True,2,charcoal
88.39999999997538,0.1600545020436282,-0.002700877429794201,0.23270953665627256,32,0.005612325095523939,True,2,charcoal
88.41999999997533,0.16005472801807577,-0.002534235380045257,0.23270039489066796,32,0.005426101573712504,True,2,charcoal
88.43999999997529,0.1600537866658058,-0.002364809083218881,0.23268229992400866,32,0.005639071868136811,True,2,charcoal
88.45999999997524,0.16005353336586103,-0.002210053979901196,0.2326709418408471,32,0.005529005633414157,True,2,charcoal
88.47999999997519,0.16005403888181852,-0.0020459952710573377,0.23266067182887237,32,0.005608305868413633,True,2,charcoal
88.49999999997515,0.1600544872117413,-0.0018802424985123085,0.23264589130812968,32,0.0056390286661557095,True,2,charcoal
88.5199999999751,0.16005447952803142,-0.0017169810930035352,0.23263074676995338,32,0.00555936285074809,True,2,charcoal
88.53999999997505,0.16005475074342962,-0.0015534798289517766,0.23262062906899433,32,0.005647082795225635,True,2,charcoal
88.559999999975,0.1600544251787546,-0.0013875659761911788,0.23260770407531403,32,0.005563098783124345,True,2,charcoal
88.57999999997496,0.1600541836944076,-0.0012255339955954984,0.2325981639448162,32,0.005657183247822411,True,2,charcoal
88.59999999997491,0.160053735490278,-0.0010616740799502975,0.2325864902727761,32,0.005558557174848476,True,2,charcoal
88.61999999997487,0.1600529163690168,-0.0008931389144265866,0.23257964178216095,32,0.00533086073874499,True,2,charcoal
88.63999999997482,0.16005246999524197,-0.0007343617854281723,0.23257322896589372,32,0.005230240356310692,True,2,charcoal
88.65999999997477,0.1600507727729475,-0.0005709430113444979,0.23256709474842124,32,0.005343369275027377,True,2,charcoal
88.67999999997473,0.16005099352710989,-0.00041160889751782226,0.2325590305788673,32,0.0052837197936492445,True,2,charcoal
88.69999999997468,0.1600494901918899,-0.0002462379111191151,0.2325431821633665,32,0.00520112726084923,True,2,charcoal
88.71999999997463,0.16004984201436562,-9.308890516711615e-05,0.23252203667842847,32,0.005301817980853622,True,2,charcoal
88.73999999997459,0.16005008017730887,6.674875605186908e-05,0.2324784780798978,32,0.0053640390209705605,True,2,charcoal
88.75999999997454,0.16005090225199722,0.00022160688716412003,0.23242017040558902,32,0.005444807914034383,True,2,charcoal
88.77999999997449,0.16005198072059423,0.0003707609522412182,0.2323506874006969,32,0.005521669998323019,True,2,charcoal
88.79999999997445,0.1600518256484748,0.000525086280812249,0.23227249913597492,32,0.005582801325675643,True,2,charcoal
88.8199999999744,0.16005233367630692,0.0006659512757428209,0.23219880308856122,32,0.005535055332841315,True,2,charcoal
88.83999999997435,0.16005259310134073,0.0008126055193970152,0.23212580588921108,32,0.00555918998029056,True,2,charcoal
88.8599999999743,0.1600533881886534,0.0009572726323505792,0.23205272767592686,32,0.00561999287195204,True,2,charcoal
88.87999999997426,0.1600543687629748,0.0010987469726254251,0.23197892340563325,32,0.005599353393906533,True,2,charcoal
88.89999999997421,0.16005402197538426,0.001245737591850658,0.23190308048119632,32,0.005667881248264731,True,2,charcoal
88.91999999997417,0.16005365861355808,0.0013934317289572362,0.23183073510307634,32,0.0055904343976136035,True,2,charcoal
88.93999999997412,0.16005336273013174,0.0015408112629013745,0.23176080021460546,32,0.005553009510911757,True,2,charcoal
88.95999999997407,0.16005343575259595,0.0016881592155265593,0.2316904634759511,32,0.005564997357034879,True,2,charcoal
88.97999999997403,0.1600528620762469,0.001839209243300827,0.2316169273118285,32,0.00563496938639551,True,2,charcoal
88.99999999997398,0.1600530588282773,0.0019832731453256485,0.2315440149894453,32,0.0053526007030866045,True,2,charcoal
89.01999999997393,0.16005238984235012,0.002126467371023601,0.23147289306910204,32,0.0054842736732864435,True,2,charcoal
89.03999999997389,0.16005111636779878,0.002277866843965509,0.2314003966776632,32,0.005384305114994514,True,2,charcoal
89.05999999997384,0.16005161958526523,0.0024195850341763125,0.23133086971747183,32,0.005427600228792607,True,2,charcoal
89.0799999999738,0.160051825502608,0.0025668731977474255,0.23125662775509856,32,0.005485903528880504,True,2,charcoal
89.09999999997375,0.16005270258927318,0.0027113927454666853,0.23118178812320173,32,0.0056461815631913366,True,2,charcoal
89.1199999999737,0.16005249882375128,0.0028606053736735227,0.23110296778228975,32,0.0055887102567442745,True,2,charcoal
89.13999999997365,0.16005244478092587,0.0030117283103172398,0.23102838401597026,32,0.005549379044696649,True,2,charcoal
89.1599999999736,0.16005269628731367,0.0031568546861023066,0.23095738027370927,32,0.005293395330320551,True,2,charcoal
89.17999999997356,0.16005235926533518,0.003302171123671021,0.23088822253934954,32,0.005247413172081864,True,2,charcoal
89.19999999997351,0.16005171156588477,0.0034492944752507254,0.2308179702177402,32,0.005353440759478841,True,2,charcoal
89.21999999997347,0.1600517547073361,0.0035962214114764013,0.23074560684622836,32,0.005276255973330317,True,2,charcoal
89.23999999997342,0.1600517069421239,0.0037432105209694515,0.23067244444070506,32,0.005267876554649524,True,2,charcoal
89.25999999997337,0.16005179239924844,0.003887217534827977,0.23059922136962607,32,0.00535240360386312,True,2,charcoal
89.27999999997333,0.1600514004239606,0.0040341187554069355,0.23052391946413456,32,0.005390879851328784,True,2,charcoal
89.29999999997328,0.16005155353246886,0.0041802668530864125,0.23045033957789407,32,0.005519125955890795,True,2,charcoal
89.31999999997323,0.1600516235535202,0.0043284511373607015,0.23037395974922475,32,0.005440696432347256,True,2,charcoal
89.33999999997319,0.16005247942507433,0.004477263569397553,0.2302996024623964,32,0.005351491744750199,True,2,charcoal
89.35999999997314,0.16005107196040472,0.004624199751183137,0.2302185601788638,32,0.005338210989317722,True,2,charcoal
89.3799999999731,0.1600517901131169,0.004771256130724154,0.23015172562011238,32,0.005496263306002478,True,2,charcoal
89.39999999997305,0.1600520113580526,0.004914296721393537,0.2300777299684271,32,0.005526964623936938,True,2,charcoal
89.419999999973,0.16005212350988668,0.005060351571187057,0.23000229620584386,32,0.005544073296034477,True,2,charcoal
89.43999999997295,0.1600521724455466,0.005210321122293765,0.2299289816977558,32,0.00554654407432664,True,2,charcoal
89.45999999997291,0.16005262420324398,0.005360525401817221,0.2298579323000393,32,0.005351826646131079,True,2,charcoal
89.47999999997286,0.16005282353752892,0.005504064424830487,0.2297875001632309,32,0.005346462875062433,True,2,charcoal
89.49999999997281,0.16005180519467754,0.005652842409936264,0.22971557744750346,32,0.005421705749364729,True,2,charcoal
89.51999999997277,0.16005275058495963,0.005792693094926402,0.22964163805747836,32,0.005525761224309911,True,2,charcoal
89.53999999997272,0.16005315856112615,0.005924460902636115,0.22955134958415774,32,0.00554238818742382,True,2,charcoal
89.55999999997267,0.1600538610686419,0.0060461451342037915,0.22945105632066645,32,0.005713823158278326,True,2,charcoal
89.57999999997263,0.16005461067118731,0.00615653584978466,0.22933552276729513,32,0.005772196237286614,True,2,charcoal
89.59999999997258,0.16005471012094846,0.00625912153531384,0.22921308752234787,32,0.005656937698234191,True,2,charcoal
89.61999999997253,0.1600557703527854,0.006364204446149752,0.2290890306498157,32,0.00570391484047221,True,2,charcoal
89.63999999997249,0.16005606993838242,0.006461470675580131,0.22895731782659814,32,0.005950932047647438,True,2,charcoal
89.65999999997244,0.1600564923726343,0.006557678099316601,0.22882339998752282,32,0.005975157134777611,True,2,charcoal
89.6799999999724,0.16005767500365686,0.0066521691526862485,0.22869311432521824,32,0.006076094767380915,True,2,charcoal
89.69999999997235,0.1600577354850256,0.006748878455209445,0.2285590810321611,32,0.005962979227519456,True,2,charcoal
89.7199999999723,0.16005881171452493,0.006846211635978879,0.22843153378026312,32,0.006076941924197859,True,2,charcoal
89.73999999997226,0.1600574444961439,0.00694431910271344,0.22829641724012767,32,0.005798740129010501,True,2,charcoal
89.75999999997221,0.16005736293527983,0.007042011997510884,0.22817629220273927,32,0.005876499866168986,True,2,charcoal
89.77999999997216,0.16005804567423987,0.0071417371411449685,0.22804829854691605,32,0.006038428188327055,True,2,charcoal
89.79999999997212,0.16005770483017967,0.007242116744081855,0.22791078992417202,32,0.006068007782018746,True,2,charcoal
89.81999999997207,0.16005761674865432,0.007338927596327354,0.2277756941065259,32,0.0060329636423825245,True,2,charcoal
89.83999999997202,0.16005798101778201,0.007438323635146957,0.22764531682643263,32,0.006085179064567788,True,2,charcoal
89.85999999997198,0.16005896280721285,0.00753588354109837,0.22751553395890306,32,0.006001229618821051,True,2,charcoal
89.87999999997193,0.16005838682911128,0.007636340396109169,0.2273825779948429,32,0.005844523776122391,True,2,charcoal
89.89999999997188,0.16005924852471967,0.007731264655677483,0.22725708779726142,32,0.005943208140413257,True,2,charcoal
89.91999999997184,0.16005910464480033,0.007828256033871378,0.22712455467909792,32,0.0060645840773994875,True,2,charcoal
89.93999999997179,0.16005954786900367,0.007924599299899969,0.22699178282629873,32,0.006170927196662042,True,2,charcoal
89.95999999997174,0.16006004818632763,0.008025034006348453,0.22685627799316943,32,0.006233095167118745,True,2,charcoal
89.9799999999717,0.16006033133541508,0.008129650705322695,0.22672273921763436,32,0.00618294844892148,True,2,charcoal
89.99999999997165,0.16006004942682514,0.008221522879993297,0.22659064091751122,32,0.006167291953187354,True,2,charcoal
90.0199999999716,0.1600595819148231,0.008324617644279438,0.22646367611313611,32,0.006046736459591401,True,2,charcoal
90.03999999997156,0.16006064981890367,0.008423234218070997,0.22633868998960774,32,0.006142972941825368,True,2,charcoal
90.05999999997151,0.16006061843312172,0.008518498536209933,0.22620449976550913,32,0.006167791850494487,True,2,charcoal
90.07999999997146,0.1600601139151926,0.008613316313777906,0.226072421892219,32,0.005791647332499039,True,2,charcoal
90.09999999997142,0.1600600723409693,0.008711520412908546,0.22594616387815109,32,0.006010730491507541,True,2,charcoal
90.11999999997137,0.16005929336633973,0.008805586777136254,0.22581333207227636,32,0.005998921125306966,True,2,charcoal
90.13999999997132,0.1600617384385129,0.008870746662886573,0.22568582141337223,32,0.006372978325681619,True,2,charcoal
90.15999999997128,0.16006219889403142,0.008878313216614515,0.22553627784817445,32,0.006294291627739376,True,2,charcoal
90.17999999997123,0.16006040906854974,0.00894472089389219,0.22537880842945637,32,0.006196565886423953,True,2,charcoal
90.19999999997118,0.16006444872331604,0.009002980078195456,0.22526003008736403,32,0.006902826896829212,True,2,charcoal
90.21999999997114,0.16006600034234653,0.008823882443930023,0.22508596370430556,32,0.007630417104776481,True,2,charcoal
90.23999999997109,0.1600639198556082,0.00869768355668768,0.22488938030033878,32,0.0065565231946653505,True,2,charcoal
90.25999999997104,0.16006243963409156,0.008760263396732753,0.22478830735986846,32,0.00556363574500576,True,2,charcoal
90.279999999971,0.16006711867184858,0.008717364209295402,0.2247443044347753,32,0.0064604118363965025,True,2,charcoal
90.29999999997095,0.16006903572894843,0.008562401325842172,0.22462773527786842,32,0.007715163171303643,True,2,charcoal
90.3199999999709,0.1600602987448333,0.008315477770640376,0.2244355814394047,32,0.006983810988305902,True,2,charcoal
90.33999999997086,0.16006567557244478,0.008180460782056267,0.2243072752465383,32,0.007086558287111086,True,2,charcoal
90.35999999997081,0.16007329135722517,0.00813689509411401,0.22416806877574605,32,0.007628123945164314,True,2,charcoal
90.37999999997076,0.16007331044515416,0.008105779648410335,0.22398948946570152,32,0.007484999555787599,True,2,charcoal
90.39999999997072,0.16007529778128804,0.008070693383469859,0.22382896534247682,32,0.007750559154623392,True,2,charcoal
90.41999999997067,0.16007870533593602,0.00801697661421741,0.22367116578088153,32,0.008039878592552733,True,2,charcoal
90.43999999997062,0.16008140947851612,0.00794718933441169,0.22351248452225836,32,0.008302427158057556,True,2,charcoal
90.45999999997058,0.16008238471551509,0.007864743056125167,0.22335320035035858,32,0.008007218725309653,True,2,charcoal
90.47999999997053,0.16008360139003025,0.007781675596683965,0.22321081422393485,32,0.008139404670329588,True,2,charcoal
90.49999999997048,0.16008314934906687,0.007694711577426991,0.22306921773682556,32,0.008113750931131378,True,2,charcoal
90.51999999997044,0.16008390437562187,0.007613081102209986,0.22293561344306556,32,0.00829508137632775,True,2,charcoal
90.53999999997039,0.16008370037698533,0.007527642935355141,0.22279412911799154,32,0.008113590369214751,True,2,charcoal
90.55999999997034,0.16008428032368432,0.007448208303992643,0.2226573420296349,32,0.008441879310761813,True,2,charcoal
90.5799999999703,0.1600830408991708,0.0073677129166529005,0.2225100485549659,32,0.008202784145288996,True,2,charcoal
90.59999999997025,0.16008147166255715,0.007280438841373178,0.22236840539237665,32,0.007965850201378695,True,2,charcoal
90.6199999999702,0.16008288548955057,0.007206514614449105,0.22223720055630397,32,0.008165279460836011,True,2,charcoal
90.63999999997016,0.16008249916112138,0.0071251165483419724,0.2220892790895682,32,0.00824897726944942,True,2,charcoal
90.65999999997011,0.1600828768128148,0.007047278181344222,0.22194181583085068,32,0.008299282549948087,True,2,charcoal
90.67999999997006,0.16008248966225094,0.006973081956843145,0.2217955754258521,32,0.007966947850949105,True,2,charcoal
90.69999999997002,0.1600820597143529,0.006894691095367748,0.22165565497609402,32,0.008007919630485548,True,2,charcoal
90.71999999996997,0.1600818656180646,0.006813139456084364,0.2215147812124358,32,0.008062969463091355,True,2,charcoal
90.73999999996992,0.1600816240192055,0.006736969951846577,0.2213708712698328,32,0.008119267415334894,True,2,charcoal
90.75999999996988,0.16008156635417808,0.006656472517814199,0.22122545278645636,32,0.008091210726932673,True,2,charcoal
90.77999999996983,0.16008147096365227,0.00657374570572543,0.22107947845366027,32,0.008061594575010803,True,2,charcoal
90.79999999996978,0.16008202505594954,0.00649608524948318,0.22093478772922626,32,0.008152495132890365,True,2,charcoal
90.81999999996974,0.16008205601061049,0.006413880978174261,0.22078808419199286,32,0.008210977361107532,True,2,charcoal
90.83999999996969,0.16008258558206945,0.006336914454022789,0.22064481973338815,32,0.008040333312359002,True,2,charcoal
90.85999999996965,0.16008124021611295,0.006263379917699765,0.22050080275485184,32,0.007925220494539583,True,2,charcoal
90.8799999999696,0.16008167129964349,0.0061806602266230555,0.2203662912588106,32,0.007971110365755154,True,2,charcoal
90.89999999996955,0.16008216545276427,0.0060938288806335,0.2202310502416964,32,0.007962884878973802,True,2,charcoal
90.9199999999695,0.16008273384714714,0.00599070960849704,0.220106997012838,32,0.00816868908823101,True,2,charcoal
90.93999999996946,0.1600820638190046,0.0058729656082200125,0.21999523394856496,32,0.007882932163178669,True,2,charcoal
90.95999999996941,0.16008170693737828,0.005742165964405269,0.21990700816488998,32,0.007898954711348286,True,2,charcoal
90.97999999996937,0.1600822546933848,0.005603797760794148,0.21983267788932637,32,0.008048947666496114,True,2,charcoal
90.99999999996932,0.16008190726431243,0.005453243387595354,0.21976167344817926,32,0.00811912669684947,True,2,charcoal
91.01999999996927,0.16008156626058023,0.005306235354697642,0.2196982548995481,32,0.00809947436419005,True,2,charcoal
91.03999999996923,0.16008182255341918,0.0051522161371045745,0.21964200006277446,32,0.008104319218161345,True,2,charcoal
91.05999999996918,0.16008163988575214,0.0049959739563098125,0.2195858575176143,32,0.007807989548611442,True,2,charcoal
91.07999999996913,0.16008163490243055,0.0048434088628649926,0.219529773327571,32,0.008017150914586609,True,2,charcoal
91.09999999996909,0.16008214470444382,0.004690529975924737,0.2194703136596388,32,0.008153843104778735,True,2,charcoal
91.11999999996904,0.16008217805947683,0.0045368218855008635,0.21940611323647227,32,0.007932699638931805,True,2,charcoal
91.13999999996899,0.1600812748940587,0.004386276891819976,0.21934399035539098,32,0.007917813939105345,True,2,charcoal
91.15999999996895,0.16008094976696022,0.004232155837220817,0.2192844759486939,32,0.007980162664505373,True,2,charcoal
91.1799999999689,0.1600816084951545,0.004084155830558066,0.21922346141032037,32,0.007966818263994353,True,2,charcoal
91.19999999996885,0.1600813888154881,0.003930204104008087,0.21915776224489555,32,0.00810657709669039,True,2,charcoal
91.2199999999688,0.16008115527456496,0.003776806617980459,0.2190925858128134,32,0.007773725619906921,True,2,charcoal
91.23999999996876,0.16008082965680784,0.003621100327360135,0.2190312915397308,32,0.008103823339424165,True,2,charcoal
91.25999999996871,0.16008149967408264,0.003473208064500618,0.21896938264667998,32,0.007789762118163259,True,2,charcoal
91.27999999996867,0.16008016568734912,0.0033217579207795458,0.21890291848630408,32,0.007717174548765998,True,2,charcoal
91.29999999996862,0.1600810583002767,0.0031694364793065275,0.21884443753931274,32,0.007825261860269956,True,2,charcoal
91.31999999996857,0.1600798228311267,0.0030208426128818487,0.21877814898317877,32,0.007825302515056061,True,2,charcoal
91.33999999996853,0.16008075940411515,0.0028688872452563422,0.21871859654610226,32,0.008161146668381037,True,2,charcoal
91.35999999996848,0.16008078252464936,0.0027178840754324457,0.21865138978947796,32,0.007805217261945132,True,2,charcoal
91.37999999996843,0.16008106228607177,0.0025669487909862343,0.21858887486836046,32,0.007918739681866743,True,2,charcoal
91.39999999996839,0.16008099464616604,0.0024128106926711193,0.2185238984627403,32,0.007982701656176178,True,2,charcoal
91.41999999996834,0.160081614844755,0.0022628425263603253,0.21845931412322783,32,0.00822609016437823,True,2,charcoal
91.4399999999683,0.1600814452263519,0.0021050014644271612,0.21839118530487006,32,0.00784136992305444,True,2,charcoal
91.45999999996825,0.16008194398067144,0.0019568181389412443,0.21833182918186705,32,0.008208819052759391,True,2,charcoal
91.4799999999682,0.16008186404335573,0.0018055853289992846,0.21826733482003746,32,0.008158615855873717,True,2,charcoal
91.49999999996815,0.16008206707430167,0.0016545189486929306,0.21820208392416957,32,0.007803123115635306,True,2,charcoal
91.5199999999681,0.1600808638508319,0.0014980790544862422,0.21813629737003862,32,0.007964094090764325,True,2,charcoal
91.53999999996806,0.16008116434095399,0.0013477031743287955,0.21807748081780104,32,0.008001376712262684,True,2,charcoal
91.55999999996801,0.16008197434145638,0.0011997359722248,0.21801691607404583,32,0.008188215192071673,True,2,charcoal
91.57999999996797,0.16008237169057704,0.0010461374904534185,0.21795088934152199,32,0.008325274998772565,True,2,charcoal
91.59999999996792,0.16008207004230524,0.0008979462720484379,0.21788489324645702,32,0.007964457611612751,True,2,charcoal
91.61999999996787,0.16008215100884396,0.000746634318010966,0.21782542639263025,32,0.008062483865041579,True,2,charcoal
91.63999999996783,0.1600822389933248,0.0005980772547904911,0.21776542123534104,32,0.007996984246803264,True,2,charcoal
91.65999999996778,0.16008144424719617,0.00044381730919526975,0.21770421857134178,32,0.008005824733122743,True,2,charcoal
91.67999999996773,0.16008167959948386,0.0002885216291545099,0.21764751774539456,32,0.008159985681525466,True,2,charcoal
91.69999999996769,0.16008164448770554,0.00013556382893220278,0.21759546266401142,32,0.00797411714160437,True,2,charcoal
91.71999999996764,0.16008126543183954,-2.0321804322017478e-05,0.21755904326047196,32,0.007943495722789897,True,2,charcoal
91.7399999999676,0.1600815413754019,-0.00017842385253033003,0.21753353352489174,32,0.008060748316356803,True,2,charcoal
91.75999999996755,0.16008112143536501,-0.000336973625674149,0.21751877912372972,32,0.007895947693319747,True,2,charcoal
91.7799999999675,0.16007907698947163,-0.0005026306377635451,0.21751383813766023,32,0.007384936237979933,True,2,charcoal
91.79999999996745,0.16007799601667122,-0.000666455817987117,0.21751643775583326,32,0.007706435467476713,True,2,charcoal
91.81999999996741,0.16007786992808543,-0.0008284712914299573,0.21751276119850835,32,0.007730191002367771,True,2,charcoal
91.83999999996736,0.1600768266921963,-0.0009941198076640978,0.21751453045387525,32,0.007611478796203098,True,2,charcoal
91.85999999996731,0.16007564206318203,-0.0011562153705764243,0.21752710863096117,32,0.007464904593273785,True,2,charcoal
91.87999999996727,0.16007532900319485,-0.0013192342726556369,0.217551543863238,32,0.007293114389569957,True,2,charcoal
91.89999999996722,0.1600743227271294,-0.001486965808889236,0.21758106790114148,32,0.007149783851983695,True,2,charcoal
91.91999999996717,0.16007349891383982,-0.0016512178508279534,0.2176100705082876,32,0.007327384150644082,True,2,charcoal
91.93999999996713,0.16007359876574806,-0.0018157959586577231,0.21763013210502893,32,0.00744264757833666,True,2,charcoal
91.95999999996708,0.16007369990284814,-0.001980603231205758,0.21764205495361968,32,0.0071776466270098115,True,2,charcoal
91.97999999996703,0.160072695726944,-0.0021458180690235836,0.21765563409756958,32,0.007233629125765948,True,2,charcoal
91.99999999996699,0.1600736352086577,-0.0023054910966757245,0.21767057617693836,32,0.0073023659874343685,True,2,charcoal
92.01999999996694,0.16007459844372723,-0.0024709976071319965,0.21767830355136955,32,0.007536720934456525,True,2,charcoal
92.0399999999669,0.16007482035425488,-0.0026379567140229045,0.21767916951726587,32,0.007553139753830442,True,2,charcoal
92.05999999996685,0.16007529671522058,-0.0028024854383657855,0.217686789890191,32,0.00730977051402029,True,2,charcoal
92.0799999999668,0.16007575478573047,-0.002960397424386833,0.21770039315161505,32,0.007237082979750157,True,2,charcoal
92.09999999996676,0.16007566977937576,-0.003124538801643521,0.2177129260047267,32,0.007430614437155341,True,2,charcoal
92.11999999996671,0.16007509446591928,-0.0032872584576381595,0.21772323573407,32,0.007367313151229392,True,2,charcoal
92.13999999996666,0.16007430434618117,-0.0034513788552985153,0.2177366481572747,32,0.007042059556168032,True,2,charcoal
92.15999999996662,0.16007308617100535,-0.0036182529841649004,0.2177495443694914,32,0.00728560314395427,True,2,charcoal
92.17999999996657,0.16007341227775912,-0.003783567804890228,0.21775971722730128,32,0.007475653600950872,True,2,charcoal
92.19999999996652,0.16007424820183852,-0.003946016477341392,0.217764297854248,32,0.00752017283706986,True,2,charcoal
92.21999999996648,0.16007392419211436,-0.004110536201282506,0.21776837464364912,32,0.00736588797574642,True,2,charcoal
92.23999999996643,0.16007507434246168,-0.00427560369560887,0.21778010080728338,32,0.00760485204841038,True,2,charcoal
92.25999999996638,0.16007478109777562,-0.004439563427620195,0.2177871310145202,32,0.007440842139007039,True,2,charcoal
92.27999999996634,0.16007560322341358,-0.004604264976216147,0.2178014280957122,32,0.007501829245244604,True,2,charcoal
92.29999999996629,0.16007483383689738,-0.004762982268228014,0.21781170305077027,32,0.007205196567164635,True,2,charcoal
92.31999999996624,0.16007423771442916,-0.004925311415725071,0.21783039185529585,32,0.00735153188607079,True,2,charcoal
92.3399999999662,0.16007402255561815,-0.0050903117709626125,0.21784342017898067,32,0.007398573125058434,True,2,charcoal
92.35999999996615,0.16007455100317008,-0.005252598976827875,0.21785059891690672,32,0.007265456828734594,True,2,charcoal
92.3799999999661,0.16007404648215678,-0.005418918650353838,0.21785684278558473,32,0.007424362189383752,True,2,charcoal
92.39999999996606,0.160074409269653,-0.00558452143704195,0.21786523500680105,32,0.007566078182780433,True,2,charcoal
92.41999999996601,0.16007489307589579,-0.005747393208791484,0.21787156451216858,32,0.007291915818546086,True,2,charcoal
92.43999999996596,0.16007410328643357,-0.00591509596439939,0.21788112237971263,32,0.0071762104986276614,True,2,charcoal
92.45999999996592,0.16007385598048185,-0.006079494072481477,0.21789601121133242,32,0.007412851771087775,True,2,charcoal
92.47999999996587,0.16007417344413635,-0.006241778681882937,0.21790940968948344,32,0.007434390916841092,True,2,charcoal
92.49999999996582,0.1600739786844665,-0.006402832756395399,0.21792037371569015,32,0.007432452634062661,True,2,charcoal
92.51999999996578,0.16007354591606487,-0.006570260392186414,0.21793178174720132,32,0.007264926345564334,True,2,charcoal
92.53999999996573,0.16007201706953164,-0.006732869878991166,0.21793879052486304,32,0.007039672757468172,True,2,charcoal
92.55999999996568,0.16007287144352209,-0.006893080826621591,0.21795356071078995,32,0.007382328414980646,True,2,charcoal
92.57999999996564,0.16007284227396357,-0.007056639401043229,0.21795866044675724,32,0.007201601352490157,True,2,charcoal
92.59999999996559,0.16007375772396937,-0.00722040764385574,0.21796942466003566,32,0.007550578157586925,True,2,charcoal
92.61999999996554,0.16007411521671022,-0.007383746978332639,0.21797355691109466,32,0.007263818088573851,True,2,charcoal
92.6399999999655,0.16007366492016756,-0.0075516031902186495,0.21798658588597236,32,0.00721861074477401,True,2,charcoal
92.65999999996545,0.1600733700672458,-0.007715832220560164,0.21800266052250789,32,0.00721305855540091,True,2,charcoal
92.6799999999654,0.16007241186931648,-0.007878567853910794,0.218025309541178,32,0.0072146342466424965,True,2,charcoal
92.69999999996536,0.1600728855256297,-0.008028954944370354,0.21806555458069846,32,0.007280612209442025,True,2,charcoal
92.71999999996531,0.1600728192231249,-0.008172231937818419,0.21811554973729308,32,0.007184045712506365,True,2,charcoal
92.73999999996526,0.16007227532273882,-0.008323560901696692,0.2181814399028763,32,0.007253231659165558,True,2,charcoal
92.75999999996522,0.16007301830276266,-0.008460575372203592,0.21825344440573255,32,0.0073040614104868595,True,2,charcoal
92.77999999996517,0.16007253408657768,-0.008602720239221292,0.21833365984501268,32,0.007185906000659844,True,2,charcoal
92.79999999996512,0.1600718013601686,-0.008747853996843222,0.21842653554205563,32,0.007187401616051249,True,2,charcoal
92.81999999996508,0.16007116370923608,-0.008889209051462107,0.21851837180353395,32,0.007161377281501749,True,2,charcoal
92.83999999996503,0.16007058243584965,-0.009029224714078132,0.2186092568281369,32,0.006893791490480567,True,2,charcoal
92.85999999996498,0.1600694692399997,-0.009171912449885838,0.2187017051897574,32,0.0065774961471291304,True,2,charcoal
92.87999999996494,0.16006787419541918,-0.009317136337377768,0.2187896496597009,32,0.0068128803652965355,True,2,charcoal
92.89999999996489,0.16006803860349977,-0.009457998976360465,0.21887689719009,32,0.006759983275136325,True,2,charcoal
92.91999999996484,0.1600678881760953,-0.009594123767793745,0.21895304108316263,32,0.0067319615386227764,True,2,charcoal
92.9399999999648,0.16006852220632162,-0.00973518948429336,0.21903380028225106,32,0.006994397534198133,True,2,charcoal
92.95999999996475,0.16006895292263967,-0.009876913701984517,0.21910544495454487,32,0.006725643423881355,True,2,charcoal
92.9799999999647,0.16006844243853252,-0.010019687271184456,0.21918217631915524,32,0.006811891990367988,True,2,charcoal
92.99999999996466,0.16006985582096378,-0.010160474497556485,0.2192635227114745,32,0.006980959750401273,True,2,charcoal
93.01999999996461,0.16007056136036424,-0.010301521764689575,0.2193398067923552,32,0.007187096427638562,True,2,charcoal
93.03999999996456,0.16007013371238057,-0.010442252353278477,0.21942015352938182,32,0.006826140472804089,True,2,charcoal
93.05999999996452,0.16006977580001605,-0.01058677541151213,0.21951164985030272,32,0.006953583748801523,True,2,charcoal
93.07999999996447,0.1600683463242546,-0.01073026288753859,0.21959946272054107,32,0.0066003943228435365,True,2,charcoal
93.09999999996442,0.16006714138943556,-0.010875708293198907,0.21969703881258504,32,0.0069976040993545725,True,2,charcoal
93.11999999996438,0.1600661574729524,-0.011015978398848013,0.21978107274243255,32,0.006441154201133646,True,2,charcoal
93.13999999996433,0.1600655359912842,-0.011149772516810133,0.21986914404608454,32,0.006580521906734903,True,2,charcoal
93.15999999996428,0.16006458614251548,-0.011297374235183521,0.21995053932492012,32,0.006550210031175741,True,2,charcoal
93.17999999996424,0.16006591779298135,-0.011439596516815469,0.22003274040388598,32,0.006782848635547603,True,2,charcoal
93.19999999996419,0.160065464388793,-0.011583278844159968,0.2200992454041024,32,0.00647184903176416,True,2,charcoal
93.21999999996414,0.16006657021163354,-0.011725085520926836,0.2201815078432975,32,0.006779407553148196,True,2,charcoal
93.2399999999641,0.16006659997859385,-0.011865978505532445,0.22025472826502981,32,0.006555905766731174,True,2,charcoal
93.25999999996405,0.16006676508119388,-0.012007837949395937,0.22033921653643632,32,0.006633468551606409,True,2,charcoal
93.279999999964,0.16006738929120773,-0.012148662701891763,0.22041976663312857,32,0.006734849362615001,True,2,charcoal
93.29999999996396,0.16006734491401142,-0.012288571984991127,0.22049933846320172,32,0.0067729815819365675,True,2,charcoal
93.31999999996391,0.16006864484363884,-0.01242697353280666,0.22058289292650649,32,0.007071265460600969,True,2,charcoal
93.33999999996387,0.16006959513982594,-0.012570301337342521,0.2206585893542567,32,0.0068395786466226,True,2,charcoal
93.35999999996382,0.16006933299060788,-0.012714072430604264,0.22074019242697843,32,0.007059685930707741,True,2,charcoal
93.37999999996377,0.16006923395703443,-0.01285858430082836,0.2208266231004403,32,0.006962905177447592,True,2,charcoal
93.39999999996373,0.16006903448665333,-0.01299988814475308,0.22091406316211348,32,0.0069732675003234814,True,2,charcoal
93.41999999996368,0.1600686167168127,-0.013141655700575787,0.22100236253940453,32,0.006782102821711536,True,2,charcoal
93.43999999996363,0.16006725578188258,-0.013286547592173514,0.22109077715957612,32,0.006801890418139249,True,2,charcoal
93.45999999996359,0.1600674678520733,-0.013427471584011955,0.22117873007165875,32,0.0067631730755864415,True,2,charcoal
93.47999999996354,0.16006849450011926,-0.01356613236259237,0.22126082664415386,32,0.006580374863600445,True,2,charcoal
93.49999999996349,0.16006789093999943,-0.013705386602862834,0.22133626822074548,32,0.00673997564218257,True,2,charcoal
93.51999999996345,0.16006927706257543,-0.013835111105657908,0.22142533794436361,32,0.00696346046086831,True,2,charcoal
93.5399999999634,0.16006916584507952,-0.013953932723691036,0.22151537486241418,32,0.006584230525625747,True,2,charcoal
93.55999999996335,0.16006867002914313,-0.014055983490965616,0.22163421262076954,32,0.00687371245343876,True,2,charcoal
93.5799999999633,0.16006833180487995,-0.014151410807520016,0.22176204891995235,32,0.006829615268355914,True,2,charcoal
93.59999999996326,0.16006851782589174,-0.014230327997896686,0.22190376309677134,32,0.007047743032877104,True,2,charcoal
93.61999999996321,0.16006753932489837,-0.014306184513508085,0.22204702736887544,32,0.006842066121844867,True,2,charcoal
93.63999999996317,0.1600659803294995,-0.014377238322956443,0.2222049617282302,32,0.006322145955234289,True,2,charcoal
93.65999999996312,0.16006514105415315,-0.014446726230670358,0.2223670661428078,32,0.006365835144394436,True,2,charcoal
93.67999999996307,0.1600650494193211,-0.01452336845898721,0.2225204051324143,32,0.00666042772602361,True,2,charcoal
93.69999999996303,0.16006570992166702,-0.014594397979161237,0.22266643730527766,32,0.006641535860717007,True,2,charcoal
93.71999999996298,0.16006498991855939,-0.014662726025169942,0.22281018663317764,32,0.00605468129080824,True,2,charcoal
93.73999999996293,0.1600630037441152,-0.014740535122494038,0.22296131603348399,32,0.0064617951346418465,True,2,charcoal
93.75999999996289,0.16006324302745484,-0.014809389876380625,0.22310884125540545,32,0.006427227491961718,True,2,charcoal
93.77999999996284,0.1600641536196325,-0.01488241649885663,0.223251053052426,32,0.006682863221396915,True,2,charcoal
93.7999999999628,0.1600640830935039,-0.014953988185456832,0.22338840782092503,32,0.006335678001166015,True,2,charcoal
93.81999999996275,0.16006487570449413,-0.015025342832184947,0.22353565933289482,32,0.006455296020345209,True,2,charcoal
93.8399999999627,0.1600676384412303,-0.015094639685021038,0.22367108848820313,32,0.00668021186765163,True,2,charcoal
93.85999999996265,0.16006127067602186,-0.015200038309358623,0.2237769087568937,32,0.005744909090512745,True,2,charcoal
93.8799999999626,0.16005909084697456,-0.015230714314873177,0.22398075481733679,32,0.006388660442501381,True,2,charcoal
93.89999999996256,0.16006072893687262,-0.015308269487010218,0.22416309733099418,32,0.005914728767472089,True,2,charcoal
93.91999999996251,0.16005967973421847,-0.015402726519698358,0.22430695692142033,32,0.006420610633797579,True,2,charcoal
93.93999999996247,0.16006251025139553,-0.015486675580374165,0.2244477002917879,32,0.006524462779519321,True,2,charcoal
93.95999999996242,0.1600643547667332,-0.015570581085769688,0.2245788323266125,32,0.006481409469454867,True,2,charcoal
93.97999999996237,0.16006499855901185,-0.015646394657466978,0.2247098387387981,32,0.006425633965602785,True,2,charcoal
93.99999999996233,0.16006530575599737,-0.015709672357761172,0.22484960194207976,32,0.006607844760814837,True,2,charcoal
94.01999999996228,0.16006596580067306,-0.01577508002087589,0.2249951781407614,32,0.006853078738368049,True,2,charcoal
94.03999999996223,0.1600656895399976,-0.01583995322419711,0.22513603635035026,32,0.006473956185850863,True,2,charcoal
94.05999999996219,0.16006560621084895,-0.01590573284787977,0.2252759670360982,32,0.006618447160683159,True,2,charcoal
94.07999999996214,0.16006252399251264,-0.015953479169059422,0.22534789236979627,32,0.005281332598961249,False,2,charcoal
94.0999999999621,0.16003893270948572,-0.01600095610199252,0.2253226280350476,32,0.0003892930748903973,False,2,charcoal
95.19999999995953,0.1600303210443932,0.004533642158772392,0.23036154915538531,33,0.0031315040056533513,True,2,charcoal
95.21999999995948,0.16004278640236203,0.004530601419334991,0.23039337668009416,33,0.004990376237331067,True,2,charcoal
95.23999999995944,0.1600503927128421,0.0045307183344418045,0.2304910293243965,33,0.005881551626459544,True,2,charcoal
95.25999999995939,0.16005411257993088,0.004539066378091904,0.23066933352073696,33,0.006308753483668259,True,2,charcoal
95.27999999995934,0.1600552807590916,0.004556699280756489,0.23089158964055784,33,0.0058854247655423285,True,2,charcoal
95.2999999999593,0.16005357194531383,0.0045962485812185245,0.23111789807685915,33,0.005924904647567553,True,2,charcoal
95.31999999995925,0.1600525578015091,0.0046520909697317075,0.23134122276349162,33,0.005760992839728503,True,2,charcoal
95.3399999999592,0.16005132704701114,0.004706761973857159,0.23153354685881458,33,0.005445375176627325,True,2,charcoal
95.35999999995916,0.16005157031705142,0.004758959066018228,0.2317151454097313,33,0.005630398721168773,True,2,charcoal
95.37999999995911,0.16005290603331634,0.004809023720903963,0.2318703199912217,33,0.005395235467624254,True,2,charcoal
95.39999999995906,0.16005393531719578,0.004851362125358559,0.23201811136183007,33,0.00530593659672444,True,2,charcoal
95.41999999995902,0.16005474441542333,0.0048954949653593404,0.23215785799600194,33,0.0055186099869784086,True,2,charcoal
95.43999999995897,0.16005488293959083,0.004929755415670138,0.2323035977942032,33,0.005632513629314994,True,2,charcoal
95.45999999995892,0.1600560928154091,0.004966486007601569,0.23245689956566373,33,0.0059129046615660754,True,2,charcoal
95.47999999995888,0.16005733340917466,0.005004029773492769,0.23260212499630134,33,0.0059679536945186394,True,2,charcoal
95.49999999995883,0.16005823972252564,0.005031996989332705,0.2327582902660159,33,0.005943687721370946,True,2,charcoal
95.51999999995878,0.16005755386903528,0.00507001417932285,0.23291737927281592,33,0.005928170890337057,True,2,charcoal
95.53999999995874,0.16005695395172953,0.005106496403341219,0.2330845156262534,33,0.0059935232637358775,True,2,charcoal
95.55999999995869,0.16005727564691902,0.005140997639980284,0.233251693664368,33,0.005566441966158073,True,2,charcoal
95.57999999995864,0.1600569983139669,0.0051772429980652835,0.23341363420236771,33,0.0057405295732771726,True,2,charcoal
95.5999999999586,0.1600572388220176,0.005211573351066462,0.23357409629584094,33,0.005954605562881343,True,2,charcoal
95.61999999995855,0.16005829628492807,0.005251235223605823,0.23373222345483172,33,0.005934374269866044,True,2,charcoal
95.6399999999585,0.1600583921013667,0.00528879469802383,0.23388485680109486,33,0.0058711103730487305,True,2,charcoal
95.65999999995846,0.16005800684814317,0.005319002877351311,0.23404648095033384,33,0.005934475864408414,True,2,charcoal
95.67999999995841,0.16005852121692013,0.005351837087956498,0.23420990935440192,33,0.0061265770959721575,True,2,charcoal
95.69999999995837,0.16005932877041765,0.005387439388325877,0.23436660812415674,33,0.00595020938075059,True,2,charcoal
95.71999999995832,0.16005916937381653,0.005425151494097298,0.23452731970070337,33,0.005908268599563736,True,2,charcoal
95.73999999995827,0.1600590344416987,0.0054683857933724555,0.23468457504049947,33,0.005876315954604519,True,2,charcoal
95.75999999995823,0.16005852801238055,0.005525815199858225,0.23483495439992702,33,0.0057847923204126074,True,2,charcoal
95.77999999995818,0.16005835876908736,0.005605909429915372,0.2349738266362893,33,0.005860896362715783,True,2,charcoal
95.79999999995813,0.16005762310168278,0.005706743450947352,0.23509783555680333,33,0.0058437819314622365,True,2,charcoal
95.81999999995809,0.16005688755350586,0.0058192965381988395,0.23522178553847797,33,0.005694085268989631,True,2,charcoal
95.83999999995804,0.1600559746238856,0.005939796344256604,0.23533380066106857,33,0.005578253244066179,True,2,charcoal
95.85999999995799,0.16005538587621787,0.006064050322969169,0.2354424046216437,33,0.005449490052490149,True,2,charcoal
95.87999999995795,0.16005371956204198,0.006194460384367646,0.235546392550089,33,0.005559984775106016,True,2,charcoal
95.8999999999579,0.1600532085220501,0.00631943030438566,0.23565529978459476,33,0.005656037721350624,True,2,charcoal
95.91999999995785,0.16005313593610962,0.0064439468165136335,0.23575688169076697,33,0.005520817537626693,True,2,charcoal
95.9399999999578,0.16005378287259991,0.006572838001323171,0.23586237265958895,33,0.005664307103782724,True,2,charcoal
95.95999999995776,0.16005296796262772,0.006699637673274596,0.23596029948727387,33,0.0054525899948458315,True,2,charcoal
95.97999999995771,0.1600523512251682,0.006831938931170132,0.23607369699253494,33,0.005467434939254053,True,2,charcoal
95.99999999995767,0.1600516729377352,0.006952872662131408,0.23617762511753046,33,0.005341242742057529,True,2,charcoal
96.01999999995762,0.16005064273756095,0.007081904317584531,0.23629094796037003,33,0.005534907265374147,True,2,charcoal
96.03999999995757,0.16005093436732154,0.007202808374837253,0.23639408405493906,33,0.005186578268406676,True,2,charcoal
96.05999999995753,0.16005018531237908,0.0073273767489916595,0.23650012654819433,33,0.005279275987753644,True,2,charcoal
96.07999999995748,0.16005168517331753,0.007448960753181176,0.23660690903321052,33,0.005572143043993961,True,2,charcoal
96.09999999995743,0.16005277586782118,0.007573239999372559,0.2367003861190127,33,0.00561651704769089,True,2,charcoal
96.11999999995739,0.16005335016397254,0.007696715509166741,0.2367972893085509,33,0.005529157536902947,True,2,charcoal
96.13999999995734,0.16005413096883297,0.007818713626790421,0.23689969708838987,33,0.00570105353989717,True,2,charcoal
96.1599999999573,0.16005407328292082,0.00794573929620755,0.23700680549197173,33,0.005292201883012582,True,2,charcoal
96.17999999995725,0.16005285435348413,0.008074282982869052,0.23711789642453962,33,0.005486669446594315,True,2,charcoal
96.1999999999572,0.16005313287266856,0.00820288320570103,0.23723258012544113,33,0.005559661022205846,True,2,charcoal
96.21999999995715,0.1600518887109874,0.008326270279297658,0.23733726959047027,33,0.005359459441228207,True,2,charcoal
96.2399999999571,0.16005066408267796,0.008456391613276224,0.23745676876869978,33,0.00543157028662987,True,2,charcoal
96.25999999995706,0.16005054010951375,0.008578788416409154,0.23756649690470355,33,0.005202179724401749,True,2,charcoal
96.27999999995701,0.16004974012852397,0.008695563568587245,0.2376759080993145,33,0.005169700512914947,True,2,charcoal
96.29999999995697,0.16004884871237224,0.00882241056959008,0.23777581131655467,33,0.004989808650467182,True,2,charcoal
96.31999999995692,0.16004898612994806,0.008961446146742073,0.23785957849767603,33,0.004935332391194356,True,2,charcoal
96.33999999995687,0.16004843430051346,0.009107304848782498,0.2379065971197252,33,0.005117030729506149,True,2,charcoal
96.35999999995683,0.16004880449952358,0.009256962306977262,0.23793898403967959,33,0.005084728450823716,True,2,charcoal
96.37999999995678,0.16004786898945977,0.009414350921169863,0.23794304719308476,33,0.00501561205741174,True,2,charcoal
96.39999999995673,0.16004900046263404,0.009574216837163436,0.2379384154384297,33,0.005332037771302318,True,2,charcoal
96.41999999995669,0.16005010228943592,0.009738490235774215,0.23791404145253137,33,0.005199096732522732,True,2,charcoal
96.43999999995664,0.16004948373768502,0.009903061386643965,0.23788999030868144,33,0.004993518743152634,True,2,charcoal
96.4599999999566,0.16004970164291799,0.010066149264598815,0.23787773995695666,33,0.005129563926607723,True,2,charcoal
96.47999999995655,0.16004901764339166,0.010233564981526545,0.23785364234544137,33,0.004989552024103554,True,2,charcoal
96.4999999999565,0.1600485645841243,0.010398125369181662,0.23783729159926822,33,0.0052011670564462795,True,2,charcoal
96.51999999995645,0.16004897515926259,0.010560601778065793,0.23781613828694104,33,0.005108840788227005,True,2,charcoal
96.53999999995641,0.16004804160257663,0.010726021975323012,0.23779649273940745,33,0.005089411661710478,True,2,charcoal
96.55999999995636,0.16004776519187214,0.010889141920507613,0.2377796494179488,33,0.004983505724358093,True,2,charcoal
96.57999999995631,0.16004684224826637,0.011048120038256354,0.23776067147331967,33,0.0048978309324683115,True,2,charcoal
96.59999999995627,0.1600467224057762,0.011209847483558558,0.23774375307171086,33,0.004905688448453927,True,2,charcoal
96.61999999995622,0.16004577675155252,0.011379430400340408,0.23772154294454892,33,0.0047086270661819965,True,2,charcoal
96.63999999995617,0.1600451057760653,0.011542311063867874,0.23770239540521712,33,0.004907050749836641,True,2,charcoal
96.65999999995613,0.16004562340965148,0.011703639599165205,0.23767789443020554,33,0.004738906351540289,True,2,charcoal
96.67999999995608,0.16004480880146055,0.0118666401042735,0.23764907086250556,33,0.00475728060824586,True,2,charcoal
96.69999999995603,0.16004424566722394,0.012029535361599555,0.23762682033660062,33,0.004711292718666188,True,2,charcoal
96.71999999995599,0.1600437758740873,0.012192550208211842,0.2376053124874955,33,0.004624386154491756,True,2,charcoal
96.73999999995594,0.16004357731972543,0.012356936781499713,0.237585308194281,33,0.004645297361759547,True,2,charcoal
96.7599999999559,0.1600435895613725,0.012518883433985661,0.23756508299386397,33,0.00472765113612324,True,2,charcoal
96.77999999995585,0.1600433884203322,0.012678871689785359,0.2375427981751074,33,0.004609834273013687,True,2,charcoal
96.7999999999558,0.1600431471094409,0.012841201626086388,0.2375219086871587,33,0.004673106622985682,True,2,charcoal
96.81999999995575,0.16004333221771144,0.01298386254590779,0.2374942217205374,33,0.004273702970797288,True,2,charcoal
96.83999999995571,0.16004289806771976,0.013121125321529892,0.23745728159303292,33,0.004531042319166481,True,2,charcoal
96.85999999995566,0.16004434105133306,0.013248522475087664,0.23738733902041895,33,0.004756973480253377,True,2,charcoal
96.87999999995561,0.16004623434409143,0.01336382707603497,0.2372763197069979,33,0.0051460056093509555,True,2,charcoal
96.89999999995557,0.1600474991074286,0.013480746447875855,0.23714015902851962,33,0.005393740721203264,True,2,charcoal
96.91999999995552,0.16005122629316926,0.013596389573339326,0.2370041374505349,33,0.005844539689811982,True,2,charcoal
96.93999999995548,0.16005217174284164,0.013714305758264272,0.23685990438767543,33,0.005608435258913109,True,2,charcoal
96.95999999995543,0.16005414910187526,0.013829920873309075,0.23674348430606754,33,0.0055171548024451665,True,2,charcoal
96.97999999995538,0.16005390987691925,0.013943781494496202,0.23662353173542597,33,0.005587878593527122,True,2,charcoal
96.99999999995534,0.16005403517314193,0.01406172956852879,0.23651389278870263,33,0.005723346264083086,True,2,charcoal
97.01999999995529,0.16005451543046068,0.014176549343945436,0.23640415078299612,33,0.005322843858953754,True,2,charcoal
97.03999999995524,0.1600529214874509,0.014291124407536205,0.2362928997599717,33,0.005426352450748665,True,2,charcoal
97.0599999999552,0.1600526597958073,0.014408153564247038,0.2361871027771496,33,0.0053037601888164835,True,2,charcoal
97.07999999995515,0.1600514123932404,0.014522853833544342,0.2360726259253919,33,0.005334082584066013,True,2,charcoal
97.0999999999551,0.1600521421262134,0.014639562587917309,0.23596155520665202,33,0.0054796364666994035,True,2,charcoal
97.11999999995506,0.16005143550508363,0.014759261682410305,0.23583931369271444,33,0.005354925508660561,True,2,charcoal
97.13999999995501,0.16005091471340882,0.014873283482614078,0.2357246369771446,33,0.005219107111149995,True,2,charcoal
97.15999999995496,0.16005108252311756,0.014991769676355213,0.23561173823524784,33,0.005310360036036763,True,2,charcoal
97.17999999995492,0.1600506563591482,0.01510727945663896,0.23549531148224473,33,0.005109777622629764,True,2,charcoal
97.19999999995487,0.16004911014206458,0.01522573395876191,0.23538060457968538,33,0.00498471960143928,True,2,charcoal
97.21999999995482,0.16004874664065843,0.015339566549802959,0.23526959469802047,33,0.005209596411579782,True,2,charcoal
97.23999999995478,0.16004890138429745,0.015457192420222967,0.23515330150259905,33,0.005172498494196578,True,2,charcoal
97.25999999995473,0.16004863420586307,0.015570846172312743,0.23503413455190011,33,0.005108683421794103,True,2,charcoal
97.27999999995468,0.16004903564535677,0.015685006028319064,0.23491743861212913,33,0.0052247370732491465,True,2,charcoal
97.29999999995464,0.1600491252651998,0.015799429748020514,0.23479443540627531,33,0.00528520719364588,True,2,charcoal
97.31999999995459,0.16005049761266613,0.015898162832656788,0.2346715155842574,33,0.0053948650627787375,True,2,charcoal
97.33999999995454,0.1600510116475527,0.015975510215795276,0.23453738116425404,33,0.005266221825503417,True,2,charcoal
97.3599999999545,0.1600527506686515,0.0160324807069818,0.2344021510478877,33,0.00553134074398349,True,2,charcoal
97.37999999995445,0.1600536376864198,0.016070387200049774,0.23425122771917767,33,0.005459711159640499,True,2,charcoal
97.3999999999544,0.1600556176620055,0.016102749055289474,0.23409992251178663,33,0.00604475237333544,True,2,charcoal
97.41999999995436,0.16005643333464709,0.016125881948642645,0.23393383362783723,33,0.005765847771810404,True,2,charcoal
97.43999999995431,0.16005738833930555,0.01614725419438588,0.2337787024505511,33,0.0060810248182896496,True,2,charcoal
97.45999999995426,0.1600579527410163,0.016164673535291035,0.23361862976874045,33,0.006086923324373773,True,2,charcoal
97.47999999995422,0.1600582040450414,0.0161886180337859,0.23345893272043242,33,0.006167404389992636,True,2,charcoal
97.49999999995417,0.1600583920124165,0.016204209102982616,0.23329533502716515,33,0.005951271829683085,True,2,charcoal
97.51999999995412,0.16005994490639222,0.016219452417173538,0.23313693122854715,33,0.006197075141545333,True,2,charcoal
97.53999999995408,0.16005945925840318,0.016239089057585032,0.23296367881836513,33,0.006123284509373289,True,2,charcoal
97.55999999995403,0.16006101723449326,0.016252355119723654,0.23280396662166764,33,0.0062868633515887305,True,2,charcoal
97.57999999995398,0.16006036603321544,0.01627139574839986,0.2326353428643314,33,0.006154363576634865,True,2,charcoal
97.59999999995394,0.16006174086688538,0.01629438695011187,0.2324805142940788,33,0.006270401202024516,True,2,charcoal
97.61999999995389,0.160061521496484,0.016318767479515574,0.23231239320985314,33,0.006347287746974063,True,2,charcoal
97.63999999995384,0.1600625589404417,0.016338773546399604,0.23215038295583668,33,0.006609526523674662,True,2,charcoal
97.6599999999538,0.1600626396664398,0.016358916706786727,0.23198136818977408,33,0.006461007877656508,True,2,charcoal
97.67999999995375,0.16006314684027464,0.016377591197224668,0.2318203230414456,33,0.006447295740870951,True,2,charcoal
97.6999999999537,0.16006403189846774,0.01640069485811246,0.23165796686597825,33,0.006580419314570943,True,2,charcoal
97.71999999995366,0.16006359991252816,0.016419604230686242,0.23149232103250092,33,0.00650786922309014,True,2,charcoal
97.73999999995361,0.16006407914956539,0.01643781451876071,0.2313333060730378,33,0.006404468881672153,True,2,charcoal
97.75999999995356,0.1600642342723011,0.016461717791428077,0.2311708316225886,33,0.006415144590907964,True,2,charcoal
97.77999999995352,0.16006447006795665,0.016483010702758736,0.23100777933772926,33,0.006581278901937995,True,2,charcoal
97.79999999995347,0.1600642970069246,0.016498642999744878,0.23084473834825234,33,0.006339424733928776,True,2,charcoal
97.81999999995342,0.1600650278759248,0.01651054416583023,0.23069269331476194,33,0.0066770206686619,True,2,charcoal
97.83999999995338,0.1600658923705116,0.016510652066297142,0.23054010498588387,33,0.006500108474017252,True,2,charcoal
97.85999999995333,0.1600664349955365,0.01647743153943093,0.23039357622350512,33,0.006518055662558419,True,2,charcoal
97.87999999995328,0.1600665043615758,0.016392308850779167,0.23025295963979164,33,0.006751073087106905,True,2,charcoal
97.89999999995324,0.16006778898046187,0.016274265776737976,0.23012222991949544,33,0.007127137992108503,True,2,charcoal
97.91999999995319,0.16006984894820372,0.016144592333832457,0.2299900458793215,33,0.007372624820983061,True,2,charcoal
97.93999999995314,0.16007163114261191,0.0160100970220475,0.2298579990295888,33,0.007342692720456313,True,2,charcoal
97.9599999999531,0.16007294387958193,0.01588427943318875,0.22973174088081041,33,0.007338384268622025,True,2,charcoal
97.97999999995305,0.16007530967877504,0.015763323881766163,0.2296144303332771,33,0.007797553125016465,True,2,charcoal
97.999999999953,0.16007558549697537,0.015651250567808514,0.22948737374116088,33,0.007575273381998044,True,2,charcoal
98.01999999995296,0.16007619322711375,0.015535840143726195,0.22936826144015446,33,0.007550981591688342,True,2,charcoal
98.03999999995291,0.16007554512435523,0.015432044970570595,0.22924278216230734,33,0.007447698037670765,True,2,charcoal
98.05999999995286,0.160076190905793,0.015334137030448093,0.22912366696135647,33,0.007690406540728539,True,2,charcoal
98.07999999995282,0.16007730782860047,0.015229604760460475,0.22899454044356318,33,0.007429540098653231,True,2,charcoal
98.09999999995277,0.16007709800089354,0.015126376941677996,0.2288628519162567,33,0.007635652472632707,True,2,charcoal
98.11999999995273,0.160077456900992,0.015021070384685389,0.22873395149640474,33,0.0077993009101514615,True,2,charcoal
98.13999999995268,0.16007898244829635,0.014914492643838288,0.22860812730577695,33,0.007738975769871008,True,2,charcoal
98.15999999995263,0.16007791567762153,0.014809926644250454,0.22847292193099555,33,0.0076530077428217,True,2,charcoal
98.17999999995259,0.16007911482447512,0.01470765242207309,0.22835249407293187,33,0.007889940638373453,True,2,charcoal
98.19999999995254,0.16007948641512482,0.014600493794796023,0.2282220046219289,33,0.007888774378533463,True,2,charcoal
98.21999999995249,0.1600792748719863,0.014494192327365254,0.22809547212222261,33,0.00789832230514537,True,2,charcoal
98.23999999995245,0.1600786518246101,0.01438672877954656,0.2279699883305931,33,0.007546750856604893,True,2,charcoal
98.2599999999524,0.1600787306358007,0.014282114986958847,0.22785003716670205,33,0.007822904878762195,True,2,charcoal
98.27999999995235,0.16008021326281885,0.01416724452770235,0.22773205372338073,33,0.008150575831734626,True,2,charcoal
98.2999999999523,0.1600810405214953,0.01404431550400489,0.22762049930392844,33,0.008057020624307104,True,2,charcoal
98.31999999995226,0.1600827752125254,0.013909462649649615,0.22753500077237915,33,0.008300182660170064,True,2,charcoal
98.33999999995221,0.16008372699706092,0.013762569793055103,0.2274680353975367,33,0.008143301096176196,True,2,charcoal
98.35999999995217,0.16008269221064148,0.013613748027358584,0.22742260981638096,33,0.007827743865711579,True,2,charcoal
98.37999999995212,0.16008261851047173,0.01345763839287276,0.2274003543359974,33,0.008047311005749217,True,2,charcoal
98.39999999995207,0.16008170053133647,0.013290501778588206,0.2273785975995693,33,0.007997025706341176,True,2,charcoal
98.41999999995203,0.16008072169211635,0.013122469166460487,0.22736546747473818,33,0.00786230118668956,True,2,charcoal
98.43999999995198,0.16008040416423314,0.012956866244641211,0.2273535821633227,33,0.007946140241588519,True,2,charcoal
98.45999999995193,0.16008042204849637,0.012791315332904509,0.22733888878930036,33,0.008062221936888126,True,2,charcoal
98.47999999995189,0.1600800665864336,0.012627654208198384,0.2273200764590639,33,0.00781868122722167,True,2,charcoal
98.49999999995184,0.16007966001624524,0.012458276784461238,0.22730302357592497,33,0.0077534200843767,True,2,charcoal
98.51999999995179,0.16007906076443978,0.012296113610796909,0.2272837017849731,33,0.0076917865233833965,True,2,charcoal
98.53999999995175,0.16007987163672655,0.012137154163889002,0.22726770181116376,33,0.007906464488830362,True,2,charcoal
98.5599999999517,0.16007918935193327,0.011971948230719119,0.22724272527597603,33,0.007682975362042867,True,2,charcoal
98.57999999995165,0.1600791484230303,0.01180678507625632,0.2272256431052983,33,0.007789193637538494,True,2,charcoal
98.5999999999516,0.16007884146060214,0.011642353568571136,0.22720250495738156,33,0.00773288699151478,True,2,charcoal
98.61999999995156,0.16007950594422893,0.01147998071830382,0.22718085487505604,33,0.00794092196288287,True,2,charcoal
98.63999999995151,0.16007991973610627,0.011312817138594444,0.22715426211791898,33,0.007786946661087788,True,2,charcoal
98.65999999995147,0.16007991871594857,0.011153777007562633,0.2271324797157987,33,0.0075059058841022526,True,2,charcoal
98.67999999995142,0.1600792513768986,0.010992881750194156,0.2271141690473523,33,0.007815032950471142,True,2,charcoal
98.69999999995137,0.16007929187799272,0.010829975495561368,0.22709486439206295,33,0.00780259521065838,True,2,charcoal
98.71999999995133,0.16007982442264912,0.01066606839590469,0.22707456169343407,33,0.007827987266739842,True,2,charcoal
98.73999999995128,0.1600799683789937,0.010498441958629555,0.2270517131675878,33,0.007735997253744695,True,2,charcoal
98.75999999995123,0.1600804040007015,0.010336507456241368,0.22703273626868395,33,0.00806881633398287,True,2,charcoal
98.77999999995119,0.16008097731924736,0.010174730261249517,0.22702123900946558,33,0.007572460388444858,True,2,charcoal
98.79999999995114,0.1600795041766287,0.010015226455561627,0.22701942692037755,33,0.007755069496163424,True,2,charcoal
98.8199999999511,0.16007963827014443,0.009855923991585623,0.2270290403268988,33,0.007665961866058817,True,2,charcoal
98.83999999995105,0.16007914010250282,0.009695538240204518,0.2270354401804162,33,0.007816028005511877,True,2,charcoal
98.859999999951,0.16008031459607366,0.009535669616321015,0.22704117282975733,33,0.007687561218594584,True,2,charcoal
98.87999999995095,0.16008062365506714,0.009379900552036314,0.22705616267244144,33,0.007762372455964215,True,2,charcoal
98.89999999995091,0.16007996680052144,0.00922107704058038,0.22709833115531436,33,0.007880888207025137,True,2,charcoal
98.91999999995086,0.1600785083421476,0.009060584110066197,0.22716306010165532,33,0.007727430077969549,True,2,charcoal
98.93999999995081,0.16007644263977022,0.00890172869420139,0.22723783582540244,33,0.007496063526881742,True,2,charcoal
98.95999999995077,0.16007538688781828,0.008744742934605563,0.22731884484282938,33,0.007511524684068854,True,2,charcoal
98.97999999995072,0.1600736730523879,0.008583540325070117,0.22739295893234684,33,0.007004831754673421,True,2,charcoal
98.99999999995067,0.1600721824554577,0.00842612500081668,0.22746105333401231,33,0.007030949487990737,True,2,charcoal
99.01999999995063,0.1600713815054991,0.008264854340643914,0.2275159511863383,33,0.007138221364108379,True,2,charcoal
99.03999999995058,0.16007185609963162,0.00810682743718853,0.22755797719267043,33,0.007290110469421467,True,2,charcoal
99.05999999995053,0.1600723384945828,0.007947138105956512,0.22759431625685134,33,0.006959479739744914,True,2,charcoal
99.07999999995049,0.16007266451683552,0.007789154188661895,0.227626434821077,33,0.007332721081974626,True,2,charcoal
99.09999999995044,0.16007328638458018,0.00763243849642051,0.22765970827220666,33,0.007336792872120765,True,2,charcoal
99.1199999999504,0.16007432940886973,0.007474615335003483,0.22769711814994817,33,0.007531741045945192,True,2,charcoal
99.13999999995035,0.1600744378539201,0.007317761856087238,0.22773410031960767,33,0.007458570278000273,True,2,charcoal
99.1599999999503,0.1600754449141962,0.007160083084632801,0.22777646620420708,33,0.007723341722274862,True,2,charcoal
99.17999999995025,0.16007554080305716,0.006999387523238982,0.22781687448585292,33,0.007504455342948618,True,2,charcoal
99.19999999995021,0.1600751862524818,0.006842807593561245,0.22787154443627392,33,0.007551252537656514,True,2,charcoal
99.21999999995016,0.16007524984736238,0.006696774413375175,0.22793492145037295,33,0.007289829317548572,True,2,charcoal
99.23999999995011,0.16007403669402626,0.006556604889019267,0.22801553170537397,33,0.007047115000346285,True,2,charcoal
99.25999999995007,0.1600732729100963,0.006432140190273118,0.2281150492890556,33,0.007025440485038586,True,2,charcoal
99.27999999995002,0.160072075381862,0.00631908040284281,0.2282230020570594,33,0.006952868453497619,True,2,charcoal
99.29999999994997,0.16007087478501839,0.0062103627065397005,0.22834249154825925,33,0.006815950990561166,True,2,charcoal
99.31999999994993,0.1600701341202379,0.006103358119730198,0.2284660950093526,33,0.006690953620079025,True,2,charcoal
99.33999999994988,0.16006882543755224,0.006002094609284962,0.22858671407943576,33,0.006677979396321714,True,2,charcoal
99.35999999994984,0.16006829761797875,0.00589677144496378,0.22871500853026475,33,0.006961929148504316,True,2,charcoal
99.37999999994979,0.16006959963986725,0.00580199197678693,0.2288355937405012,33,0.00694417949530479,True,2,charcoal
99.39999999994974,0.16006986290308106,0.005697804796144524,0.22895481320054756,33,0.0069833175583946605,True,2,charcoal
99.4199999999497,0.16007084285817103,0.005599764568827087,0.22908272637177074,33,0.007138386470446497,True,2,charcoal
99.43999999994965,0.16007083649126735,0.005494099150865301,0.22920701132834204,33,0.006791574042833662,True,2,charcoal
99.4599999999496,0.16007001723353453,0.005390954198043866,0.22933791286836805,33,0.006972035497675729,True,2,charcoal
99.47999999994956,0.16007083119839935,0.0052864696948199405,0.22947243120044092,33,0.007185934697151501,True,2,charcoal
99.49999999994951,0.16007245136355155,0.00518455997382543,0.22959451847450538,33,0.007017098131062081,True,2,charcoal
99.51999999994946,0.16007163998798055,0.0050795909414295655,0.22971607766084487,33,0.006808778330252283,True,2,charcoal
99.53999999994942,0.16007164801310603,0.004979052131230739,0.22985702206060626,33,0.007118900845413571,True,2,charcoal
99.55999999994937,0.16007158205217892,0.004879431673707049,0.22998028753848748,33,0.007147566200670894,True,2,charcoal
99.57999999994932,0.16007122442411614,0.004767313780247416,0.2301121117345469,33,0.007236467334089003,True,2,charcoal
99.59999999994928,0.1600719900134564,0.0046757175832008654,0.23023303419334412,33,0.0068758027338972055,True,2,charcoal
99.61999999994923,0.16006812292327866,0.004606994060470979,0.23030057474159132,33,0.0056500911194988955,False,2,charcoal
99.63999999994918,0.16004174128595705,0.004563016826123036,0.23027631324866388,33,0.0004937211775508971,False,2,charcoal
100.73999999994662,0.1600431976814563,-0.013973829093303901,0.22824730676454205,34,0.004681576170630629,True,2,charcoal
100.75999999994657,0.16005091190753934,-0.013999703366412012,0.22828601238290608,34,0.006041355011582195,True,2,charcoal
100.77999999994653,0.1600568943708986,-0.014083940311287268,0.22840737876440226,34,0.006723353227889896,True,2,charcoal
100.79999999994648,0.1600586550859326,-0.014222334055365923,0.22857807450723044,34,0.006711076742270865,True,2,charcoal
100.81999999994643,0.16005915757905242,-0.014389440887354304,0.22877021934276914,34,0.006738333281047625,True,2,charcoal
100.83999999994639,0.16005862451014402,-0.014558666414238627,0.22893450880366342,34,0.006053424494587792,True,2,charcoal
100.85999999994634,0.160058286744272,-0.014726066245365588,0.22907935194789492,34,0.006360478924430487,True,2,charcoal
100.87999999994629,0.16006098747970182,-0.014880482472100507,0.22919272260105006,34,0.006395381268441779,True,2,charcoal
100.89999999994625,0.16006277465921617,-0.015025793035704744,0.2292762720398291,34,0.006346878087711918,True,2,charcoal
100.9199999999462,0.1600647314050841,-0.01516339184545824,0.22935622023761937,34,0.006590550599423871,True,2,charcoal
100.93999999994615,0.16006665088895772,-0.015293655583760309,0.22942806960145296,34,0.006382848042772363,True,2,charcoal
100.9599999999461,0.16006693836231045,-0.015428122475813032,0.22950446757832904,34,0.006832169306700771,True,2,charcoal
100.97999999994606,0.16006825668623262,-0.015557794977070123,0.22959020090498497,34,0.006874126355995125,True,2,charcoal
100.99999999994601,0.16006947779028424,-0.015688576773530596,0.22968020070892475,34,0.007241469226940771,True,2,charcoal
101.01999999994597,0.16006923992633026,-0.015819043161986703,0.22976881227072868,34,0.006842810507264954,True,2,charcoal
101.03999999994592,0.16006932728193435,-0.0159558823482729,0.22987579847247194,34,0.0071789037897885466,True,2,charcoal
101.05999999994587,0.16006988723717985,-0.016090187092601575,0.22997624276863882,34,0.0065766866717773915,True,2,charcoal
101.07999999994583,0.1600696414224029,-0.016226312652965817,0.23008058393795391,34,0.006683560261804662,True,2,charcoal
101.09999999994578,0.16006906480164879,-0.016359577087355925,0.23017641601085478,34,0.006941967603171521,True,2,charcoal
101.11999999994573,0.16006988114329368,-0.016492334076528066,0.23027697152103888,34,0.007085347632640697,True,2,charcoal
101.13999999994569,0.16007094895333915,-0.01662298086219784,0.23037025653606585,34,0.0071776382104877315,True,2,charcoal
101.15999999994564,0.16007155661852868,-0.016755576162248105,0.2304633421778428,34,0.007143615743100858,True,2,charcoal
101.1799999999456,0.16007039696824377,-0.016890456771148556,0.23056140621517024,34,0.006589083054733689,True,2,charcoal
101.19999999994555,0.1600690754998062,-0.017029241983432766,0.23067068257744028,34,0.006661617888083051,True,2,charcoal
101.2199999999455,0.1600679442223779,-0.017159934533708215,0.23076737745673923,34,0.006767190734213117,True,2,charcoal
101.23999999994545,0.16006859686942265,-0.01729321031915257,0.23086778133771882,34,0.007148096458714669,True,2,charcoal
101.2599999999454,0.16006866521353674,-0.01742804421105114,0.23095690773211275,34,0.006629644219553896,True,2,charcoal
101.27999999994536,0.16006942424568582,-0.017557041529847394,0.23105445748962922,34,0.007013029154307776,True,2,charcoal
101.29999999994531,0.16006986545711221,-0.017693234405809083,0.23114301084861136,34,0.006625848233317365,True,2,charcoal
101.31999999994527,0.1600700520870919,-0.01782517831557905,0.23123698859242925,34,0.007012618475833783,True,2,charcoal
101.33999999994522,0.16006966121430993,-0.017960244955655055,0.23133091399063813,34,0.00699250853252517,True,2,charcoal
101.35999999994517,0.1600697789681772,-0.018094723906160737,0.23143034660246864,34,0.007100278529545801,True,2,charcoal
101.37999999994513,0.1600710176165746,-0.01822659351727264,0.23152378679878532,34,0.007140164995662979,True,2,charcoal
101.39999999994508,0.1600718071839276,-0.018361405770269776,0.23161872437912395,34,0.007274588801172146,True,2,charcoal
101.41999999994503,0.16007084944750888,-0.018491320004849734,0.23171366822563025,34,0.006837295791384395,True,2,charcoal
101.43999999994499,0.16006968231803337,-0.018630579197031802,0.23182716296911499,34,0.006758350218008189,True,2,charcoal
101.45999999994494,0.16006898762046506,-0.018762738636360122,0.23192630528148064,34,0.00692389877076643,True,2,charcoal
101.4799999999449,0.16006906376997987,-0.018896283397974768,0.23202731004077398,34,0.006933145345290529,True,2,charcoal
101.49999999994485,0.16006893718991524,-0.019029527884825124,0.23211964102656113,34,0.006943979068207282,True,2,charcoal
101.5199999999448,0.16006930808947734,-0.01916171460353054,0.23221665034264052,34,0.007195276110575282,True,2,charcoal
101.53999999994475,0.16007029271656065,-0.019282187959588155,0.2322919709108175,34,0.006670787680521947,True,2,charcoal
101.55999999994471,0.16007155319875851,-0.01936917263084687,0.2323335040144779,34,0.006493810463081602,True,2,charcoal
101.57999999994466,0.16007497068573262,-0.01941131230081981,0.2323431484034007,34,0.006848478685078862,True,2,charcoal
101.59999999994461,0.16007705462687752,-0.01942724979044335,0.2323209777335455,34,0.006607576507659916,True,2,charcoal
101.61999999994457,0.16007512895936166,-0.019434415676688983,0.2322337086851052,34,0.007058908274033413,True,2,charcoal
101.63999999994452,0.16007253178401826,-0.01942701061106349,0.23208768358027326,34,0.006952425882832783,True,2,charcoal
101.65999999994447,0.1600710676854312,-0.0193898322927826,0.23191297811970585,34,0.007033554259020843,True,2,charcoal
101.67999999994443,0.1600696747274196,-0.019319796104117954,0.2317295897983402,34,0.007078359436148643,True,2,charcoal
101.69999999994438,0.1600692539889782,-0.019232003584891938,0.23155975449839808,34,0.007125345866968309,True,2,charcoal
101.71999999994433,0.16006983862302512,-0.019133591109774552,0.23139709621325377,34,0.007333475782236174,True,2,charcoal
101.73999999994429,0.1600686370683851,-0.019044262739785083,0.2312345459005923,34,0.006756846494909866,True,2,charcoal
101.75999999994424,0.16006952396105678,-0.018958643567610442,0.23109213484746868,34,0.006842624523837089,True,2,charcoal
101.7799999999442,0.16006920866905855,-0.018884894296499827,0.23094032166271872,34,0.006709672264832547,True,2,charcoal
101.79999999994415,0.16006731763469648,-0.01881549780434824,0.23078900635490576,34,0.0064242892144917175,True,2,charcoal
101.8199999999441,0.16006679289729212,-0.01875298677206546,0.2306454583855709,34,0.006681820058307613,True,2,charcoal
101.83999999994406,0.16006646914277672,-0.01868631859742302,0.230493601706217,34,0.006579537089295469,True,2,charcoal
101.85999999994401,0.16006517898283143,-0.018626655470457824,0.23033794405196392,34,0.006515104148565594,True,2,charcoal
101.87999999994396,0.1600651512691227,-0.01856212184551444,0.23018664193856564,34,0.00640661880418238,True,2,charcoal
101.89999999994392,0.16006345361580915,-0.01849554843967433,0.23002997125744426,34,0.0061256924908611446,True,2,charcoal
101.91999999994387,0.16006339179031065,-0.01843171363583528,0.22988305928644648,34,0.006593347669591912,True,2,charcoal
101.93999999994382,0.16006424501959027,-0.018370987326217607,0.2297283380603743,34,0.00640647633626159,True,2,charcoal
101.95999999994378,0.16006307374854556,-0.018309523051429865,0.22956724619767954,34,0.006478615663254465,True,2,charcoal
101.97999999994373,0.16006468608174712,-0.018246238331392536,0.22941761761910784,34,0.00643888187875507,True,2,charcoal
101.99999999994368,0.16006449770125136,-0.0181819800822588,0.22925890261594375,34,0.00643535084364917,True,2,charcoal
102.01999999994364,0.1600652837246246,-0.018120970940344303,0.22910878640390006,34,0.006623925197902294,True,2,charcoal
102.03999999994359,0.1600649210032082,-0.018059252882943515,0.2289520612382848,34,0.006650722286948623,True,2,charcoal
102.05999999994354,0.16006539271363857,-0.017998056816578893,0.2288022908657241,34,0.006738794616489817,True,2,charcoal
102.0799999999435,0.1600662975082328,-0.0179318086951232,0.22865253880184824,34,0.00642181240350971,True,2,charcoal
102.09999999994345,0.16006589792312262,-0.017868325593168394,0.22849898273315117,34,0.006606256937881627,True,2,charcoal
102.1199999999434,0.16006737175212293,-0.017802020757922202,0.2283498974459782,34,0.0067265016092306175,True,2,charcoal
102.13999999994336,0.16006705755404685,-0.01773822494871628,0.22818952592900826,34,0.006786727939930061,True,2,charcoal
102.15999999994331,0.16006826518354228,-0.01767383457887951,0.22803809346033016,34,0.007078916189051541,True,2,charcoal
102.17999999994326,0.16006940262463304,-0.017611725379489792,0.22788267373942853,34,0.006731990639842065,True,2,charcoal
102.19999999994322,0.16006841370773844,-0.01755070588962922,0.22772786723326174,34,0.006768551921375792,True,2,charcoal
102.21999999994317,0.16006920475216274,-0.0174897014370359,0.22758454052200383,34,0.007025819350092447,True,2,charcoal
102.23999999994312,0.16006855301800044,-0.017426662503955595,0.22743158719084136,34,0.006953261110221556,True,2,charcoal
102.25999999994308,0.16006871634061423,-0.01736423855197763,0.22728309801921742,34,0.0067647085326041165,True,2,charcoal
102.27999999994303,0.160068519944359,-0.017301528443917177,0.2271323745862993,34,0.006813476450734533,True,2,charcoal
102.29999999994298,0.1600681769418481,-0.017233852261686874,0.2269825022227911,34,0.006678936682355484,True,2,charcoal
102.31999999994294,0.16006818318048222,-0.01717460242691169,0.2268333264721274,34,0.006830404866857749,True,2,charcoal
102.33999999994289,0.160068332071604,-0.01713794214787039,0.2266866810943501,34,0.006868710748610031,True,2,charcoal
102.35999999994284,0.1600682176773462,-0.017127978524681824,0.22654670447693648,34,0.006713457539090713,True,2,charcoal
102.3799999999428,0.16006941651484285,-0.017129728216649702,0.2264194346528018,34,0.006939993108795443,True,2,charcoal
102.39999999994275,0.16006907189319913,-0.017156644728841687,0.2262943207774543,34,0.006700587268266449,True,2,charcoal
102.4199999999427,0.1600691085427292,-0.017226861979764467,0.22618063083268516,34,0.006626143757278294,True,2,charcoal
102.43999999994266,0.16006521237500376,-0.017342841829465078,0.22605990083450603,34,0.006435548558886164,True,2,charcoal
102.45999999994261,0.16006409250542153,-0.017485014933420633,0.22595007240748585,34,0.006591923512914897,True,2,charcoal
102.47999999994256,0.1600627634372016,-0.017634723125434647,0.22583287838681837,34,0.006612842416118764,True,2,charcoal
102.49999999994252,0.1600624831480597,-0.0177807207356238,0.22571719514921296,34,0.006583070858729799,True,2,charcoal
102.51999999994247,0.16006257882810906,-0.017923126769674065,0.22559646378176287,34,0.006599843159945928,True,2,charcoal
102.53999999994242,0.16006396742190993,-0.01805212427045105,0.22547283747486485,34,0.006890471257744836,True,2,charcoal
102.55999999994238,0.16006500663619977,-0.018177544383409048,0.22534907005019358,34,0.0065017645537054575,True,2,charcoal
102.57999999994233,0.1600651960403719,-0.018296814336824823,0.22523054402036005,34,0.006507765436197038,True,2,charcoal
102.59999999994228,0.16006574631748635,-0.018413529702801197,0.2251146862071323,34,0.006533852724366023,True,2,charcoal
102.61999999994224,0.1600661942416298,-0.01853091929247228,0.224994454855724,34,0.006927745737720516,True,2,charcoal
102.63999999994219,0.16006681517981158,-0.01864409379403136,0.22487301164170517,34,0.0065557674102332715,True,2,charcoal
102.65999999994214,0.16006703201540176,-0.018762138750102752,0.22475368578586383,34,0.0067633030308777735,True,2,charcoal
102.6799999999421,0.16006720981811473,-0.018874861498217214,0.2246380023660755,34,0.006941886741993985,True,2,charcoal
102.69999999994205,0.16006743743379406,-0.018990609873062864,0.2245216554314531,34,0.006863532058796924,True,2,charcoal
102.719999999942,0.16006789511609495,-0.01910814993644569,0.22440300112506836,34,0.007039442529630683,True,2,charcoal
102.73999999994196,0.16006787506503206,-0.019224618317995646,0.22428477110814074,34,0.00690428378022648,True,2,charcoal
102.75999999994191,0.16006847065064447,-0.019340742588527655,0.2241722822369963,34,0.007069714492259614,True,2,charcoal
102.77999999994186,0.1600683281702498,-0.01945657043454018,0.22405415561166894,34,0.006949396850766121,True,2,charcoal
102.79999999994182,0.16006858620149145,-0.019571987498000615,0.22393748311835013,34,0.006860843418313352,True,2,charcoal
102.81999999994177,0.16006798983624687,-0.01969090132007065,0.22382090299770038,34,0.007014732825894708,True,2,charcoal
102.83999999994172,0.1600681588060017,-0.019797019011528163,0.22370741911142536,34,0.006774762245979091,True,2,charcoal
102.85999999994168,0.1600719050474409,-0.019858040013192756,0.22360973002505902,34,0.006820769882025118,True,2,charcoal
102.87999999994163,0.16007385350491937,-0.01988367241228172,0.22351978131461714,34,0.007089959632652917,True,2,charcoal
102.89999999994158,0.16007548774672217,-0.01988095611027666,0.22344967111272165,34,0.006949323344625259,True,2,charcoal
102.91999999994154,0.16007539025143674,-0.01979821352920823,0.22338370169314792,34,0.00734391250154445,True,2,charcoal
102.93999999994149,0.16007672312817445,-0.019682717237793378,0.22333782428517474,34,0.007402516785239188,True,2,charcoal
102.95999999994145,0.16007779642784575,-0.019525932265231333,0.22331638306654505,34,0.007442122217022763,True,2,charcoal
102.9799999999414,0.16007517357619785,-0.019310479944013473,0.22331265981352408,34,0.007319465546817014,True,2,charcoal
102.99999999994135,0.16007463102569194,-0.01910705170500201,0.2233271125487758,34,0.007419377063944447,True,2,charcoal
103.0199999999413,0.16007501751245928,-0.01892086477730284,0.22334069822450983,34,0.007517257972047693,True,2,charcoal
103.03999999994126,0.1600755165943525,-0.01874228140722027,0.22334733495325587,34,0.0076661797443380066,True,2,charcoal
103.05999999994121,0.16007633304418523,-0.01857351891565519,0.22334572302907832,34,0.007681554860380762,True,2,charcoal
103.07999999994117,0.1600769681426521,-0.018408851645483088,0.2233391579696014,34,0.007660401488917878,True,2,charcoal
103.09999999994112,0.16007579539018096,-0.018240215669524627,0.2233261192354099,34,0.007511051523982642,True,2,charcoal
103.11999999994107,0.16007488089915592,-0.018072700236283257,0.22331678344651518,34,0.00743609265308359,True,2,charcoal
103.13999999994103,0.16007484445391373,-0.017902372188432828,0.22330685805641054,34,0.0072725934752390494,True,2,charcoal
103.15999999994098,0.16007433893519118,-0.01773770784046427,0.22329088849230735,34,0.0069974771114214105,True,2,charcoal
103.17999999994093,0.16007419414299193,-0.017573252272016122,0.22327740059281329,34,0.007531171418048863,True,2,charcoal
103.19999999994089,0.1600741866223542,-0.01740689786759908,0.22325855328760347,34,0.007105496087952728,True,2,charcoal
103.21999999994084,0.1600736846060559,-0.017242372819762132,0.22324236988127882,34,0.006981146774174983,True,2,charcoal
103.23999999994079,0.16007314811316553,-0.01707790754822586,0.22322757620707231,34,0.007250114813559077,True,2,charcoal
103.25999999994075,0.16007275725170866,-0.016912854608862396,0.22321181911007917,34,0.007362195997269656,True,2,charcoal
103.2799999999407,0.16007353243177563,-0.016745651639799713,0.22319773225386855,34,0.007100596841322928,True,2,charcoal
103.29999999994065,0.1600728354009095,-0.016582239513463225,0.22317981771501524,34,0.00693906157824624,True,2,charcoal
103.3199999999406,0.16007372402595477,-0.01642086542730823,0.22316869579570145,34,0.007303684739570067,True,2,charcoal
103.33999999994056,0.16007427331168828,-0.016254130357664476,0.22314900038936253,34,0.00722853545968565,True,2,charcoal
103.35999999994051,0.16007495194041677,-0.0160921501138526,0.22313050132202145,34,0.0076473217023468685,True,2,charcoal
103.37999999994047,0.1600750624303262,-0.01592807738935342,0.22311352208715754,34,0.007373929868374707,True,2,charcoal
103.39999999994042,0.16007538315289105,-0.01576331925503961,0.22310485317331566,34,0.007184400323351859,True,2,charcoal
103.41999999994037,0.16007514251821042,-0.015598721844542236,0.22309439969627745,34,0.007134507721025943,True,2,charcoal
103.43999999994033,0.16007444288865458,-0.01543430139551427,0.22308484752574267,34,0.007303597098438529,True,2,charcoal
103.45999999994028,0.16007383682201326,-0.015270180472325721,0.22307311323945408,34,0.007383861719360946,True,2,charcoal
103.47999999994023,0.16007407627769388,-0.01510370386745498,0.22306117017798285,34,0.0074300177594206875,True,2,charcoal
103.49999999994019,0.1600743685119548,-0.014936313840951785,0.22304602689495776,34,0.007286262655928833,True,2,charcoal
103.51999999994014,0.16007495614702183,-0.014776910454594425,0.22302929560126858,34,0.0071376528211709814,True,2,charcoal
103.5399999999401,0.16007394378681178,-0.014612190996137527,0.22301502078913904,34,0.007307069767901108,True,2,charcoal
103.55999999994005,0.16007385248640402,-0.014445546458485692,0.22300577353208886,34,0.007526439289755405,True,2,charcoal
103.57999999994,0.16007408889298416,-0.014298977508801495,0.2229976616418546,34,0.006932653226282423,True,2,charcoal
103.59999999993995,0.160064688541775,-0.014180658535530861,0.22294415922472985,34,0.005375496571797182,False,2,charcoal
103.6199999999399,0.16003696224630726,-0.01410113607486329,0.22282138714907293,34,0.0004528764427495025,False,2,charcoal
104.71999999993734,0.160039239846617,0.011463276383085436,0.2341307343368841,35,0.004346005395782398,True,2,charcoal
104.7399999999373,0.1600464535758448,0.011497998861746687,0.23418949854098195,35,0.005799031925789931,True,2,charcoal
104.75999999993725,0.16004983348894333,0.011586098837396855,0.2343212457589476,35,0.006057980019592156,True,2,charcoal
104.7799999999372,0.16005148054918972,0.011719416014646133,0.23450118552812155,35,0.006026130976566763,True,2,charcoal
104.79999999993716,0.16005094801228947,0.011868716235999173,0.2346555020964567,35,0.005433967680183307,True,2,charcoal
104.81999999993711,0.16004918756432027,0.012023103649319394,0.23476118299480558,35,0.005039822967649187,True,2,charcoal
104.83999999993706,0.16004859478272548,0.012182342460652676,0.2347987354145477,35,0.00497687965399005,True,2,charcoal
104.85999999993702,0.16004900986819354,0.012302411681394137,0.23479049602133129,35,0.004894592069254632,True,2,charcoal
104.87999999993697,0.1600518901423918,0.012366700535853252,0.23474278276312993,35,0.005144493578626089,True,2,charcoal
104.89999999993692,0.1600549601519264,0.012388785126328237,0.23463041291168277,35,0.005777894339379506,True,2,charcoal
104.91999999993688,0.16005611317748653,0.012391479238611211,0.23446495241062768,35,0.00620864205248394,True,2,charcoal
104.93999999993683,0.1600604497020368,0.012342140925034745,0.23431350022887557,35,0.006695056015930145,True,2,charcoal
104.95999999993678,0.160065453199708,0.012240321705785828,0.23420418796345882,35,0.006856852422668054,True,2,charcoal
104.97999999993674,0.16006855368538492,0.01209818163631572,0.234152979350351,35,0.007122535195479155,True,2,charcoal
104.99999999993669,0.16007030861975902,0.01193991347574193,0.2341395580957303,35,0.006898053215307487,True,2,charcoal
105.01999999993664,0.16007102430528086,0.011793380915786654,0.23416473309375438,35,0.006872207026211303,True,2,charcoal
105.0399999999366,0.16006906051845313,0.011678426737503762,0.23421173697426717,35,0.006346118841471429,False,2,charcoal
105.05999999993655,0.16005731694826802,0.01159993217483975,0.2342461970916808,35,0.003735992739427777,False,2,charcoal
105.0799999999365,0.1600407490340115,0.011563442643012695,0.2342575573907558,35,0.0006397388997491926,False,2,charcoal
108.75999999992793,0.16004371203887446,-0.0199614219103849,0.21462693004749545,36,0.00442211323266071,True,3,blue
108.77999999992788,0.16005047367047484,-0.01993061987160252,0.21460671339610427,36,0.005976929666643833,True,3,blue
108.79999999992783,0.16005597310201908,-0.01983401357540062,0.21462674823137243,36,0.006163725354663468,True,3,blue
108.81999999992779,0.16006255453594587,-0.019702815436487834,0.21468136435756685,36,0.006914852777475265,True,3,blue
108.83999999992774,0.16006610425296808,-0.01954900892820357,0.214722278918616,36,0.0067123952000949375,True,3,blue
108.8599999999277,0.160067434200523,-0.01938761606099128,0.21476016628473588,36,0.007056638267839925,True,3,blue
108.87999999992765,0.16006820335566124,-0.019220617501307997,0.2147885805984055,36,0.00698006309153538,True,3,blue
108.8999999999276,0.16006808959621688,-0.01905106415144222,0.21479435798369761,36,0.006697348900415894,True,3,blue
108.91999999992755,0.16006718011866566,-0.01887740695604472,0.2147667033614573,36,0.006383987766863184,True,3,blue
108.93999999992751,0.1600653851113346,-0.018706360025408358,0.21471138727154113,36,0.006794167046224822,True,3,blue
108.95999999992746,0.16006515569528176,-0.018543030807714602,0.21464215479289867,36,0.006463075081760789,True,3,blue
108.97999999992741,0.16006400359340428,-0.018376676872759116,0.2145631639528072,36,0.00634836781809298,True,3,blue
108.99999999992737,0.16006314994040488,-0.01821385051383632,0.21448632536922474,36,0.006616582688605282,True,3,blue
109.01999999992732,0.16006507523442254,-0.018055921245226172,0.2144177603042748,36,0.006882136370544027,True,3,blue
109.03999999992728,0.16006632624577505,-0.017900772140489393,0.21434554179319557,36,0.006743013879189654,True,3,blue
109.05999999992723,0.1600673705473286,-0.017746734418767476,0.21428185297387148,36,0.006991931851356716,True,3,blue
109.07999999992718,0.16006914251949916,-0.0175881360200286,0.2142274668014994,36,0.00732286285383491,True,3,blue
109.09999999992714,0.16006867210973444,-0.017433642229325932,0.2141745682732078,36,0.006838811956631841,True,3,blue
109.11999999992709,0.16006982652436044,-0.017278555880899403,0.21413974775174832,36,0.006991564360158811,True,3,blue
109.13999999992704,0.16006909331671998,-0.017118935062623825,0.21409700951185745,36,0.006943531715623745,True,3,blue
109.159999999927,0.16006928418352495,-0.016961383136257925,0.21405960570959354,36,0.00669338744464133,True,3,blue
109.17999999992695,0.16006821749005976,-0.016803644167024963,0.21401736711673758,36,0.006751066123145226,True,3,blue
109.1999999999269,0.1600676629169956,-0.016645514565454125,0.2139776955284234,36,0.006502032413062372,True,3,blue
109.21999999992686,0.16006701645207522,-0.016488291416026563,0.21393369829364342,36,0.0064307812161517154,True,3,blue
109.23999999992681,0.16006695557257417,-0.016329145857425627,0.2138868620517134,36,0.006572819642147257,True,3,blue
109.25999999992676,0.16006648128446144,-0.01617108779450095,0.21383406102090485,36,0.006413049985387847,True,3,blue
109.27999999992672,0.16006698445610068,-0.016012303999716142,0.21378329902689513,36,0.00661810096707377,True,3,blue
109.29999999992667,0.16006735877463682,-0.015853845976878268,0.21372713197224508,36,0.0069450458628873895,True,3,blue
109.31999999992662,0.16006957984405978,-0.01569718280486673,0.2136746835063871,36,0.007012814918092008,True,3,blue
109.33999999992658,0.16006831495719195,-0.015540050560624161,0.2136170349143239,36,0.006621480367494633,True,3,blue
109.35999999992653,0.16006939286355984,-0.015383704370015771,0.21357882104936662,36,0.006767774630350695,True,3,blue
109.37999999992648,0.16006958199958998,-0.01522513197541004,0.2135402634405922,36,0.006539146293541187,True,3,blue
109.39999999992644,0.1600703672645526,-0.015069400587195343,0.2135199372431063,36,0.0072208862261188755,True,3,blue
109.41999999992639,0.16007168860262605,-0.014908956918010897,0.21351452524001763,36,0.007074901219921197,True,3,blue
109.43999999992634,0.16007148954369352,-0.014752410579093649,0.21352558806548494,36,0.007117910993674594,True,3,blue
109.4599999999263,0.16007180009334218,-0.014593969201770295,0.2135534624681166,36,0.007112840778060843,True,3,blue
109.47999999992625,0.16007064425132006,-0.014437777453274734,0.21358182842509352,36,0.006540316524526825,True,3,blue
109.4999999999262,0.16006994813326675,-0.01427753248981199,0.21361967779460617,36,0.007091918616865737,True,3,blue
109.51999999992616,0.16007038640310384,-0.014115524312184505,0.21365101546110216,36,0.0069363730716443485,True,3,blue
109.53999999992611,0.160069546525807,-0.013956543899709312,0.21369140169485892,36,0.0070350958037708015,True,3,blue
109.55999999992606,0.16006965692539074,-0.013799382028246357,0.2137514511582902,36,0.006749703093686611,True,3,blue
109.57999999992602,0.1600689069284394,-0.013639612417747204,0.21382136925931922,36,0.006811331942273423,True,3,blue
109.59999999992597,0.16006754513993007,-0.013482636386229239,0.21389609443353036,36,0.006427161679035239,True,3,blue
109.61999999992592,0.16006516897499384,-0.013324345203420868,0.21397398707698378,36,0.006541863017760818,True,3,blue
109.63999999992588,0.16006538238099355,-0.013167606929831339,0.21404993791604127,36,0.006609313921699371,True,3,blue
109.65999999992583,0.1600652501094872,-0.013007271498625272,0.21410872133284153,36,0.006192958541551793,True,3,blue
109.67999999992578,0.16006364232228548,-0.012847729942216498,0.2141645381501903,36,0.00656232505717762,True,3,blue
109.69999999992574,0.16006309915025152,-0.012692464311353208,0.21421678191025112,36,0.006120234255666781,True,3,blue
109.71999999992569,0.1600625266986509,-0.012535206850390447,0.2142628324445734,36,0.00588194527979265,True,3,blue
109.73999999992564,0.16006182048744755,-0.012376424521628852,0.21430707562647144,36,0.0063126123481085285,True,3,blue
109.7599999999256,0.1600626129503442,-0.01221711133583953,0.21434475245596077,36,0.006597967292951471,True,3,blue
109.77999999992555,0.16006339602072792,-0.012060263894283758,0.21438042198106594,36,0.0062501619204173966,True,3,blue
109.7999999999255,0.1600625196897342,-0.011905343146885442,0.21441958297582409,36,0.00613558596693044,True,3,blue
109.81999999992546,0.16006295865419945,-0.011745739797302895,0.21446601840241025,36,0.006573077517246286,True,3,blue
109.83999999992541,0.1600635494230846,-0.011589339102994691,0.2145079345756237,36,0.00608873473123913,True,3,blue
109.85999999992536,0.16006294708178775,-0.011429984528827855,0.21455537866814367,36,0.006283256956350949,True,3,blue
109.87999999992532,0.16006239974277697,-0.01127375938629646,0.2146045432979247,36,0.006452023567571197,True,3,blue
109.89999999992527,0.16006255292775146,-0.011113296337067605,0.21465478606761687,36,0.006186961980553134,True,3,blue
109.91999999992522,0.16006297193941627,-0.010955205615988685,0.21470239938235153,36,0.00626358846646217,True,3,blue
109.93999999992518,0.16006272514931763,-0.010798681637675613,0.21474831244824755,36,0.006453016144125768,True,3,blue
109.95999999992513,0.16006365289720426,-0.010640209062628287,0.21479715470847865,36,0.006223073953583994,True,3,blue
109.97999999992508,0.16006272761620235,-0.010484933346336751,0.21484379294739697,36,0.006112381965883139,True,3,blue
109.99999999992504,0.16006217634078024,-0.010326754184594588,0.2148956781302976,36,0.006469036964265133,True,3,blue
110.01999999992499,0.16006217233080527,-0.010167016358877316,0.21494398559655573,36,0.006413860890190494,True,3,blue
110.03999999992494,0.16006249330832062,-0.010010486001309419,0.2149904349431957,36,0.006444679876693453,True,3,blue
110.0599999999249,0.16006253137209378,-0.009855271366012507,0.215037050256576,36,0.006332034862932072,True,3,blue
110.07999999992485,0.16006228880905082,-0.009695510688174034,0.2150856418112842,36,0.006075800559886371,True,3,blue
110.0999999999248,0.1600612817662715,-0.00953725973856608,0.21513499043670353,36,0.006070224126732475,True,3,blue
110.11999999992476,0.16006111995097644,-0.0093803160463391,0.21518645077756715,36,0.005960878979529805,True,3,blue
110.13999999992471,0.16006034321643003,-0.009221155610341055,0.21523393765453303,36,0.00620360484700047,True,3,blue
110.15999999992466,0.16006057777802005,-0.009060145126557506,0.21528009326087674,36,0.0061303266585474355,True,3,blue
110.17999999992462,0.1600610110556726,-0.00890587572495014,0.21532211114536376,36,0.006210755411113664,True,3,blue
110.19999999992457,0.16006143676235707,-0.008748217594881553,0.21536687278900749,36,0.00632383928544972,True,3,blue
110.21999999992453,0.1600621545854976,-0.008590779573132003,0.21541000663148788,36,0.0064375065547893524,True,3,blue
110.23999999992448,0.16006178720876763,-0.008435003360570816,0.21545501141631596,36,0.006068501530711192,True,3,blue
110.25999999992443,0.1600617529062856,-0.008278667611032955,0.21550629753463071,36,0.0061505964550458885,True,3,blue
110.27999999992439,0.16006201507891965,-0.008118095501772437,0.2155549888287954,36,0.006241466782607876,True,3,blue
110.29999999992434,0.16006106333799605,-0.007959822585597982,0.2156012518618347,36,0.006226106641654484,True,3,blue
110.31999999992429,0.16006137277940685,-0.007802098397686262,0.2156532514571432,36,0.006318046161885625,True,3,blue
110.33999999992425,0.1600612311091016,-0.0076430638017147955,0.21570028858046092,36,0.005921232944702211,True,3,blue
110.3599999999242,0.1600605020908769,-0.007485783828699539,0.21574901535444901,36,0.0061547462901336255,True,3,blue
110.37999999992415,0.16006107570471675,-0.007328952121680959,0.2158004286202582,36,0.006037455665211323,True,3,blue
110.3999999999241,0.1600592733430915,-0.007172136664703726,0.21584601203810133,36,0.005883195797272733,True,3,blue
110.41999999992406,0.16005949772392808,-0.007011701236367764,0.21589859955671947,36,0.0063338075256606265,True,3,blue
110.43999999992401,0.16006035770515958,-0.006855806870694141,0.21593989015491227,36,0.005818673018074671,True,3,blue
110.45999999992397,0.16005867921531122,-0.006698063466729382,0.21598388249467368,36,0.006009134864238624,True,3,blue
110.47999999992392,0.16005915734201903,-0.006535305448944627,0.21603597456304444,36,0.006097153433537326,True,3,blue
110.49999999992387,0.1600590342233938,-0.006378630146908679,0.21608188810760487,36,0.005867563325221499,True,3,blue
110.51999999992383,0.16005822798316274,-0.006225394221273603,0.21613285595728873,36,0.005736011756707379,True,3,blue
110.53999999992378,0.1600570762584974,-0.006066767297342958,0.21618505759019474,36,0.005612203576214342,True,3,blue
110.55999999992373,0.16005675008707998,-0.005910226980824296,0.21623866046919793,36,0.005731615666696775,True,3,blue
110.57999999992369,0.16005684300296802,-0.005749229405764641,0.21628621463774214,36,0.006118011041438884,True,3,blue
110.59999999992364,0.16005702029795446,-0.005592162799244516,0.21632314009552445,36,0.006001296040300637,True,3,blue
110.61999999992359,0.1600576441274238,-0.0054324264790938425,0.21636484202605827,36,0.005824472670188834,True,3,blue
110.63999999992355,0.16005796219805463,-0.005274758004559046,0.2164034923363146,36,0.005823963953367819,True,3,blue
110.6599999999235,0.16005814850107775,-0.005120706699240399,0.21643534509278672,36,0.005659452249281276,True,3,blue
110.67999999992345,0.16005756296503,-0.004963654254796069,0.21644964825906532,36,0.00593139160661449,True,3,blue
110.6999999999234,0.16005925908798985,-0.004809169221163832,0.21644986940899813,36,0.00607997213914865,True,3,blue
110.71999999992336,0.16005943158541402,-0.004650699810585205,0.21644417147422082,36,0.006151270770866702,True,3,blue
110.73999999992331,0.16005989419366606,-0.004497131314108585,0.2164361432002087,36,0.006105985786809592,True,3,blue
110.75999999992327,0.16005969882258794,-0.004341220681400942,0.21640853830533863,36,0.006102589376446481,True,3,blue
110.77999999992322,0.16005900772325893,-0.004184213554309888,0.21635828715371017,36,0.006146352538134107,True,3,blue
110.79999999992317,0.1600595903228652,-0.004024021110915212,0.21629266449459872,36,0.006331197670311313,True,3,blue
110.81999999992313,0.1600607527888256,-0.0038688064315120646,0.21621698942091006,36,0.0064267649096837924,True,3,blue
110.83999999992308,0.16006066765462315,-0.0037087645791316405,0.21614023073004715,36,0.006254560995148232,True,3,blue
110.85999999992303,0.16006219856426707,-0.0035538211824514415,0.2160760907903236,36,0.006587907448659976,True,3,blue
110.87999999992299,0.16006272478601027,-0.003391913060621134,0.21601323147489693,36,0.006648418118820206,True,3,blue
110.89999999992294,0.16006342190362868,-0.003237825698272897,0.21595988379384914,36,0.006425759583937673,True,3,blue
110.9199999999229,0.16006435475552355,-0.003079645657376246,0.21591339835030143,36,0.006781752734454417,True,3,blue
110.93999999992285,0.16006390410051374,-0.002923361865300892,0.21586543721652415,36,0.006342783316242839,True,3,blue
110.9599999999228,0.16006366993734555,-0.002763411777930291,0.21582498598578426,36,0.006629925380179829,True,3,blue
110.97999999992275,0.1600637446336931,-0.0026072297133785784,0.21578192757661124,36,0.006218080818760632,True,3,blue
110.99999999992271,0.16006184348277042,-0.0024480682598410314,0.2157369218194251,36,0.006267240497737052,True,3,blue
111.01999999992266,0.16006312817674445,-0.0022913630024568228,0.21569814446756572,36,0.0062410781174762064,True,3,blue
111.03999999992261,0.16006221434705842,-0.0021327304462162152,0.2156476574881933,36,0.006112463546617258,True,3,blue
111.05999999992257,0.1600617030115996,-0.001976908034665689,0.2156020560498344,36,0.0062601262918445194,True,3,blue
111.07999999992252,0.16006235075862135,-0.0018146572980661951,0.21555366955556476,36,0.006525878598074631,True,3,blue
111.09999999992247,0.16006334774738928,-0.0016605487019310731,0.2155004769462583,36,0.0065066543030642444,True,3,blue
111.11999999992243,0.16006325404481359,-0.0015022507517590306,0.21544866526918782,36,0.006519765616663967,True,3,blue
111.13999999992238,0.16006362899970897,-0.0013448963421599375,0.21540163600134787,36,0.006441561958674327,True,3,blue
111.15999999992233,0.16006386546847806,-0.0011884132417223124,0.21535608750477178,36,0.006318945647991462,True,3,blue
111.17999999992229,0.16006329866120184,-0.0010308745252979577,0.21531163430572373,36,0.006528164535544631,True,3,blue
111.19999999992224,0.160062788410512,-0.0008751232161125739,0.2152677788323271,36,0.006439334739201631,True,3,blue
111.2199999999222,0.16006254281468252,-0.0007177633073180518,0.21522345117565198,36,0.006150624510685178,True,3,blue
111.23999999992215,0.16006188795593093,-0.0005569056712805978,0.2151765213308912,36,0.006357099463668037,True,3,blue
111.2599999999221,0.16006238397061506,-0.0004017979313238618,0.21512887474658654,36,0.00653059359076402,True,3,blue
111.27999999992205,0.16006222318555513,-0.00024652865296617666,0.2150807796537095,36,0.006220637941523764,True,3,blue
111.29999999992201,0.160061788423763,-8.242740139358742e-05,0.21503712765823443,36,0.006167737828166994,True,3,blue
111.31999999992196,0.16006155448253362,7.416662111308624e-05,0.2149914669595498,36,0.00633455356685814,True,3,blue
111.33999999992191,0.16006157555385664,0.00023374090317756027,0.2149452144143769,36,0.006240992035207816,True,3,blue
111.35999999992187,0.1600607525713867,0.0003893804236347832,0.21489627585220725,36,0.006207590760699396,True,3,blue
111.37999999992182,0.16006130089263276,0.0005475003493480762,0.21485091340090928,36,0.0061646755988257786,True,3,blue
111.39999999992177,0.16006151425512727,0.0007056331871478156,0.21480182423111188,36,0.005982567952235338,True,3,blue
111.41999999992173,0.1600608099592274,0.0008647796447602476,0.2147532824612586,36,0.006288002577149414,True,3,blue
111.43999999992168,0.16006121742426677,0.0010230828675276103,0.2147064308992619,36,0.006361305488078615,True,3,blue
111.45999999992164,0.16006112079646137,0.0011803722886512323,0.21465598572747116,36,0.006370461561411014,True,3,blue
111.47999999992159,0.16006107668070219,0.0013335917078750336,0.21460938140448912,36,0.006092037280648056,True,3,blue
111.49999999992154,0.1600619218792998,0.0014932852576610962,0.2145638229080605,36,0.006214120903710312,True,3,blue
111.5199999999215,0.1600602731675722,0.0016516460481264745,0.21451205178163255,36,0.00618780244592657,True,3,blue
111.53999999992145,0.16006057407655755,0.0018087710679712534,0.21447009048134255,36,0.006290287593115048,True,3,blue
111.5599999999214,0.16006086186105822,0.0019684027184190185,0.21442184616519538,36,0.00611848630436175,True,3,blue
111.57999999992136,0.16006094918948832,0.0021252486598056486,0.2143751819058694,36,0.006180675574854335,True,3,blue
111.59999999992131,0.16006068112948313,0.002280786779923476,0.21432953820618364,36,0.006191295619640882,True,3,blue
111.61999999992126,0.16006094740599242,0.0024379896151545356,0.21428285490989268,36,0.006224347039403198,True,3,blue
111.63999999992122,0.16006099434741267,0.0025972180132458307,0.21423550236480265,36,0.006031853157797528,True,3,blue
111.65999999992117,0.1600596653748797,0.002756360128611642,0.214187250571767,36,0.006158024814536364,True,3,blue
111.67999999992112,0.16006106737162623,0.0029121579607404207,0.21414340896703798,36,0.006016070576578301,True,3,blue
111.69999999992108,0.16006064311563584,0.0030678546932220627,0.21408991278877113,36,0.006042802309126937,True,3,blue
111.71999999992103,0.16006085130128372,0.003228979063117679,0.21404127574379397,36,0.006290159261349348,True,3,blue
111.73999999992098,0.16006035918632155,0.0033835831670707,0.21399323372409115,36,0.006188768895275391,True,3,blue
111.75999999992094,0.16006082975357894,0.0035438920608615305,0.2139507573072964,36,0.0061670565897895815,True,3,blue
111.77999999992089,0.16006109397543294,0.003699921790612663,0.21390158811110666,36,0.006209109596283519,True,3,blue
111.79999999992084,0.1600600694820027,0.003859234339919341,0.21385377099448985,36,0.006239978771305432,True,3,blue
111.8199999999208,0.1600612141413182,0.004017583618422087,0.21381023266300375,36,0.006277701925088257,True,3,blue
111.83999999992075,0.16006038472782322,0.00417281955739116,0.21376265723637522,36,0.006152582731343074,True,3,blue
111.8599999999207,0.16006092690824097,0.004331261197125423,0.2137199223317078,36,0.006136673108584985,True,3,blue
111.87999999992066,0.160061027229897,0.004487701352811012,0.21367090021844834,36,0.006011565611579676,True,3,blue
111.89999999992061,0.16006011254537053,0.004644286590359122,0.21362362460700143,36,0.0059865984630143015,True,3,blue
111.91999999992056,0.1600604285501684,0.004804292813066448,0.2135895990705971,36,0.006176655081485059,True,3,blue
111.93999999992052,0.16005987789874357,0.004964029832216816,0.21356250705017005,36,0.00594017467708917,True,3,blue
111.95999999992047,0.16005909102290655,0.005125483902355274,0.2135489949965357,36,0.005950712997053544,True,3,blue
111.97999999992042,0.16005878041733884,0.005284264850009077,0.21353980607817438,36,0.005887013759186358,True,3,blue
111.99999999992038,0.16005848092928296,0.005441051746804948,0.2135350105986954,36,0.005982780614161089,True,3,blue
112.01999999992033,0.16005831932711542,0.005598916504634376,0.21354839935576772,36,0.005967790393687037,True,3,blue
112.03999999992028,0.16005776387495582,0.005760869549753046,0.2135884776157703,36,0.005861933268256608,True,3,blue
112.05999999992024,0.16005676238952204,0.005921058458329791,0.21364764841529302,36,0.006020959558841976,True,3,blue
112.07999999992019,0.16005610172479906,0.006080372817516207,0.21371918413069177,36,0.0054724393267868475,True,3,blue
112.09999999992014,0.16005433388542367,0.006243626125925954,0.2137963740462738,36,0.005496973514266268,True,3,blue
112.1199999999201,0.16005325294917358,0.0064009398551110215,0.21387476982932524,36,0.00570964612265444,True,3,blue
112.13999999992005,0.16005240374575141,0.006557420358457005,0.21394364015307302,36,0.005463307696044702,True,3,blue
112.15999999992,0.16005250616658317,0.0067120027244150435,0.214005427373423,36,0.0055656248561310176,True,3,blue
112.17999999991996,0.16005162931335587,0.006869617571976923,0.21405325622836063,36,0.005247858121461564,True,3,blue
112.19999999991991,0.16005081698927826,0.007026650203540416,0.21410268243444328,36,0.005505042673563872,True,3,blue
112.21999999991986,0.16005062738504797,0.007182863422168047,0.21414790043665669,36,0.005458123561393919,True,3,blue
112.23999999991982,0.16005081435087165,0.007338272911407418,0.2141930200804726,36,0.005352685130044673,True,3,blue
112.25999999991977,0.16005039808615865,0.007498500047662164,0.21423635281714198,36,0.00513436267376028,True,3,blue
112.27999999991972,0.16004908649334604,0.007655607530395503,0.2142782917769465,36,0.0051860931135320485,True,3,blue
112.29999999991968,0.1600504781430145,0.007814174939626902,0.21432835668032227,36,0.0052135877513304835,True,3,blue
112.31999999991963,0.1600497650005319,0.007971820302607886,0.21436452049655805,36,0.005195040085387037,True,3,blue
112.33999999991958,0.16005051971983342,0.008131964096571407,0.21441275405647028,36,0.005532839273530358,True,3,blue
112.35999999991954,0.16005150473060747,0.008287758258044328,0.21445523645318745,36,0.005307103983441504,True,3,blue
112.37999999991949,0.16005140270306395,0.00844533436157556,0.21450103936454,36,0.0053562806087442206,True,3,blue
112.39999999991944,0.16005096630969515,0.008599054978452376,0.21455042281295394,36,0.005183394627554052,True,3,blue
112.4199999999194,0.16005093362744094,0.008760411730104889,0.2146057781535854,36,0.005159219529618428,True,3,blue
112.43999999991935,0.16004985976667996,0.008915168418186223,0.21465126602225437,36,0.005117594247491907,True,3,blue
112.4599999999193,0.16004953293948926,0.009077406556122696,0.21470428153357576,36,0.004970844391490072,True,3,blue
112.47999999991926,0.16004959229293508,0.009234742025025418,0.21474803805714124,36,0.004943655152052992,True,3,blue
112.49999999991921,0.16004862115113222,0.009392943583051696,0.214788378886913,36,0.005165245725834873,True,3,blue
112.51999999991916,0.1600501210659147,0.009550467321072391,0.2148346470320573,36,0.005665901770728079,True,3,blue
112.53999999991912,0.16005028991830839,0.009706853921786968,0.21486974438356457,36,0.00512839325745496,True,3,blue
112.55999999991907,0.16004997176067234,0.009864432154880805,0.21492046924962385,36,0.005458989650902326,True,3,blue
112.57999999991902,0.1600511262199773,0.010018634177763832,0.2149706984303986,36,0.005274585377538556,True,3,blue
112.59999999991898,0.16004898844928078,0.01017519782621869,0.21501302505709174,36,0.005092209558141424,True,3,blue
112.61999999991893,0.1600498661890452,0.01033543662200725,0.21507325029761765,36,0.005231456774196677,True,3,blue
112.63999999991889,0.16004854705596175,0.010491853373693013,0.21511368963149907,36,0.004927704062309264,True,3,blue
112.65999999991884,0.16004878931583988,0.01065108391589979,0.21517008571985122,36,0.005221268878625914,True,3,blue
112.67999999991879,0.160048818563245,0.010810566355865695,0.21521467495055902,36,0.005032472521485492,True,3,blue
112.69999999991875,0.16004803180253124,0.010969203631951654,0.21525976883163128,36,0.005198929714560518,True,3,blue
112.7199999999187,0.16004983169831444,0.011125590551070583,0.215307121772938,36,0.005129857793853187,True,3,blue
112.73999999991865,0.16004894041921763,0.011281628005386674,0.2153445748655051,36,0.005285095680032821,True,3,blue
112.7599999999186,0.16004926639235345,0.011441382896232977,0.2153956232921792,36,0.005200822941613647,True,3,blue
112.77999999991856,0.16004881451453287,0.01159652606706351,0.2154445018257606,36,0.004894435431907944,True,3,blue
112.79999999991851,0.1600472816496069,0.011758359293444223,0.21549466228140154,36,0.005110437619827944,True,3,blue
112.81999999991847,0.16004774990612286,0.011916888078588124,0.21554703444725054,36,0.005035855965241239,True,3,blue
112.83999999991842,0.1600484637537915,0.012070841221018196,0.21559146961320474,36,0.004953892614591949,True,3,blue
112.85999999991837,0.16004777400342873,0.012227619037932154,0.2156340700513992,36,0.004830123477041125,True,3,blue
112.87999999991833,0.16004835416142885,0.012384154613041227,0.21568520470863717,36,0.005268035653020136,True,3,blue
112.89999999991828,0.16004927115451742,0.01254020203857582,0.21572642924690538,36,0.005097917468215204,True,3,blue
112.91999999991823,0.16004779034678587,0.012699360447241332,0.2157655709167334,36,0.005113609154783752,True,3,blue
112.93999999991819,0.1600478603868774,0.012858782338065314,0.21581880203446555,36,0.005279935359219103,True,3,blue
112.95999999991814,0.16004774770829655,0.01301630039060933,0.21586712867761407,36,0.005243904367119119,True,3,blue
112.97999999991809,0.16004752344824258,0.013176657390805589,0.21591821262891367,36,0.004764670280103751,True,3,blue
112.99999999991805,0.16004734755661748,0.013332179148965465,0.21596629297121764,36,0.004810298365792653,True,3,blue
113.019999999918,0.1600464079341474,0.013488883545359142,0.21601339597697722,36,0.0047215939758355014,True,3,blue
113.03999999991795,0.16004684767940686,0.013650207847040083,0.21606503879052394,36,0.005143179241523662,True,3,blue
113.0599999999179,0.16004644275020197,0.013803936168885266,0.21610356351453558,36,0.004837272124407312,True,3,blue
113.07999999991786,0.16004649837200813,0.013958962931272372,0.21615283206570224,36,0.004959340302348385,True,3,blue
113.09999999991781,0.1600470269624828,0.01411834089155495,0.2161984503593418,36,0.004887886642478425,True,3,blue
113.11999999991777,0.16004597523448144,0.014275678994371127,0.21624009728989782,36,0.004775222688760933,True,3,blue
113.13999999991772,0.1600461889909546,0.014435527085773461,0.21629277331482466,36,0.004826278234764783,True,3,blue
113.15999999991767,0.16004563173336936,0.014594326960730956,0.21633484116126908,36,0.005075903432434332,True,3,blue
113.17999999991763,0.16004582797668487,0.014751953359810112,0.21637961139334871,36,0.00497533539488656,True,3,blue
113.19999999991758,0.160045035323963,0.014908822357672814,0.21640853010871985,36,0.004969447957702614,True,3,blue
113.21999999991753,0.16004582914503654,0.015064391779163628,0.21642864697678493,36,0.004809260222021447,True,3,blue
113.23999999991749,0.160047016086166,0.015219706960754833,0.21642666447059403,36,0.004849017713308203,True,3,blue
113.25999999991744,0.16004703837260448,0.015375366174351188,0.2164026039530977,36,0.005258154423097238,True,3,blue
113.2799999999174,0.16004822315888378,0.015530425932103794,0.21637007904641978,36,0.005251177172526981,True,3,blue
113.29999999991735,0.1600500379725553,0.01568674523726909,0.21632917912185284,36,0.005455078863959974,True,3,blue
113.3199999999173,0.16005109936454032,0.015839313252825626,0.2162819332718169,36,0.0053125815685894145,True,3,blue
113.33999999991725,0.16005182372037025,0.01599927974903273,0.21624036951903153,36,0.005696428792774342,True,3,blue
113.3599999999172,0.1600528962869261,0.01615536039057944,0.21619364664897187,36,0.005676833830765422,True,3,blue
113.37999999991716,0.1600539562025601,0.016312432515299787,0.21614905385812544,36,0.005489289934154255,True,3,blue
113.39999999991711,0.1600536823562631,0.016471705712749116,0.21610486889174013,36,0.005728373101476035,True,3,blue
113.41999999991707,0.1600537982230452,0.01662978669809022,0.21606341019820136,36,0.005636349826936177,True,3,blue
113.43999999991702,0.16005543631365396,0.016784674422608763,0.21601971033354248,36,0.005942489168482723,True,3,blue
113.45999999991697,0.1600539984585853,0.01694624141206028,0.21596979095484403,36,0.005567619612549933,True,3,blue
113.47999999991693,0.16005528927447904,0.017102650460692204,0.21593290050331787,36,0.005728705817544676,True,3,blue
113.49999999991688,0.1600543040739641,0.017259934554181032,0.2158841353886546,36,0.0053077735285870465,True,3,blue
113.51999999991683,0.1600534373020249,0.017419657072339365,0.21584282497121887,36,0.005677558541378143,True,3,blue
113.53999999991679,0.16005463999421005,0.017576564208872592,0.21579639197256123,36,0.0055521272525836385,True,3,blue
113.55999999991674,0.1600540878872012,0.017733778734041514,0.21574600367854105,36,0.005700351176713757,True,3,blue
113.5799999999167,0.1600549134502557,0.017890647402071688,0.21570133765492677,36,0.005615681179495062,True,3,blue
113.59999999991665,0.1600532631458927,0.018049740646234824,0.21564814125687556,36,0.005555563618014696,True,3,blue
113.6199999999166,0.16005440230523998,0.01820699885913583,0.21560092172653186,36,0.0057498678840259936,True,3,blue
113.63999999991655,0.1600542305778963,0.018365367160090146,0.2155456681825818,36,0.00555616681251632,True,3,blue
113.65999999991651,0.1600539322699704,0.01852439545921856,0.21549620965351735,36,0.0057836508515111485,True,3,blue
113.67999999991646,0.1600545981259652,0.018679367077089594,0.21544330350633403,36,0.0057873154929125445,True,3,blue
113.69999999991641,0.16005534884395162,0.018839256799742896,0.21539059025118956,36,0.005827285955944014,True,3,blue
113.71999999991637,0.16005439233232635,0.018995664357383625,0.21533642065494962,36,0.005638876069031096,True,3,blue
113.73999999991632,0.16005552695919006,0.019154005839232748,0.21528961238845157,36,0.00583863313533848,True,3,blue
113.75999999991627,0.1600554220126538,0.019310189728566227,0.21523505134402582,36,0.005748401992196042,True,3,blue
113.77999999991623,0.16005472735970033,0.0194665432071392,0.2151862613585575,36,0.005394797957070817,True,3,blue
113.79999999991618,0.16005461173731944,0.019625155874021128,0.2151371546538028,36,0.005474213675545935,True,3,blue
113.81999999991613,0.16005454230675886,0.0197688629296715,0.21508466888188582,36,0.005668856094245817,True,3,blue
113.83999999991609,0.16004980908040223,0.019886838265995518,0.2149916233040122,36,0.0047106720971079865,False,3,blue
113.85999999991604,0.16002592249818692,0.019963886076681175,0.214834101349258,36,0.0004877081525077094,False,3,blue
114.95999999991348,0.16003780847292098,-0.016895572008672678,0.21109138160541205,37,0.00428734311741952,True,3,blue
114.97999999991343,0.16004657632859212,-0.016821753457493222,0.21109511096653155,37,0.005659262663926569,True,3,blue
114.99999999991338,0.1600540630456056,-0.016727718129552812,0.21114018791466763,37,0.005946026168581531,True,3,blue
115.01999999991334,0.16005984712190646,-0.016608448663631533,0.2112109488606281,37,0.006476156664232924,True,3,blue
115.03999999991329,0.16006268634909973,-0.01647006720659608,0.2112616073916699,37,0.006075361753091737,True,3,blue
115.05999999991325,0.16006405230051934,-0.016320814544374267,0.2112971599676186,37,0.006231771241006816,True,3,blue
115.0799999999132,0.16006419203930744,-0.016166289385861364,0.2113215044287723,37,0.0065068057011960995,True,3,blue
115.09999999991315,0.16006371500698996,-0.01600800898812248,0.21132284467044654,37,0.005957324203854216,True,3,blue
115.1199999999131,0.16006210551666578,-0.015851943488743116,0.2112932042194646,37,0.006347975848223115,True,3,blue
115.13999999991306,0.16006237506196191,-0.015689903598782293,0.21123531252623362,37,0.006210568156925695,True,3,blue
115.15999999991301,0.16006080554075305,-0.01552736816823545,0.21115263927774655,37,0.006109013746105088,True,3,blue
115.17999999991297,0.1600614976426345,-0.015371203317335911,0.21107290983617735,37,0.006565045288255956,True,3,blue
115.19999999991292,0.16006274457529276,-0.015212138776879254,0.2109917139855886,37,0.0062009963929564775,True,3,blue
115.21999999991287,0.16006316051792502,-0.015054653086097278,0.2109190835894905,37,0.006554028102760847,True,3,blue
115.23999999991283,0.16006307177372275,-0.014895179344587155,0.21085560525697167,37,0.006617897570655932,True,3,blue
115.25999999991278,0.1600637148330714,-0.014738896406575091,0.21080403563103453,37,0.006329443138275861,True,3,blue
115.27999999991273,0.16006366715630457,-0.014579689934398546,0.21075548058532714,37,0.006395125496866687,True,3,blue
115.29999999991269,0.1600636485437091,-0.014424024919784638,0.21070907444703962,37,0.006430827812525865,True,3,blue
115.31999999991264,0.1600637814169126,-0.01426509747841865,0.21066486591892197,37,0.006360428087301808,True,3,blue
115.33999999991259,0.1600642446788944,-0.014106096773869809,0.2106194878544967,37,0.006396185550741549,True,3,blue
115.35999999991255,0.1600628269677549,-0.013949970560782817,0.21057204995653528,37,0.006269488396324299,True,3,blue
115.3799999999125,0.16006389121648137,-0.013790040061080627,0.21053417046486386,37,0.006503371800533714,True,3,blue
115.39999999991245,0.16006346959996182,-0.013630772628034605,0.21048253053959706,37,0.006293729194691696,True,3,blue
115.4199999999124,0.16006326995278486,-0.013474016469887528,0.21043609589333437,37,0.006625656988982245,True,3,blue
115.43999999991236,0.16006371559863464,-0.013318281718655716,0.21039089568291625,37,0.006303932568990579,True,3,blue
115.45999999991231,0.16006360501959482,-0.01315912077223395,0.21034571941769883,37,0.006669032325409601,True,3,blue
115.47999999991227,0.16006375848593957,-0.013000735151471808,0.2102980655248078,37,0.00629541552001775,True,3,blue
115.49999999991222,0.16006381033054895,-0.012845067706075465,0.2102490436213803,37,0.006441089411444824,True,3,blue
115.51999999991217,0.16006440661313043,-0.01268677278049428,0.21019928066124818,37,0.006789074808646387,True,3,blue
115.53999999991213,0.1600643955193436,-0.012528732908019456,0.21014795365468794,37,0.006448958167023997,True,3,blue
115.55999999991208,0.16006388778256944,-0.012369194124438257,0.21010253081113,37,0.006312222724077876,True,3,blue
115.57999999991203,0.16006434726067925,-0.012215075905041112,0.2100697589886812,37,0.006698156626665613,True,3,blue
115.59999999991199,0.16006404707097244,-0.012055251487229336,0.21005060917042037,37,0.006396805645211103,True,3,blue
115.61999999991194,0.160064288239368,-0.011897305240684452,0.2100542774661667,37,0.006724101252527944,True,3,blue
115.6399999999119,0.16006363693459183,-0.011737627636611464,0.2100686823729155,37,0.006309037699362739,True,3,blue
115.65999999991185,0.1600625155326467,-0.011577751309357679,0.21009350809443145,37,0.006358628574441679,True,3,blue
115.6799999999118,0.1600625306657556,-0.011415121486304854,0.2101199893322187,37,0.006383980585701942,True,3,blue
115.69999999991175,0.16006269048015012,-0.011256279144014447,0.21014294068983805,37,0.006244383676626568,True,3,blue
115.7199999999117,0.1600623545072938,-0.011096437852827176,0.2101688369166902,37,0.006362868955563001,True,3,blue
115.73999999991166,0.16006270699925787,-0.010936558878770854,0.21020847063315345,37,0.006497718800411178,True,3,blue
115.75999999991161,0.16006233698288008,-0.010775251620552435,0.21026481594346347,37,0.006063171374804967,True,3,blue
115.77999999991157,0.1600612159586488,-0.010617154189024876,0.21033779129987365,37,0.005831625551768001,True,3,blue
115.79999999991152,0.16005956286604114,-0.01045705216204907,0.2104199209369308,37,0.006076497984280474,True,3,blue
115.81999999991147,0.1600576195976758,-0.010304038655601602,0.210500106521716,37,0.005460782914229758,True,3,blue
115.83999999991143,0.16005558299791312,-0.010143366051740307,0.21057480543969476,37,0.005850001893506318,True,3,blue
115.85999999991138,0.16005543208660422,-0.009984686436734011,0.21063532753825479,37,0.005805377355761459,True,3,blue
115.87999999991133,0.160055794381552,-0.009827349351560368,0.2106831402806693,37,0.005971020142520882,True,3,blue
115.89999999991129,0.1600562809037326,-0.009669921400166313,0.2107254025842347,37,0.005556987094825516,True,3,blue
115.91999999991124,0.16005515575957374,-0.009514210294154817,0.21076731864621126,37,0.005623056114434774,True,3,blue
115.9399999999112,0.16005569044544266,-0.009354031342921234,0.21081354026640764,37,0.005856431128186202,True,3,blue
115.95999999991115,0.16005533578248818,-0.009197883919800327,0.21085208114702622,37,0.005654928060747521,True,3,blue
115.9799999999111,0.1600562496526859,-0.009041798675986527,0.21089885852501214,37,0.005688778355826097,True,3,blue
115.99999999991105,0.16005548954150284,-0.008883361465611101,0.2109396863423694,37,0.0057889767844707864,True,3,blue
116.01999999991101,0.16005602607200803,-0.008725023341440853,0.21098683624387143,37,0.0056681240666691095,True,3,blue
116.03999999991096,0.16005583288886022,-0.008567990076569734,0.2110298341682924,37,0.005691777916381782,True,3,blue
116.05999999991091,0.16005571045330697,-0.00841123086775094,0.2110760424184521,37,0.005635539494386618,True,3,blue
116.07999999991087,0.16005621707103126,-0.008250207413986453,0.21112000409236933,37,0.005934876684522932,True,3,blue
116.09999999991082,0.16005743078796547,-0.008093078067002806,0.21116168797953438,37,0.006202818807741474,True,3,blue
116.11999999991077,0.16005800209152338,-0.007937066154440554,0.2112057591139351,37,0.005747676667537314,True,3,blue
116.13999999991073,0.16005675257039523,-0.007778627763354058,0.21125595699842245,37,0.005797784376397899,True,3,blue
116.15999999991068,0.16005718918001233,-0.007619204893175627,0.2113111044817938,37,0.005867566279549646,True,3,blue
116.17999999991063,0.16005708435740618,-0.007460235128318976,0.21135832159413606,37,0.005731841152637556,True,3,blue
116.19999999991059,0.1600567458418385,-0.007304448937413109,0.21140888157129722,37,0.005832356444701659,True,3,blue
116.21999999991054,0.16005615328830508,-0.0071452950425401245,0.21145860404410902,37,0.005807829727565719,True,3,blue
116.2399999999105,0.16005656210346156,-0.006986352663171171,0.21150679125385288,37,0.00599682655913836,True,3,blue
116.25999999991045,0.16005675169084227,-0.006831674593618731,0.2115511195036112,37,0.006017150033963068,True,3,blue
116.2799999999104,0.1600567899112601,-0.006672898916474893,0.21159801114414595,37,0.005463446568011543,True,3,blue
116.29999999991036,0.16005622029588656,-0.006515740416006124,0.21164554224044577,37,0.005818909705941,True,3,blue
116.31999999991031,0.16005658097878875,-0.0063573175660237135,0.21169397905051976,37,0.005717087352898271,True,3,blue
116.33999999991026,0.16005612683769227,-0.006202637378039569,0.21174093816634126,37,0.005878385140534916,True,3,blue
116.35999999991022,0.16005589162925377,-0.006042954880551237,0.21178982331575966,37,0.00588807127877301,True,3,blue
116.37999999991017,0.16005606380893356,-0.005884230545833906,0.21183514297789957,37,0.005924563469901904,True,3,blue
116.39999999991012,0.16005603392226958,-0.0057265832582644805,0.2118813205494888,37,0.005560752089427628,True,3,blue
116.41999999991008,0.16005593510139374,-0.005571542990810645,0.21193007181156093,37,0.005765194780733345,True,3,blue
116.43999999991003,0.16005531541209939,-0.005408995552840097,0.21197964442857412,37,0.0055532408055269855,True,3,blue
116.45999999990998,0.16005516263744818,-0.005252305146258522,0.21202976398957735,37,0.005843570995013189,True,3,blue
116.47999999990994,0.160055727078954,-0.005095431233080137,0.21207599538162353,37,0.005557601033745049,True,3,blue
116.49999999990989,0.1600546307809933,-0.004939651492738021,0.2121204180156285,37,0.005350265839264737,True,3,blue
116.51999999990984,0.16005436358191252,-0.004781738498779716,0.21216993320073646,37,0.005724493095006893,True,3,blue
116.5399999999098,0.16005501150907514,-0.0046214534071907214,0.21221325295850796,37,0.005915009144419857,True,3,blue
116.55999999990975,0.16005562105041066,-0.004462828027420615,0.2122582074433328,37,0.00538285244960855,True,3,blue
116.5799999999097,0.1600550023315484,-0.0043017362748305555,0.21230667872267822,37,0.005664740738450585,True,3,blue
116.59999999990966,0.16005439853176728,-0.004145090836132101,0.21235729071202097,37,0.005471689810006823,True,3,blue
116.61999999990961,0.16005401653299767,-0.003988627112775611,0.21240925863897817,37,0.00574551843054058,True,3,blue
116.63999999990956,0.16005401007934555,-0.0038306131754704278,0.21245718289712892,37,0.005483883324899154,True,3,blue
116.65999999990952,0.16005380268701677,-0.0036744999091998377,0.21250634748406858,37,0.005281120702371135,True,3,blue
116.67999999990947,0.16005336229010902,-0.0035165347069336366,0.21255435239391668,37,0.005154692671840591,True,3,blue
116.69999999990942,0.16005332463007088,-0.0033605040021387417,0.21259900549958816,37,0.005548917796785915,True,3,blue
116.71999999990938,0.16005380852119405,-0.003198829462579176,0.21264290939084846,37,0.005381399252083943,True,3,blue
116.73999999990933,0.16005260055937104,-0.003041190310369213,0.212688508749163,37,0.005457375060864621,True,3,blue
116.75999999990928,0.160053286444319,-0.0028866234719683807,0.21273992458156957,37,0.0056065996752421065,True,3,blue
116.77999999990924,0.1600536778568843,-0.0027261886486220554,0.21278382172417423,37,0.005262419445165185,True,3,blue
116.79999999990919,0.16005397752358028,-0.002567832337317848,0.21282408621427443,37,0.005421708247856983,True,3,blue
116.81999999990914,0.16005421545151036,-0.002409914189292402,0.21286524254250028,37,0.005428365293760518,True,3,blue
116.8399999999091,0.16005346891693795,-0.002252870513575969,0.21290609741955543,37,0.005677309105280756,True,3,blue
116.85999999990905,0.1600541748876983,-0.0020964674679370813,0.21293717746687493,37,0.005401794109001728,True,3,blue
116.879999999909,0.16005433675380049,-0.0019415193212179026,0.2129486813676232,37,0.005529369966786813,True,3,blue
116.89999999990896,0.16005494896099354,-0.0017856082753667998,0.21295065852165115,37,0.005782035300452753,True,3,blue
116.91999999990891,0.1600560520963506,-0.0016295731755546407,0.2129420158723144,37,0.005764548603648,True,3,blue
116.93999999990886,0.16005629292898244,-0.0014767889359268607,0.2129280232013058,37,0.005889032594146268,True,3,blue
116.95999999990882,0.16005692334262028,-0.001318530867627691,0.21290637038150756,37,0.005734021549730373,True,3,blue
116.97999999990877,0.1600571111023265,-0.0011643520426099293,0.21286540606673673,37,0.006128179909851362,True,3,blue
116.99999999990872,0.1600576177084413,-0.0010088180677851092,0.21280521121161486,37,0.006117794482633593,True,3,blue
117.01999999990868,0.16005767381875896,-0.0008480952844292057,0.21273337137760107,37,0.006035864515239756,True,3,blue
117.03999999990863,0.16005951115133804,-0.0006942905783845928,0.21266060654195762,37,0.006375829566647002,True,3,blue
117.05999999990858,0.16006019570873747,-0.0005313262620464172,0.21258579323421986,37,0.006257550682552299,True,3,blue
117.07999999990854,0.1600607455678098,-0.000372965963109172,0.21252341118699622,37,0.006160365514518115,True,3,blue
117.09999999990849,0.16006187206585298,-0.00021317826886887558,0.21246943311540636,37,0.006356129230795469,True,3,blue
117.11999999990844,0.16006204860527729,-5.6861324830962336e-05,0.21241725401604786,37,0.00625484230573499,True,3,blue
117.1399999999084,0.16006187849712838,9.776591366822209e-05,0.21237026344822527,37,0.006098670746768983,True,3,blue
117.15999999990835,0.160062197967772,0.00025461055304909844,0.21232552551679296,37,0.006523571472570179,True,3,blue
117.1799999999083,0.1600622356787594,0.0004123897402589837,0.2122784342610316,37,0.006173512788197111,True,3,blue
117.19999999990826,0.1600621611664632,0.0005677358417688711,0.2122340419777378,37,0.006346529103203556,True,3,blue
117.21999999990821,0.1600614063732626,0.0007288514018131747,0.21218872834163138,37,0.006158600283632381,True,3,blue
117.23999999990816,0.1600619581778116,0.0008911388671014808,0.21214556575785717,37,0.006351657687110832,True,3,blue
117.25999999990812,0.1600616353118206,0.0010479004976284405,0.21209772392987755,37,0.006177535498176323,True,3,blue
117.27999999990807,0.16006131151051373,0.0012035165236995492,0.2120544831842048,37,0.006404153903787049,True,3,blue
117.29999999990802,0.16006119185387824,0.0013615192921143597,0.21200949511265493,37,0.006418983202414612,True,3,blue
117.31999999990798,0.1600610163387704,0.0015182507384513542,0.21196236146168054,37,0.006417048329712879,True,3,blue
117.33999999990793,0.160060961870925,0.0016754778541032197,0.21191476752550564,37,0.006243096620048666,True,3,blue
117.35999999990788,0.16006069172447068,0.001835212677174908,0.211869285977319,37,0.006056304658605672,True,3,blue
117.37999999990784,0.1600604585957806,0.001991263049847145,0.21182560583618468,37,0.0059738903004883746,True,3,blue
117.39999999990779,0.16006000568773,0.0021506421712852307,0.21177943850898173,37,0.005952408458115504,True,3,blue
117.41999999990774,0.16005954181437218,0.0023084551961010434,0.21173089836311287,37,0.0060726462779497285,True,3,blue
117.4399999999077,0.16005960972492356,0.002466765311098414,0.21168279132166856,37,0.00612096185429321,True,3,blue
117.45999999990765,0.16005912882035556,0.0026278723694888153,0.21163451525460716,37,0.00622094665735276,True,3,blue
117.4799999999076,0.16006042189759123,0.0027829268572629458,0.2115891694237693,37,0.006004060117628545,True,3,blue
117.49999999990756,0.16005951173208008,0.00294147605149479,0.21153899713919164,37,0.005803479360992786,True,3,blue
117.51999999990751,0.16005990995773853,0.0030975930599577333,0.2114930499924017,37,0.006389189179989518,True,3,blue
117.53999999990747,0.16006028739886474,0.0032554597567532703,0.2114423303186763,37,0.006333267312850399,True,3,blue
117.55999999990742,0.16006004925746822,0.0034116545654084914,0.21139395351514087,37,0.00622909283515307,True,3,blue
117.57999999990737,0.16006034358604088,0.0035703737148371825,0.21134868733373213,37,0.006164882829177875,True,3,blue
117.59999999990733,0.1600611098222158,0.0037283708785891766,0.21129997572224637,37,0.006520987133165983,True,3,blue
117.61999999990728,0.1600607634617812,0.0038849118005913077,0.21124966785103116,37,0.0062563502823975315,True,3,blue
117.63999999990723,0.16006094512903984,0.004042710541986518,0.2112075911445623,37,0.006105825788499035,True,3,blue
117.65999999990719,0.16006031834782597,0.004203129942556313,0.21116366676725787,37,0.006035719947334021,True,3,blue
117.67999999990714,0.16005987077840045,0.004360572382757034,0.21112170111132497,37,0.0058404610496280585,True,3,blue
117.69999999990709,0.1600594913332823,0.004517700009349518,0.21107699795209986,37,0.0057070028011907605,True,3,blue
117.71999999990705,0.16005860454657095,0.004676555332004825,0.2110294870729046,37,0.00615190626647335,True,3,blue
117.739999999907,0.16005898293312223,0.004836245460111953,0.21098189826421007,37,0.006038378703495994,True,3,blue
117.75999999990695,0.16005840243838704,0.004991426223106089,0.21093728185261643,37,0.005913843042096162,True,3,blue
117.7799999999069,0.16005742181876392,0.005149276469178312,0.21089458676939024,37,0.0059597286623110975,True,3,blue
117.79999999990686,0.16005814791049677,0.0053077242647056625,0.21084646055647835,37,0.006139480169129438,True,3,blue
117.81999999990681,0.16005872883828232,0.005466074989190995,0.21079207883532375,37,0.006011900316481216,True,3,blue
117.83999999990677,0.16005780834053301,0.0056242563641466575,0.21074479875418795,37,0.005975188301375666,True,3,blue
117.85999999990672,0.16005835536399388,0.00578237553369867,0.2107016238567271,37,0.0058204499880300355,True,3,blue
117.87999999990667,0.16005895466755973,0.005939216602656801,0.21065015351418803,37,0.006064274226895235,True,3,blue
117.89999999990663,0.16005832720863583,0.006095877560107494,0.21059836707212687,37,0.00607314366872911,True,3,blue
117.91999999990658,0.16005863173470064,0.006254801298497355,0.21055316195757365,37,0.00590015763269723,True,3,blue
117.93999999990653,0.1600588138240035,0.006410692228832508,0.21050747655655355,37,0.005790803426308592,True,3,blue
117.95999999990649,0.1600572371982827,0.006570802376256497,0.21046051381670786,37,0.005915847731291596,True,3,blue
117.97999999990644,0.16005808762850032,0.006729297532866744,0.21041405051524592,37,0.006326060099978899,True,3,blue
117.9999999999064,0.16005844866105376,0.006885925332235016,0.21035865008162286,37,0.0062061969284649314,True,3,blue
118.01999999990635,0.16005808227759416,0.0070455070126306234,0.21030945681203891,37,0.005999808569357976,True,3,blue
118.0399999999063,0.1600590335139669,0.007202395684401008,0.21026327280612755,37,0.006168310258904931,True,3,blue
118.05999999990625,0.16005953022902575,0.007359040925138711,0.21021544593792713,37,0.0062452703421577715,True,3,blue
118.0799999999062,0.1600594676144933,0.007517156340973926,0.21017089122940896,37,0.005951317355640527,True,3,blue
118.09999999990616,0.16005812464520347,0.007677157466936537,0.21012960258699412,37,0.005841605457036671,True,3,blue
118.11999999990611,0.160057238924047,0.007833607730974693,0.21010010995740308,37,0.005719378136029258,True,3,blue
118.13999999990607,0.16005751928347167,0.007992171835405999,0.21007398515635392,37,0.005676893436535655,True,3,blue
118.15999999990602,0.1600569784898636,0.008151028052478668,0.21004419743081507,37,0.006037202750159162,True,3,blue
118.17999999990597,0.1600569606496808,0.00831011952273741,0.2100189287287906,37,0.005891236691633722,True,3,blue
118.19999999990593,0.1600583422353858,0.00847098072200305,0.21001158054601102,37,0.006092030186610961,True,3,blue
118.21999999990588,0.16005739956459855,0.00863598963459566,0.21003142692044496,37,0.005476391231257736,True,3,blue
118.23999999990583,0.16005571474068303,0.008799519484353764,0.21008795412090367,37,0.005925588224120607,True,3,blue
118.25999999990579,0.16005457595109845,0.008960611179870005,0.21016131181617315,37,0.005571253604081354,True,3,blue
118.27999999990574,0.16005229868802448,0.009115921704922283,0.21024268029169843,37,0.005349720409822926,True,3,blue
118.2999999999057,0.16005038247578612,0.009276216124159898,0.21032675918101174,37,0.005169200792666747,True,3,blue
118.31999999990565,0.16004863433087754,0.009436604779088687,0.2104008060198098,37,0.005320645159920918,True,3,blue
118.3399999999056,0.16004809788176572,0.009593673841883562,0.2104616959378904,37,0.004853661587884085,True,3,blue
118.35999999990555,0.16004791767206317,0.00974824968750213,0.21051453429410796,37,0.005290830960718969,True,3,blue
118.37999999990551,0.16004841310898565,0.00990368762192582,0.21055939112129207,37,0.005279884764121291,True,3,blue
118.39999999990546,0.16004787231435474,0.010059743052318921,0.21060588390920665,37,0.004734282919791972,True,3,blue
118.41999999990541,0.1600469987022951,0.010216620434538935,0.2106563353060037,37,0.005097625776242194,True,3,blue
118.43999999990537,0.16004655018718056,0.010375363664076646,0.21070582984956523,37,0.005161234253769209,True,3,blue
118.45999999990532,0.1600462495652017,0.010535019713368317,0.21075020961298488,37,0.004975264795357135,True,3,blue
118.47999999990527,0.16004544879461066,0.010690871129415556,0.21079394853693845,37,0.004766117007837279,True,3,blue
118.49999999990523,0.16004532298776833,0.010848955702527944,0.21084466084163975,37,0.005003314836709165,True,3,blue
118.51999999990518,0.16004456534111983,0.011007652551909936,0.2108878422913086,37,0.004663343946392265,True,3,blue
118.53999999990513,0.16004459796931833,0.011167186488787235,0.21093616362414577,37,0.004907174190888953,True,3,blue
118.55999999990509,0.16004619637075465,0.01131969961472748,0.21097722198279303,37,0.0050356958806398785,True,3,blue
118.57999999990504,0.16004637665318575,0.01147971421194118,0.2110146252986327,37,0.004638866451598066,True,3,blue
118.599999999905,0.16004638170816318,0.011636990784972927,0.21106128339209948,37,0.004966962973719953,True,3,blue
118.61999999990495,0.1600456901356183,0.011797407862136742,0.21110893560397684,37,0.004751770525030922,True,3,blue
118.6399999999049,0.16004563816756145,0.011955731521096453,0.21115966138584696,37,0.004988915336050395,True,3,blue
118.65999999990485,0.16004649544211044,0.01211184335078351,0.2112052163164507,37,0.005158388060847483,True,3,blue
118.67999999990481,0.16004678052742485,0.012266840425160954,0.21124785735927948,37,0.004810849296839084,True,3,blue
118.69999999990476,0.16004731499295316,0.012423673368904176,0.2112966566158583,37,0.005189040305576088,True,3,blue
118.71999999990472,0.16004625767690422,0.0125841690266507,0.2113403144285518,37,0.004664206007594068,True,3,blue
118.73999999990467,0.16004489079169282,0.012742442144763146,0.21139357252108834,37,0.0047697652374496,True,3,blue
118.75999999990462,0.1600445434027603,0.012903010637546982,0.21144908793291023,37,0.004733646877277416,True,3,blue
118.77999999990458,0.16004398308106815,0.013060176251530302,0.21149731977451547,37,0.004912094128231239,True,3,blue
118.79999999990453,0.16004439100997592,0.013217799329411294,0.21154372421093043,37,0.004817243930913705,True,3,blue
118.81999999990448,0.1600445171272788,0.013372931091293049,0.21158865872183624,37,0.0045700885853074275,True,3,blue
118.83999999990444,0.1600431100620742,0.013531105857140248,0.21163389724847448,37,0.004770552858625277,True,3,blue
118.85999999990439,0.16004460744631333,0.01368751120112836,0.21168522545719332,37,0.004680605975027073,True,3,blue
118.87999999990434,0.16004406417229827,0.013848132778582932,0.21172397222117498,37,0.004503678850717336,True,3,blue
118.8999999999043,0.1600439314831565,0.014003783307025909,0.21177205655081266,37,0.004469645837841433,True,3,blue
118.91999999990425,0.16004425341192408,0.01416014301220361,0.21181738777186296,37,0.004735312779449975,True,3,blue
118.9399999999042,0.1600448113876447,0.014319687993252898,0.21186083489324323,37,0.00456883097272937,True,3,blue
118.95999999990416,0.1600446418789257,0.014478069745700966,0.21190037600014172,37,0.004983529915335425,True,3,blue
118.97999999990411,0.16004596485899947,0.014635592580069993,0.21194368720904935,37,0.0053100482118413435,True,3,blue
118.99999999990406,0.1600456039820463,0.014794811026181085,0.2119839052128795,37,0.0046526163678924275,True,3,blue
119.01999999990402,0.1600459148404791,0.01495393503331478,0.21203945725685291,37,0.00507316413700646,True,3,blue
119.03999999990397,0.160045352593738,0.01510817896037678,0.212087821341593,37,0.00439252032363967,True,3,blue
119.05999999990392,0.1600451241108908,0.01526606590532056,0.21214773478120943,37,0.00489422392342382,True,3,blue
119.07999999990388,0.16004435207751472,0.015425264390357926,0.21219499438899816,37,0.004782857418092635,True,3,blue
119.09999999990383,0.16004492191011482,0.015583008696203467,0.21224602820302166,37,0.004756421380080739,True,3,blue
119.11999999990378,0.16004380192107137,0.015739211012160546,0.21228726422641472,37,0.004493818161714415,True,3,blue
119.13999999990374,0.1600437187188308,0.015899230315860623,0.21233992543696995,37,0.005008094550470742,True,3,blue
119.15999999990369,0.16004392819775853,0.016056381245828068,0.21238197752380084,37,0.004663816538928075,True,3,blue
119.17999999990364,0.16004371126438272,0.016213285622462586,0.21242966224816914,37,0.004914601628368977,True,3,blue
119.1999999999036,0.16004393251697524,0.016372048146910234,0.2124766542606101,37,0.004472706347994338,True,3,blue
119.21999999990355,0.16004353924171652,0.01653061506431328,0.21252219178060353,37,0.004660703517064875,True,3,blue
119.2399999999035,0.16004339173120238,0.01668660088399602,0.21256996697548772,37,0.004662012150211381,True,3,blue
119.25999999990346,0.1600425849775459,0.016842185710843907,0.21261677200547072,37,0.00471101774617234,True,3,blue
119.27999999990341,0.16004367783427437,0.01699877571751861,0.21266729414925556,37,0.004512718715023699,True,3,blue
119.29999999990336,0.16004364915252847,0.01715584887808905,0.21270780991226573,37,0.004729317769624226,True,3,blue
119.31999999990332,0.16004305397706747,0.017315060097048505,0.21275367521821617,37,0.00454596710338413,True,3,blue
119.33999999990327,0.1600428615085806,0.017475406085003784,0.2128036759652219,37,0.00459527457040957,True,3,blue
119.35999999990322,0.16004294800186825,0.017634883053746876,0.21284844393224428,37,0.004955165572897584,True,3,blue
119.37999999990318,0.16004391783921879,0.01777739923122845,0.2128885083565,37,0.0044741918687838216,True,3,blue
119.39999999990313,0.16004417158445905,0.017886913502364567,0.21290746126809018,37,0.004298849692548992,True,3,blue
119.41999999990308,0.160042047863166,0.017962279985697733,0.21292052535064457,37,0.0038468745060446867,False,3,blue
119.43999999990304,0.16003033565181352,0.01801048943944759,0.21292570124159385,37,0.0016368990878671402,False,3,blue
119.45999999990299,0.16002522285747028,0.018018195329211856,0.2129322476280117,37,0.00020117565999278197,False,3,blue
